,EST,SLV,ASM,GLP,USP,EGY,NOR,JOR,BLX,DMA,CRI,ZAF,TJK,GNQ,MLI,ISR,VGB,SWZ,SEN,BRB,SUD,ATG,DNK,SYR,AIA,MWI,BUN,KWT,GRD,TCA,TUR,ZMB,KGZ,PCE,ESH,MYT,BFA,BWA,LSO,CAN,TZA,LKA,BHR,CYM,PAK,SAU,ISL,NGA,SWE,GIN,MHL,BOL,PNG,FRE,NCL,NFK,THA,MNT,PSE,TKM,CHE,HND,FIN,GUF,DEU,NIC,MDA,VUT,MNG,ECU,GIB,GUM,BRA,COL,ERI,SGS,BEN,AFG,NRU,MDV,MUS,PCN,ATA,WSM,SVU,MTQ,IOT,SXM,URY,SLE,TMP,AUT,SLB,DDR,BES,HKG,FJI,YDR,GTM,NZE,CZE,BIH,AZE,ARM,QAT,BAT,YEM,DOM,DJI,CYP,PHL,HMD,MCO,COM,SSD,GHA,OMN,ESP,LTU,CHL,UZB,ZAR,KOR,GBR,BGD,ABW,TUV,SUR,SER,IRL,TGO,IND,MAC,LAO,ANT,TKL,CHN,NAM,VEN,ROM,SMR,TCD,VNM,HUN,SHN,TTO,LVA,BRN,MNP,ITA,FSM,RWA,CSK,MRT,JAM,KHM,PYF,CPV,FRA,RUS,BGR,SPE,BEL,UKR,MMR,MEX,GRL,ARE,GRC,AUS,KIR,COK,NLD,LCA,WLF,MSR,HTI,KNA,LBR,MKD,GMB,VAT,MDG,NZL,FRO,UGA,ZWE,IRQ,KAZ,POL,GEO,TON,GNB,CCK,ALB,DZA,PAN,GAB,AND,BLZ,SVK,BDI,NIU,LUX,PRK,LBY,MYS,IDN,LBN,BTN,ATF,CUB,BMU,STP,HRV,PLW,IRN,USA,CXR,JPN,BLM,ETF,PER,NPL,BHS,SOM,GUY,PRY,MAR,UMI,SVN,MLT,MOZ,SDN,PRT,CIV,NER,FLK,YUG,SGP,KEN,SPM,ARG,VCT,COG,CAF,BLR,ETH,SYC,AGO,BVT,CMR,TUN
1988,,0.0,,0.02314070351758794,0.0,0.0,0.010628140703517587,0.0,0.0005276381909547739,0.0,0.0,0.0,,0.0,0.0,0.02100502512562814,0.0,,0.0,0.0,,0.0,0.002236180904522613,0.0,0.0,0.0,0.0,0.000678391959798995,0.0,0.0,0.0,0.0,,0.0,0.0,,0.0,,,0.01678391959798995,0.0,0.0,0.0,0.0,0.0,0.0,0.06989949748743719,0.0,0.00271356783919598,0.0,,0.0,0.0,0.0,0.0,0.0,0.0,,,,0.007964824120603016,0.0,0.0,0.04806532663316583,0.0,0.0,,0.0,0.0,0.0,0.0,,0.0,0.0,,,0.0,0.0,0.0,0.0,0.005552763819095478,0.0,,0.0,0.0,0.00015075376884422112,0.0,,0.0,0.0,0.0,0.005351758793969849,0.0,0.0,,0.0,0.0,0.0,0.0,0.0,,,,,0.0,,0.0,0.0,0.0,0.0,0.0,,0.0,0.0,,0.0,0.00314070351758794,0.0002512562814070352,,0.0,,0.0,0.03826633165829146,5.0251256281407036e-05,0.0,0.0,0.0,0.0,,0.00871859296482412,0.05492462311557789,0.0,0.0,0.0,0.0,0.0,0.0,,0.0,0.0,,0.0,0.0,0.0,0.0,0.0,,0.0,,0.0021608040201005025,,0.0,0.0,0.0,0.0,0.0,0.0,0.0,0.0,,0.0,0.0,,,0.0,0.0,0.084321608040201,0.0,0.001256281407035176,0.007738693467336684,0.0,0.0,0.00015075376884422112,0.0,0.0,0.0,0.015527638190954774,0.0,0.0,,0.0,,0.0,0.02321608040201005,0.012060301507537688,0.0,0.0,0.0,,0.0,,0.0,0.0,0.0,0.0,0.0,0.0,0.0,0.0,0.0,,0.0,0.0,,0.0,0.0,0.001206030150753769,0.0,0.0,0.0,0.0,0.0,0.0,0.0,,,0.0,0.0,0.0,0.0010804020100502513,,0.0,0.0,0.0,0.0,0.0,0.0,0.0,0.0,,,0.0,0.0,0.0,0.011482412060301508,0.0,0.0,0.0,7.537688442211056e-05,0.0,0.0,0.0,0.0,0.0,0.0,0.0,,,0.0,0.0,,0.0,0.0
1989,,0.0,,0.007562814070351759,0.0,0.0,0.017085427135678392,0.0,2.5125628140703518e-05,0.0,0.0,0.0,,0.0,0.0,0.003592964824120603,0.0,,0.0,0.0,,0.0,0.0,0.0,0.0,0.0,0.0,0.0,0.0,0.0,0.019723618090452262,0.0,,0.0,0.0,,0.0,,,0.0007035175879396985,0.0,0.0,0.0,0.0,0.0,0.0,0.028618090452261307,0.0,0.0021608040201005025,0.0,,0.0,0.0,0.0,0.0,0.0,0.0010804020100502513,,,,0.012587939698492463,0.0,0.01698492462311558,0.03628140703517588,0.0,0.0,,0.0,0.0,0.0,0.0,,0.0008291457286432161,0.0,,,0.0,0.0,0.0,0.0,0.0,0.0,,0.0,0.0,0.016256281407035177,0.0,,0.0,0.0,0.0,0.004698492462311558,0.0,0.0,,0.0,0.050175879396984924,0.0,0.0,0.0,,,,,0.0,,0.0,0.0,0.0,0.00806532663316583,0.0,,0.0,0.0,,0.0,0.02394472361809045,0.004170854271356784,,0.0,,0.0,0.0012814070351758794,0.0,0.003542713567839196,0.0,0.0,0.0,,0.010150753768844221,0.0,0.08434673366834171,0.07467336683417086,0.0,0.0,0.0,0.0,,0.0,0.006306532663316583,,0.0,0.0,0.0,0.0,0.0,,0.0,,0.001256281407035176,,0.0,0.0008542713567839197,0.0,0.0,0.0,0.0,0.0,0.0008542713567839197,,0.0,0.0,,,0.0,0.005778894472361809,0.03510050251256282,0.0,0.0037939698492462314,0.04180904522613065,0.06208542713567839,0.0,0.00010050251256281407,0.0,0.0,0.0,0.014698492462311558,0.0,0.0,,0.0,,0.0,0.05437185929648242,0.03487437185929648,0.0,0.0,0.0,,0.0,,0.0,0.0,0.0,0.0,0.0,0.0,0.0,0.0,0.0,,0.0,0.0,,0.0,0.0,0.0,0.002763819095477387,0.0,0.0,0.0,0.0,0.0,0.0,,,0.0,0.0,0.0,0.0021105527638190956,,0.0,0.0,0.0,0.0,0.0,0.0,0.07628140703517589,0.0,,,0.0,0.0,0.0,0.010226130653266332,0.0,0.0,0.0,0.021859296482412062,0.0,0.0,0.0,0.0,0.0,0.0,0.0,,,0.0,0.0,,0.0,0.0
1990,,0.0,,0.01990049751243781,0.0,0.0,0.0056218905472636815,0.01318407960199005,0.0,0.0,0.0,0.0,,0.0,0.0,0.005074626865671642,0.0,,0.0,0.0,,0.0,0.0,0.0,0.0,0.02398009950248756,0.0,0.11942786069651741,0.0,0.0,7.462686567164179e-05,0.0,,0.0,0.0,,0.0,,,0.008009950248756219,0.0,0.006119402985074626,0.0,0.0,0.018059701492537314,0.0,0.003134328358208955,0.0,0.0025870646766169153,0.0,,0.0,0.0,0.0,0.0,0.0,0.0,,,,0.0,0.0,0.038308457711442784,0.002338308457711443,0.0,0.0,,0.10218905472636816,0.0,0.0027363184079601988,0.0,,0.00029850746268656717,0.0,,,0.0,0.0,0.0,0.0,0.03340796019900497,0.0,,0.0,0.0,0.0019154228855721392,0.0,,0.0,0.0,0.0,0.005870646766169154,0.0,0.0,,0.0,0.14980099502487562,0.0,0.0,0.0,,,,,0.0,0.0,0.0,0.0,0.0,0.0016666666666666666,0.0,,0.0,0.0,,0.0,0.006169154228855721,0.014875621890547263,,0.0001243781094527363,,0.0,0.0032587064676616916,0.001318407960199005,0.01818407960199005,0.0,0.0,0.0,,0.00818407960199005,0.0,0.022139303482587063,0.020572139303482586,0.0,0.0,0.0,0.0,,0.015049751243781094,0.0019402985074626865,,0.0,0.0,0.0,0.0,0.0,,0.0,,0.0,,0.0,0.0,0.0,0.0,0.0,0.0,0.0,0.0,,0.0,0.0,,,0.0,0.023930348258706467,0.010845771144278607,0.0,0.0,0.003980099502487562,0.12069651741293531,0.0,0.0,0.0,0.0,0.0,0.006069651741293532,0.0,0.0,,0.0,,0.016865671641791043,0.008756218905472636,0.006592039800995025,0.0,0.11611940298507463,0.0,,0.0,,0.0,0.0,0.0,0.0,0.0,0.0,0.0,0.0,0.0,,0.0,0.0,,0.0,0.0,0.016890547263681593,0.0,0.0,0.0,0.0,0.0,0.0,0.0,,,0.0,0.001318407960199005,0.0,0.0011691542288557214,,0.0,0.0,0.0,0.0,0.0,0.0,0.012164179104477611,0.0,,,0.06564676616915423,0.0,0.0,0.0037562189054726365,0.0,0.0,0.0,0.006567164179104477,0.0,0.011019900497512437,0.0,0.0,0.0,0.0,0.0,,,0.0,0.003432835820895522,,0.031641791044776116,0.006865671641791044
1991,,0.0,,0.004281392606265703,0.0,0.0,0.03930164590063068,0.00010254832589857971,0.002332974414192688,0.0,0.0,0.0,,0.0,0.0,0.0,0.0,,0.0,0.0,,0.0,0.007614213197969543,0.0,0.0,0.022842639593908632,0.0,0.03696867148643799,0.0,0.0,0.0008716607701379275,0.0,,0.0,0.0,,0.0,,,0.00015382248884786957,0.0,0.032136081628467414,0.0,0.0,0.0026662564733630724,0.0027175306363123623,0.011921242885709891,0.0,0.0018971440291237246,0.0,,0.0,0.0,0.0,0.0,0.0,0.004281392606265703,,,,0.0006665641183407681,0.0,0.023432292467825463,0.00843459980515818,0.0,0.0,,0.12672409372916987,0.0,0.00733220530174845,0.0,,0.005127416294928986,0.05095369943085679,,,0.0,0.0,0.0,0.0,0.08755063323591243,0.0,,0.0,0.0,0.006409270368661232,0.0,,0.0,0.0,0.0,0.024329590319438037,0.0,,,0.0,0.15571963287699328,,0.0,0.0,,,,,0.11081628467415269,,0.0,0.0,0.0,0.014959237040455315,0.005819617494744398,,0.0,0.0,,0.0,7.691124442393478e-05,0.000717838281290058,,0.00540942419115008,,0.0,0.00012818540737322462,2.5637081474644928e-05,0.017663949136030355,0.0,0.0,0.0,,0.010972670871148029,0.007691124442393478,0.0019740552735476595,0.044967440906527205,0.0,0.0,0.0,0.0,,0.00348664308055171,0.007691124442393478,,0.0,0.0,0.0,0.0,0.06565656565656566,,0.0,,0.0,,0.0,0.0,0.0,0.04604419832846229,0.0,0.0,0.0,0.0,,0.0,0.0,,,0.0,0.0211121365943701,0.025739629800543506,0.002845716043685587,0.01597190175870379,0.022022252986719993,0.06986104701840742,0.0,0.0,0.031123416910218943,0.0,0.0,0.020586576424139878,0.0,0.0,,0.0,,0.04891555145362252,0.03755832436035482,0.005665795005896529,0.0,0.03317438342819053,0.0,,0.0,,0.0,0.0,0.0,0.0,0.0,0.0,0.0,0.0,0.0,,0.0,0.0,,0.0,0.0,0.0032559093472799058,0.00033328205917038404,0.0,0.0,0.0,0.0,0.0,0.0,,,0.0,0.0018715069476490796,0.0,0.00182023278469979,,0.0,0.0,0.0,0.0,0.0,0.0,2.5637081474644928e-05,0.0,,,0.061093165154078866,0.0,0.0,0.0022304260882941088,0.0,0.0,0.0,0.0,0.0,0.006460544531610522,0.0,0.0,0.0,0.0,0.0,,,0.0,0.0003845562221196739,,0.0,0.031225965236117523
1992,0.0,0.0,,0.07513491075134911,0.0,0.0,0.047986716479867166,0.0782274802822748,0.0021585720215857203,0.0,0.0,0.004503943545039435,0.0,0.0,0.0,0.00012453300124533003,0.0,,0.0,0.1161892901618929,,0.0,0.0055002075550020756,0.0,0.0,0.0,0.0,0.005998339559983396,0.0,0.0,0.00020755500207555002,0.0,0.0,,0.0,,0.0,,,0.00022831050228310504,0.0,0.07781237027812371,0.0,0.0,0.03704856787048568,0.05253217102532171,0.011290992112909922,0.0,0.0017434620174346202,0.0,0.0,0.010024906600249066,0.0,0.0,0.0,0.0,0.0027604815276048153,,,0.0,0.0030925695309256956,0.0,0.010419261104192612,0.009941884599418846,0.0007471980074719801,0.0,0.0,0.0,0.0,0.0032586135325861354,0.0,,0.0015981735159817352,0.004213366542133666,,,0.0,0.0,0.0,0.0,0.01953092569530926,0.0,,0.0,,0.0027604815276048153,0.0,,0.0,0.0,0.0,0.006704026567040266,0.0,,,0.0049190535491905356,0.01764217517642175,,0.0,0.0,,0.0,0.0,0.0,0.0,0.0,0.0,0.0,0.0,0.018451639684516397,0.083395599833956,,0.0,0.0,,0.14632627646326277,0.0012660855126608553,0.0030095475300954753,0.004254877542548776,0.05049813200498132,0.0,0.0,0.0013283520132835202,0.0,0.0012453300124533001,0.0,0.0,0.0,0.0,0.0072021585720215865,0.0,0.05251141552511416,0.0008094645080946451,0.0,0.0,0.0,0.0003528435035284351,,0.0006434205064342051,0.00014528850145288503,,0.0,0.0,0.0028019925280199256,0.0,0.03792029887920299,0.0,0.0017434620174346202,0.0,0.0,0.0,0.0,0.0,0.0,0.06141552511415525,0.0,0.0,0.0,0.0,0.0,0.0,0.0,,0.0,0.026525529265255293,0.04673100871731009,0.007990867579908677,0.012764632627646327,0.0018887505188875052,0.004192611041926111,0.15869655458696555,0.0,4.1511000415110007e-05,0.05994188459941885,0.0,0.0,0.062204234122042346,0.0,0.0,,0.0,,0.0402656704026567,0.006631382316313823,0.012930676629306767,0.0,0.015525114155251143,0.0,0.0,0.0,0.0,0.0,0.0,0.0,0.0,0.03999584889995849,0.0,0.0,0.0,0.055188875051888756,,0.0,0.0,,0.0,0.0,0.008634288086342881,8.302200083022001e-05,0.0,0.0,0.0,0.0,0.0,0.0,0.007638024076380241,0.0,0.0,0.0,0.0,0.0049605645496056455,,0.0,0.0017227065172270653,0.0,0.0,0.0,0.0,0.0019510170195101704,0.0,0.0,0.00033208800332088005,0.019032793690327936,0.0,0.0,0.012411789124117893,0.0,0.0,0.0,,0.0,0.04470734744707348,0.0,0.0015151515151515152,0.0,0.0,0.0,0.0,,0.07369240348692403,0.0,,0.0,0.005334163553341636
1993,0.0,0.0,,0.00020382373323549793,0.0,0.0,0.0023235905588846763,0.00099873629285394,0.004090062913592325,0.008662508662508662,0.0,0.011009878656937479,0.0,0.0,0.0,0.0,0.0,,0.0,0.04286413109942522,,0.0,0.0018955607190901309,0.0,0.0,0.0,0.0,0.005228078757490522,0.03922587746117158,0.0,0.0012229423994129876,0.00443316619787208,0.0,,0.0,,0.0,,,0.016988708165178754,0.0,0.009355509355509356,0.0,0.0,0.00012229423994129877,0.06872256872256871,0.004603019308901662,0.0,0.002364355305531776,0.0,0.0,0.007724919489625372,0.0,0.0,0.0,0.0,0.01435938200644083,,,0.0,0.0011617952794423382,0.001386001386001386,0.02102441808324161,0.014868941339529575,0.0014063837593249358,0.039236068647833355,0.0,0.02116709469650646,0.0,0.002690473278708573,0.0,,0.0017121193591781826,0.004749092984387102,0.0,,0.0,0.0,0.0,0.0,0.040156672509613675,0.0,,0.0,,0.004351636704577881,0.0,,0.0011006481594716888,0.0,0.0,0.06427581427581427,0.0,,,0.0045656516244751534,0.1365822836411072,,0.004361827891239655,0.0,0.006135094370388488,0.0,0.0,0.0,0.0,0.0,0.0,0.0,0.0,0.08714483714483715,0.005870123517182341,,0.0,0.0,,0.0,0.0047083282377400025,0.011077819901349312,0.0,0.003261179731767967,0.0,0.0,0.016886796298561005,4.076474664709959e-05,0.049016210780916655,0.0,0.0,0.0,0.0,0.036192300898183254,0.0,0.010374628021686845,0.013020939491527727,0.0,0.0,0.0,0.0016102074925604336,,0.004259916024621907,0.003067547185194244,,0.0,0.0,0.005414917179623061,0.0,0.01028290734173087,0.0,0.006872256872256873,0.0,0.0,0.0,0.0,,0.0,0.012844292256056962,0.0,0.0,0.0,0.0006318535730300436,0.0,0.0,0.0,,0.0,0.0,0.005819167583873466,0.004800048917695976,0.05139415433533079,0.013513513513513513,0.006481594716888834,0.10679684209095976,0.0,0.0,0.022196404549345725,0.0,0.023235905588846764,0.002364355305531776,0.01136317312787901,0.0,0.0,0.0,,0.023653744241979534,0.04718519424401777,0.00012229423994129877,0.0,0.01491989727283845,0.0,0.0,0.0,0.0,0.0,0.0,0.0,0.0,0.002568179038767274,0.0,0.055908850026497085,0.0,0.09315763727528434,0.0,2.0382373323549794e-05,0.0,,0.0,0.0,0.007052301169948229,0.0,0.0,0.00872025872025872,0.0,0.0,0.0,0.0,0.017348796760561464,0.0,0.0,0.0,0.0,0.00393379805144511,,,0.018497003791121437,0.0,0.0,0.0,0.0,0.0042395336512983575,0.0,,0.004840813664343076,0.020891932656638537,0.0,0.0,0.007881184351772588,0.0,0.0,0.0,,0.0,0.004015327544739309,0.0,0.044464147405323874,0.10363417716358893,0.002741429212017447,0.020514858750152867,0.0,0.0,0.09867106925930456,0.0,,0.0,0.04511298628945687
1994,0.0,0.0,,8.152949329419917e-05,0.0,0.010150421915127798,0.006828095063389181,0.02122824181647711,0.00393379805144511,0.026415555827320532,0.023767206120147294,0.043363499245852186,0.0,0.0,0.0,0.025556099085510847,0.0,,0.0,0.12019043930808639,,0.0,0.0011414129061187884,0.0,0.0,0.01698191404073757,0.0,0.0,0.04076678488443194,0.0,0.0019363254657372305,0.0,0.0,,0.0,,0.0,,,0.004789857731034202,0.0,0.005727446903917492,0.10243773184949656,0.0,0.0,0.03452094628565215,0.0035872977049447637,0.0,0.001671354612531083,0.0,0.0,0.0015082956259426848,0.0,0.0,0.0,0.0,0.00012229423994129877,,,0.0,0.0017121193591781826,0.0355213811096164,0.0007541478129713424,0.0027227453698041933,0.0021401491989727285,0.0009172067995597407,0.0199339611104317,0.00299620887856182,0.0,0.010829834359246122,0.0,,0.0034853858383270147,0.014787411846235375,0.0,,0.0,0.0,0.0,0.0,0.018262606497900614,0.0,,0.0,,0.003750356691533162,0.0,,0.0031185031185031182,0.0,0.0,0.005523623170681994,0.0,,,0.015145462204285733,0.12350359409182947,,0.007300286712051418,0.0,0.05727446903917492,0.0,0.0,0.0,0.1139136874430992,0.0,0.0,0.0,0.0,0.08288492112021524,0.004422975011210305,,0.0,0.0,,0.0,0.00018344135991194815,0.04003607680078268,0.0003465003465003465,0.00014267661326484855,0.0,0.0,0.003465003465003465,0.0,0.0022216786922669273,0.0,0.0,0.010499300205182558,0.0,0.0003668827198238963,0.002262443438914027,0.038349435408258935,0.033165518459636105,0.0,0.0,0.0,0.0,,0.03311116546410664,0.006892639245580422,,0.0,0.0,0.0035754079871726935,0.0,0.0035261505849741143,0.008125772831655184,0.009212493036022448,0.0,0.0,0.0,0.0,,0.0,0.023837185601891478,0.0,0.0,0.0,8.152949329419917e-05,0.0,0.0,0.0,,0.0,0.0,0.02709836533365945,0.007034296740179093,0.0,0.022970934735640616,0.010680363621540092,0.038889568301333007,0.0,0.0,0.06025029554441319,0.0,0.0,0.0,0.0868391015449839,0.0,0.0,0.0,,0.09742298859945919,0.03839020015490604,0.0,0.03143981085157556,0.0017528841058252823,0.0,0.0,0.0,0.0,0.0,0.0,0.0,0.0,0.0016102074925604336,0.0,0.00199747258570788,0.0,0.057029880559292326,0.018884268884268883,0.0,0.0,,0.0,0.0,0.002099384452325629,0.0,0.0,0.008922383922383922,0.0,0.0,0.002242061065590477,0.0,0.023011699482287717,0.0,0.0,0.0,0.0,0.00038726509314744605,,,0.003342709225062166,0.013742475507181388,0.0,0.0,0.0,0.0016509722392075332,0.004422975011210305,,0.0,0.09035438153085211,0.0,0.0,0.00012229423994129877,0.0,0.0,0.0,,0.0,0.005384343619637737,0.0,0.00016305898658839835,0.005217887570828747,0.0031796502384737677,0.041638810756457825,0.0,0.0,0.14676022176022177,0.0,,0.0,0.004748073865720924
1995,0.0272818066935714,0.09311007840419605,,0.004117239411357059,0.0,0.0017223105458399576,0.008774611715788186,0.09543706602530133,0.0,0.06541383011971247,0.0026089437854143736,0.016693163751987282,0.0,0.0,0.0,0.0008560596795890913,0.0,,0.0,0.0887907137907138,,0.0,0.001569442745913334,0.0,0.0,0.08378174554645143,0.0,0.0,0.006206432677020912,0.0,0.0021605315722962783,0.06729240552769965,0.00026497085320614734,,0.0,,0.037136684195507724,,,0.018660062777709836,0.0,0.0,0.15024866495454728,0.0,0.0024051200521788755,0.132274808745397,0.005747829277241042,0.0,0.0,0.04249724837960132,0.0,0.0009172067995597407,0.0,0.0,0.0,0.0,4.076474664709959e-05,,,0.0,0.0,0.004249724837960132,0.024316171374994904,0.004667563491092903,0.0003261179731767967,0.00010191186661774896,0.00419367331132037,0.0,0.0,0.12578641990406694,0.0,,0.013228160286983816,0.016040927805633688,0.0,,0.0,0.0,0.0,0.012637071460600871,0.012779748073865721,0.0,,0.0,,0.00888671476906771,0.0,,0.0002853532265296971,0.0,0.0,0.008051037462802169,0.0,,,0.027964616199910315,0.0,,0.0014063837593249358,0.0,0.009253597488891607,0.0,0.0,0.0,0.02917736741266153,0.0,0.0,0.0,0.0,0.13791732909379967,0.0035940918293859464,,0.0,0.01679847268082562,,0.0,0.004392401451224981,0.0023847376788553257,0.0,0.018079165137988667,0.0,0.0,0.0047694753577106515,0.0,4.076474664709959e-05,0.0,0.0,0.13410582528229584,0.0,0.006196241490359137,0.006705800823447882,0.006094329623741388,2.0382373323549794e-05,0.0,0.0,0.0,0.0,,0.0,0.0467231937820173,,0.0,0.0,0.006226815050344462,0.0,0.007398801516448575,0.0,0.0,0.0,0.0,0.0,0.0,,0.0,0.04353674941910236,0.0,0.0,0.0,0.005044637397578574,0.0,0.0,0.0,,0.0,0.0,0.01282051282051282,0.003984753984753985,0.0,0.004066283478048184,0.010598834128245893,0.06395988748929925,0.0,0.0,0.04983490277607924,0.0,0.0,0.004728710611063552,0.03582202111613876,0.0,0.007337654396477926,0.013207777913660266,,0.04107048224695283,0.053829847947495006,0.0,0.008275243569361216,0.10828135828135828,0.0,0.0,0.0,0.0,0.0,0.0,0.0,0.0,0.002262443438914027,0.0,0.0,0.008662508662508662,0.09062003179650238,0.0,0.0004891769597651951,0.0,,0.0,0.0,0.00042802983979454566,0.0,0.0,0.0,0.0,0.0,0.00014267661326484855,0.0,0.0016917369858546328,0.0,0.0,0.0,0.0,0.0,,,0.014288043699808406,0.0,0.0,0.0,0.0,0.0,0.0,,0.004045901104724634,0.04600301659125188,0.009474406533230062,0.027536586360115772,0.0014063837593249358,0.06123884065060536,0.1587786881904529,0.0,,2.0382373323549794e-05,0.004086665851371733,0.0,0.026965879907056376,0.02393909746850923,0.010150421915127798,0.03241816477110595,0.0,0.042385145326321795,0.040163466634054866,0.0,,0.0017121193591781826,0.004321063144592557
1996,0.0037074274223953753,0.002722969293284739,,,0.0,0.022433077793138117,0.009404717020652674,0.0,0.00102634996439194,0.00410539985756776,0.06500565539776297,0.04209082149888987,0.0,0.0,0.15046499937162247,0.009153366008964853,0.0,,0.0,0.043330121625961775,,0.0,0.00018851325876586652,0.0,0.0,0.015950316283356372,0.0,0.0006912152821415106,0.001298646893720414,0.0,0.0,0.0064618155921410915,0.0005655397762975995,,0.0,,0.00997723876949716,,,0.005278371245444263,0.0,0.0,0.04404926479829081,0.0,2.0945917640651837e-05,0.09182690293661765,0.006954044656696409,0.012043902643374807,0.0005236479410162959,0.05307695530141175,0.0,0.0193959197352436,0.0,0.0,0.0,0.0,0.0,,,0.0,4.1891835281303674e-05,0.001131079552595199,0.03153407900800134,,0.002450672363956265,0.0,0.01943082959797802,0.0,0.006664292796000727,0.03148171421389971,0.0,,0.0025135101168782203,0.004272967198692974,0.0,,0.0,0.0,0.0,0.011530727661178837,0.01929119014704034,0.0,,0.0,,,0.0,,0.004084453939927108,0.0,0.0,0.015248628042394538,0.0,,,0.03241380754890872,0.0,,0.02050605337019815,0.0,0.00020945917640651835,0.0,0.0,0.0,0.02429377347688269,0.0,0.0,0.008807758367894098,0.0,0.05762571041570665,0.0,,0.0,0.021658078840434,,0.10614343764400318,0.006262829374554899,0.0,0.00803275941518998,0.02539692513929035,0.0,0.0,0.002974320304972561,0.0,0.011055953527990726,0.0,0.0,0.0176574085710695,0.021878010975660844,0.004744250345607641,0.04037849273176658,0.002660131540362783,0.007100666080180972,0.0,0.0,0.0,0.00010472958820325918,,0.0042834401575133005,0.000649323446860207,,0.0,0.0,0.006346613045117506,0.0,0.12837752921955511,0.004471953416279167,0.0,0.0,0.00037702651753173305,0.0,0.0060219513216874035,,0.0,0.020401323781994888,0.0,0.006357086003937832,0.0,0.0,0.004754723304427967,0.054843394355773394,0.0,,0.0,0.0,0.016484437183192997,0.0,0.0,0.0035817519165514643,0.004843743454400738,0.015615181601105945,0.0,0.0006074316115789033,0.07680867998827029,0.0,0.0,0.006828369150852499,0.08359166631756802,0.0,0.009261586583441552,0.003330400904863642,,0.01719659838297516,0.019312136064680994,0.01061958024381048,0.004964182480834485,0.03094759331406309,0.0,8.378367056260735e-05,0.0,0.0,0.0,0.0,0.0,0.004524318210380796,0.0,0.0027648611285660423,0.0003351346822504294,0.020558418164299777,0.14390892715009845,0.020924971723011186,0.0,0.0,,0.0,0.0,0.004042562104645805,0.0,0.0,0.0,0.0,0.0,0.0,0.0,0.09113568765447615,0.0,0.0,0.0,0.0,0.003204725399019731,,,0.005718235515897951,0.0,0.0,0.0,0.0,0.00012567550584391103,0.021417200787566502,,0.02247496962841942,0.1018285786100289,4.1891835281303674e-05,0.02385740019270244,0.016568220853755602,0.005212042506248866,0.06563054194070908,0.0,,0.0,0.09212014578358678,0.0,0.0,0.02286246910477148,0.0,0.10157722759834108,0.0,0.0,0.018359096812031336,0.0,,0.0,0.002199321352268443
1997,0.020324522083979165,0.010452012902685267,,,0.0,0.018589501906078505,0.005906748774663818,0.037231368606258634,0.0004189183528130367,0.0029952662226132125,0.05305950037004455,0.0015290519877675841,0.0,0.0,0.2834645944172147,0.028050074707106253,0.0,,0.0059172217334841435,0.03815298898244731,,0.0,0.000649323446860207,0.0,0.0,0.006954044656696409,0.0,0.08433873738008463,0.014389845419127812,0.0,0.0,0.004063508022286456,0.0,,0.0,,0.0060463882256014964,,,0.0,0.05903955985645065,0.0,0.0,0.0,0.004534791169201122,0.0,0.0025135101168782203,0.0002304050940471702,0.004377696786896234,0.06265971262200996,0.0,0.019745018362587796,0.0,0.0,0.0,0.0,0.0,,,0.0004608101880943404,0.0018013489170960579,0.0005655397762975995,0.004252021281052323,,0.00037702651753173305,0.013248292907712287,0.0,0.0,0.010081968357700416,0.02592057308030665,0.0,,0.011506290757264741,0.01459930459553433,0.0,,0.0,0.0,0.0,0.0009844581291106364,0.06956139248460474,0.0,,0.0,,,0.0,,0.006807423233211847,0.0,0.0,4.1891835281303674e-05,0.0,,,0.038833731305768504,0.0,,0.00027229692932847387,0.0,0.014148967366260316,0.0,0.003613170793012442,0.008734447656151816,0.0,0.0,0.0,0.0,0.0,0.08056149023222041,0.008235236619049614,,0.0,0.007690642760392666,,0.011897281219890244,0.0056065239551478085,0.0029952662226132125,0.0033513468225042937,0.002178375434627791,0.0,0.0,0.000649323446860207,0.0,0.021406727828746176,0.0,0.0,0.015897951489254745,0.028556267716755335,0.0027439152109253904,0.2282057726949018,0.0012358091407984584,0.01036822923212266,0.0,0.0,0.0,0.0,,0.012372055353078351,0.003634116710653094,,0.0,0.0003979724351723849,0.002080627818971416,0.0,0.03625738343596833,0.010350774300755448,0.0036864815047547234,0.0,0.00010472958820325918,0.0,0.013723067040900394,,0.0,0.027156382221105106,0.0,0.012050884615921692,0.0713208495664195,0.00014662142348456286,0.0,0.0196786896233924,0.0,,0.0,0.0,0.011160683116193988,0.00035608059989108125,0.0,0.0027439152109253904,0.006346613045117506,0.04857358300867161,0.0,0.00010472958820325918,0.05855431276444221,0.0,0.0,0.01842193456495329,0.035817519165514636,0.0,0.00755798528200187,0.08291441498052031,,0.01316450923714968,0.057852624523480375,0.003424657534246575,0.04530078337731976,0.026957396003518912,0.0,0.00261823970508148,0.0,0.003084286372585983,0.0,0.0,0.0,0.0031523606049181016,0.006168572745171966,0.0009216203761886808,0.004126345775208412,0.01626101406169271,0.027973273009090523,0.011907754178710568,0.004227584377138229,0.0,,0.0,0.0,0.0033094549872229903,0.01026699063019284,0.006500216441148953,0.0,0.0,0.0,0.0,0.0,0.004272967198692974,0.0,0.0037702651753173306,4.1891835281303674e-05,0.0,0.0030581039755351682,,,0.004210129445771019,0.0,0.09193163252482091,0.0,0.0712370658958569,0.0,0.007016882409618366,,0.006995936491977713,0.11192101992654963,0.0006074316115789033,0.020575873095666986,0.005592560010054041,0.008147961962213564,0.03469691257173977,0.0,,0.0,0.0016023626995098656,0.0,0.002262159105190398,0.02488025917082094,0.0,0.16707511206065936,0.0,0.0010891877173138955,0.009247622638347787,0.0,,0.019249298311759037,0.0
1998,6.283775292195552e-05,0.00043986427045368857,,,0.0,0.003916886598801893,0.009197518673451815,0.00010472958820325918,0.0024925641992375688,0.0,0.01049390473796657,0.002660131540362783,0.0,0.0,0.1511379036166683,8.378367056260735e-05,0.0,,6.283775292195552e-05,0.06528207803814196,,0.0,0.0014662142348456286,0.0,0.0,0.010641551154436591,0.0,0.008752820671571458,0.19702511222085176,0.0,0.001152025470235851,0.007462254172328172,0.004272967198692974,,0.0,,0.02016901602486622,,,0.0,0.011326174000548764,0.0,0.0,0.0,2.0945917640651837e-05,0.2832705724489871,0.021947608547457736,0.002831888065016128,0.0003979724351723849,0.0051736416572410035,0.0,0.012148632231578065,0.003991726695006826,0.0,0.0,0.0,2.0945917640651837e-05,,,0.004251983499815597,0.0023878346110343092,0.004168237610489715,0.015122952536550625,,0.002702023375644087,0.004843194870843483,0.009191742968606111,0.0,0.007959448703447699,0.0232021142136357,0.0,,0.002827698881487998,0.002974320304972561,0.0,,0.07695288352885435,0.0,0.0,0.0024270333997618147,0.023633378616412425,0.0,,0.0,,,0.0,,0.0,0.0,0.0,0.0039542401519277225,0.0,,,0.050418968224045534,0.0,,0.0030581039755351682,0.0,0.005845608154895573,0.0,0.003517676450314379,0.0,0.03346453803940367,0.0,0.0,0.0,0.0,0.1367534560729232,0.01459930459553433,,0.0,0.007223557864502944,,0.01021039904228218,0.01249773539267067,0.0014452683172049767,0.0018722464130318107,0.0005027020233756441,0.0,0.0,2.0945917640651837e-05,0.00012567550584391103,0.00866066945545614,0.0,0.0,0.0033094549872229903,0.008566880315026601,0.0005236479410162959,1.0807043221668897,0.0008797285409073771,0.009016427502739961,0.0,0.0,0.0,0.0,,6.283775292195552e-05,0.0025135101168782203,,0.0,0.0,0.006629382933266307,0.0,0.0,0.0062209375392735956,0.016004487020573485,0.0,0.0,0.0,0.0032885090695823384,,0.0,0.028919928743983046,0.0,6.283775292195552e-05,0.06556639707324644,0.0034796745711663394,0.009341598175329481,0.029191677089754252,0.0,,0.0,0.0,0.002806752963847346,2.0945917640651837e-05,0.0,0.007471605534446984,0.0025135101168782203,0.028055515205194736,0.0,0.001131079552595199,0.02613947756589455,0.0,0.0,0.0,0.0,0.0,0.004957648843350667,0.11628547433184863,,0.014838669887683335,0.02734600624823071,0.006292050894287918,0.008613061076300992,0.0,0.0,0.0,0.0,0.0006074316115789033,0.0,0.0,0.0,0.04588914755434801,0.0,0.0,0.0012148632231578065,0.00685993764101091,0.008797285409073772,0.00035608059989108125,0.0,0.0,,0.0,0.0,0.0029114825520506053,2.0945917640651837e-05,0.0147046190372821,0.02509031680201719,0.0,0.0,0.0,0.0,0.00014662142348456286,0.0,0.002943051042209017,2.0945917640651837e-05,0.0,0.0030371580578945163,,,0.010521237951488046,0.008106070126932262,0.18852317439646946,0.0,0.10395028370081782,0.00025135101168782207,0.005278371245444263,,0.0,0.5541478938402846,0.0,0.009739851702903105,4.1891835281303674e-05,0.00534975524062085,0.010640526161451133,0.0,,0.0,0.006901966220435344,0.0,0.00014662142348456286,0.011233450047337853,0.0,0.01201183392964215,0.004840057516945792,0.005258272632726498,0.09848068673631066,0.0,,0.0,0.0
1999,0.0,0.002150793497993337,,,0.0,0.0031548360315483606,0.00031133250311332503,0.010543794105437942,,0.03756747838719851,0.00039435450394354507,0.008821087588210876,0.0,0.0,0.010975179108886783,0.00024906600249066007,0.0,,0.009912462208734124,0.11843481621557979,,0.07370511364382452,0.0004566210045662101,0.0,0.0,0.015463000400733902,0.0,0.008655043586550436,0.026027566792569547,0.00014528850145288503,0.0,0.007040377672551333,0.0,,0.0,,0.055933440517691155,,,0.0029057700290577005,0.007151031336255862,0.0030718140307181407,0.0,0.0,0.0,0.0,0.010952893911629825,0.013725803968643322,0.00018679950186799502,0.0008302200083022001,0.0,0.007447861869882235,0.0,0.0,0.00031133250311332503,0.0,0.0027812370278123702,,,0.0006434205064342051,8.302200083022001e-05,2.0755500207555003e-05,0.009193430929109635,,0.0,0.0,0.016857528563081276,0.0,0.003223482677094135,0.028251449878259557,0.0,,0.0031755915317559155,0.0025736820257368205,0.0,,0.0,0.0,0.0,0.0030718140307181407,0.060808508347424906,0.0,,0.0,,,0.0,,4.1511000415110007e-05,0.0,0.0,0.0011000415110004151,0.0,,,0.04018887505188874,0.0,,2.0755500207555003e-05,0.0,0.00029057700290577006,0.0,0.014134495641344957,0.006721467327009046,0.027071107037930846,0.0,0.0,0.0,0.0,0.030552096305520964,0.0006849315068493151,,0.0,0.002123017675681545,,0.0024699045246990453,0.009750231576837687,0.0,0.006388673223612056,0.0048345274308573705,0.0,0.0,0.005375674553756746,0.003273884399351398,0.0,0.0,0.0,0.00037359900373599005,0.006870070568700706,0.008988961548114726,0.10147699277807108,0.0029057700290577005,0.004218511240615849,0.0,0.0,0.0,2.0755500207555003e-05,,0.0,0.012741570211993626,,0.0,0.00022831050228310504,0.0023868825238688254,0.0,0.0018123183449899444,0.010984145449480554,0.0,0.0,8.302200083022001e-05,0.0,0.009810684005938163,,0.0,0.10113254325583093,0.0,0.005325278821542832,0.010419869784537497,4.1511000415110007e-05,0.0,0.006122872561228726,0.0,0.0,0.0030718140307181407,0.0,0.029815726798914848,0.00037359900373599005,0.6819146682825711,0.00823721106365235,0.030062471659607404,0.01573993732617643,0.0,0.0,0.22848756655341354,0.0,0.4951680072977189,0.0,0.019408048941050172,0.0,2.0755500207555003e-05,8.302200083022001e-05,,0.006060606060606061,0.022183059979377685,0.0004566210045662101,0.0005811540058115401,0.0032586135325861354,0.0,0.00010377750103777501,0.0,0.0,0.0,0.0,0.0,0.0035940626989817526,0.0,0.003147259396061778,0.0126217107573351,0.0029471584523441145,0.02152829666528296,0.01229389758343681,0.008654626309560015,0.0,0.005745757524015529,0.0,0.0,0.00840592155953668,0.0,0.003927995635654415,0.0033443048464841746,0.0,0.019133982570451465,0.0,0.004100979102535765,6.226650062266502e-05,0.0,0.0,0.0,0.0,0.00012453300124533003,,,0.0034661685346616855,0.009710113038426177,1.0625963450103952,0.0,0.02233875234682482,0.01396214884642087,0.0029265255292652555,,0.0,0.17412084481971976,0.014555226552424558,0.022983007427531926,0.0033623910336239107,0.0012038190120381902,0.036063701113437215,0.0,,0.0026982150269821504,0.01849867411515633,0.0,0.0028818014637662513,0.040264051974933934,0.0,0.011725804867149825,0.00020755500207555002,0.010139061851390619,0.05398276368251818,0.0,,0.0,0.0029472810294728104
2000,0.0,0.0,0.0,,,0.0072815259016185095,5.5978504254366315e-05,0.008920687216703778,,0.104542879477291,0.004011792804896253,0.003116136736826392,0.003048727696394571,0.0,1.9964652453238487,0.0,0.0,0.007028474129907179,0.019676601916021975,0.03261153324347718,,0.12327553521188096,0.0,0.0,0.005583784770193894,0.002698476916177319,0.0,0.17844451232980865,0.09709042472826569,0.003535772579991179,0.002998529792889145,0.018922925090891884,0.006549656466264958,,0.0,0.0017420335211538681,0.0,0.009830149738979839,0.002024664384841606,0.012671794664172748,0.00487012987012987,0.01676446197583022,0.0230772447871082,0.0,0.0,0.23692439723724595,0.012297465519532853,0.019728712959512333,0.03854041728847709,0.002500373190028362,0.0,0.0,0.00018659501418122107,0.0,0.0030601582325720253,0.0,0.0062136139722346615,,0.0015392989895218233,0.0,0.0032654127481713687,0.0,0.011540057506806275,,0.0,0.003134796238244514,0.011285219190001401,0.03587941573793829,0.003036598333704244,0.00679548548306945,0.0,0.0,0.00039184952978056425,0.0015575710214204325,0.0,0.0,1.8659501418122106e-05,0.0,0.0,0.00811752106867445,0.049956854980472955,0.0,0.0,0.0,,,0.0,,0.0,0.05005960176974507,0.0,0.0002798925212718316,0.0,,,0.013570604766950212,0.008889295971922983,,0.006152260219002499,0.0,0.02526959277267159,0.0,0.0,0.0,0.1219748013272034,,0.0,0.0,0.0,0.03226658183727609,0.0035115682891936812,0.0,,0.049755327696926595,,0.0047682010313027405,0.004573971900307809,0.003507986266606956,0.0,0.0,0.0,0.0,0.0,0.0,0.027582112483310425,0.004557276268539143,0.0,0.003046830017273367,0.0027607656349984,0.0033213912524257348,0.0030041797283176593,0.003134796238244514,0.018898876008022557,0.0,0.0,0.0,0.0,0.12536975023340471,0.01607010222241973,0.003153455739662636,0.0,0.0,0.0,0.0,0.0,0.015879235706821912,3.731900283624421e-05,0.0,0.0,0.0034893027894480036,0.0,0.0,,1.8659501418122106e-05,0.011595539271450205,0.0,0.0034050702308091475,0.018416649474034888,0.0,0.0,0.0196676762059655,0.0,0.0,0.0,0.0,0.0,0.0,1.0072352969486482,0.00020525451559934318,0.0035175329792667322,0.0,0.0005597850425436632,0.0,0.10204948697117962,0.0,0.5003396226686722,0.0,0.03575977381894676,0.0,0.020653624993193894,0.01960727229745104,0.0,0.058410579437956335,0.17733923106293198,0.0,0.023754122932844183,0.025335516365527746,0.0,0.00024257351843558737,0.0,0.010452240568234948,0.0169255113978399,0.0,0.0,0.0030496188179402525,0.0,0.0,0.0011755485893416926,0.0027242872070458277,0.10072449756063925,0.10325887457063028,0.013783110361630092,0.0,1.8659501418122106e-05,0.0,0.0,0.013793573544873004,0.0,0.0,0.0,0.0,0.0,0.0,0.006621892365566794,0.055176886059938715,0.0,0.0,0.0,0.0,0.0,,,5.5978504254366315e-05,0.003134796238244514,0.7549763444453731,0.0,0.02512471222142001,0.00852705894269934,0.0030788177339901475,0.0,0.000522466039707419,0.06138233052566982,0.002798925212718316,0.010194153458539934,3.731900283624421e-05,0.0,0.0,0.0,,0.0,0.003694581280788177,0.0,0.005627971541713605,0.31465390622865164,0.0,0.009499587552809852,0.0,0.009551499020542907,0.20843037866046457,0.0,0.0,0.04758903196069793,0.0016692702164716204
2001,0.0,0.0,0.0,,0.0,0.003662868136747077,0.00012949533816782594,0.007063662374821173,,0.00953076879708521,0.013083653988456415,0.0,0.0,0.0,0.011298468255142814,0.007140742933254403,0.0,0.3762348305461002,0.0022106704158650287,0.046529833259336004,,0.0,0.0,0.0,0.021485566995778627,1.2745239504711163,0.0,0.45813829749748064,0.007164527791285226,0.014067510236298162,0.0,0.0,0.00035148734645552756,,0.0,0.011272260865275515,0.0006104780227911794,0.0071446189841927596,0.007427482610626017,0.003255882788219624,0.030486902471511028,0.025621577623205563,0.0,0.0,0.0,0.4975131609547766,0.029235114202555375,0.006474943092524859,0.0076957229539736565,1.8499334023975136e-05,0.0,0.0003144886784075773,0.0049038651275220765,0.0,0.005198312860737013,0.0,0.006215776232055646,,0.010582764258581928,0.0,0.00601228355779192,0.007106827487543781,0.0005179813526713038,,0.0,0.011121975799347414,0.01939963494647526,0.0,0.007581643727492476,0.00270090276750037,0.0,0.0,0.0059567855557199935,0.005205653866302083,0.01953468008485028,0.0,0.0,0.0,0.0,0.0,0.0038786937003601205,0.0,0.0,0.00035148734645552756,,,0.0,,0.0,0.0,0.0,0.0,0.0,,,0.014634514824133,0.033767451038429284,,0.0201642740861329,0.0,0.00027749001035962703,0.0,0.017592866656800356,0.015961533718119484,1.8499334023975136e-05,,0.006022120505249112,0.003107888116027823,0.0,0.026833284001775936,0.014922796112673276,0.0,,0.00502256918750925,,0.0236606482166642,0.007418232943614029,0.004600167727295152,0.0021613388584677618,0.0,0.0,0.0,0.1262573380691628,0.0,0.0,0.00036073701346751516,0.0,0.03262357555128016,0.00027749001035962703,0.003642695053454266,0.0,0.00042548468255142815,0.22194113511913593,0.0,0.0,0.0,0.0,0.012301616665609562,0.0001479946721918011,0.003107888116027823,0.0,0.0,0.0,0.0,0.0,0.0010174633713186324,0.018098515120122345,0.024184605147865468,0.0,0.00608628089388782,0.0,0.01795977011494253,,0.0,0.2904592767993685,0.016051255488135758,0.012699792807458933,0.0037707809185535987,0.0,0.0,0.0,0.0,0.003407136866882316,0.0,0.0,0.0,0.0037553648068669528,0.014780967885156133,0.002682403433476395,0.003274382122243599,0.0,0.07213506980415373,0.0,0.07581203267158573,0.0,0.1345642437824619,0.0,0.07941394109812047,0.0,0.00022199200828770165,0.13549850419670584,0.0,0.18434740516008088,0.006305189679838193,0.006431601795668689,0.012067732228306448,0.010795594691924424,0.0,0.0,0.0,0.002848897439692171,0.0159233017611366,0.0,0.0,0.003644368802723102,0.0,0.0,0.006727591140052291,0.018655036752010263,0.03007683390064624,0.008953677667603965,0.014540476542844457,0.0,0.030762850870701988,0.0,0.0,0.003912300823837009,0.0,0.03726690839129791,0.0,0.0,0.005953026960870678,0.0,0.0030893887820038477,0.016338186031652064,0.0,0.0,0.0,0.0,0.0,,,0.0,0.0,0.10308612937553298,0.0,0.009594987913768439,0.0024739482394506808,0.0030153914459079474,0.0,0.008269202308716885,0.0,0.0006104780227911794,0.004194723989936362,7.399733609590054e-05,0.031254624833505995,0.007433649055300676,0.0,,0.01452823174556192,0.007498396724384588,0.0,0.0038879433673721076,0.13320308921259766,0.0,0.0005549800207192541,0.0,0.025009866311479452,0.0076463913965763896,0.0,0.0,0.02119869518030684,0.0030893887820038477
2002,0.0,0.0,0.0,,0.0,0.0029712776493892373,0.010767518922025357,0.025905893247975348,,0.008382139118355685,0.020450504034195023,0.006052602619126224,0.0,0.0,0.0,0.003499504787058435,0.0,0.018443494194567166,0.0,0.02895498559496578,,0.0,0.0034756612009830892,0.0,0.02707382428412471,0.009042177819001853,0.0,0.3063775568590142,0.021763325924490227,0.015580145891304688,0.0,0.00038516562121712335,0.003497059291050707,,0.0,0.011082682220021275,0.007275350622990107,0.003809809819769103,0.014315933629238347,0.0031363486299108615,0.036482215130283796,0.003073377107711872,0.22821429881515715,0.0,0.0,0.10286570050518552,0.021758549348788157,0.011168274580291746,0.01559226419741441,0.0,0.0,0.0002384358607534573,0.01639093699179536,0.0,0.1258553122287028,0.0,1.8341220057958254e-05,,0.007006346062140053,0.0,0.003173031070026778,0.007795018524632258,0.007539464191824707,,0.0,0.0030504069130678573,0.0037960211779954262,0.0,0.0,0.028177267018468732,0.0,0.0,0.00016507098052162428,0.005020736297560332,0.011771395033197612,0.0,0.0,0.0,0.0,0.0,0.003338102050548402,0.0,0.0,0.015479989728916767,,,0.0,,0.0,0.0,0.0,0.0035367986011762835,0.0066885189202785765,,,0.04301638593484089,0.14924648154261888,,0.0,0.0,0.00016507098052162428,0.0,0.0,0.06133605307425058,0.07970322873756347,0.0,0.0032280547302006527,0.00022009464069549904,0.0,0.008612032539071165,0.008783566616184641,0.0,,0.014097673110548646,,0.0,0.0,0.002952936429331279,5.502366017387476e-05,0.0,0.0,0.0,0.03395234951028942,0.0,0.0,0.00619933237958989,0.062245821258696786,0.006506242128559724,0.0027511830086937384,0.0,1.8341220057958254e-05,0.0031363486299108615,0.10997792278192849,0.0,0.0,0.0,0.0,0.019059366162370455,0.013435947023764785,0.012982526931024783,0.0,0.0,3.668244011591651e-05,0.0021116680905390053,0.0,0.055176503674357745,0.008877150508051795,0.05613344889095962,0.0,0.0,0.0,0.4776227944682875,,0.0,0.007386926378342699,0.006608952960884291,0.01772373231600699,0.0,0.0,0.0033747844906643187,0.0035031730310700264,0.0,0.003007960089505154,0.0031235841871915383,0.0,0.0,0.003022356491598265,0.1898549908206562,0.13553030580927578,0.0,0.0,0.02549394652398944,0.0,0.5496564630849864,0.0,0.014925895648356304,0.0,0.019768516335039933,0.0,0.002982544398853412,0.37861837336086296,0.0,0.2208955406380299,0.0,0.0,0.002861230329041488,0.06910054656835772,0.0,0.0,0.0,0.022810364012080746,0.007009402932149712,0.0,0.0,0.0005502366017387477,0.0032708509103358883,0.0,0.0,0.010379296430798577,0.0,0.002457723487766406,0.009766699680862771,0.0,0.0,0.0,0.0,0.003227814547557036,0.0,0.0035068412750816186,0.0,0.0,0.04594200506217673,0.0,0.007464876563589009,0.005997578958952349,0.0,0.0,0.0,0.0,0.003484831811012068,,,0.0031363486299108615,0.0,0.3091973896557368,0.0,0.0,0.001629043233808283,1.8341220057958254e-05,0.0,0.009687221060611617,0.003026301309563112,0.003301157593003087,0.031460825774130494,0.009354022229558709,0.005832507978430725,0.0032170063285943116,0.0,,5.502366017387476e-05,0.020503038528789604,0.0,0.0,0.01520734603710283,0.0,1.8341220057958254e-05,0.0033078827070243387,0.20843329298264918,0.026905522722348953,0.0,0.0,0.017512415259196376,0.012987112236039272
2003,0.0037787267467070413,0.003375814798228591,0.0,,0.0,0.0030601582325720253,0.0,0.01829626312384933,,0.017744687050273704,0.022932527242872067,0.003881176294969398,0.0,0.0,0.0,0.0,0.0,0.012322734736527839,0.0,0.01254942546506586,,0.0,0.003340050753843857,0.0,0.03201037468278848,0.0,0.0,0.07595850331519834,0.06226681697041082,0.003288115141563417,0.011942080907598148,0.003482173956311887,3.731900283624421e-05,,0.0,0.012280550935107585,0.0028549037169726824,0.021533375628203212,0.0,0.00011195700850873263,0.01841848285813803,0.003802495397322983,0.26898934458617807,0.0,0.00352423188014321,0.025335038089740265,0.001586057620540379,0.0007650395581430063,0.0,0.0,0.0,0.001940588147484699,0.0,0.0,0.00022391401701746526,0.0,0.0,,0.005936209384485246,0.0,0.0041610688162412295,0.10773881011509762,3.731900283624421e-05,,0.0,0.012878165895407273,0.00018659501418122107,0.0,0.006836841319599939,0.022279444693237796,0.0,0.0,0.0009702940737423495,0.002985520226899537,0.0,0.0,0.07504291819954602,0.0,0.0,0.0,0.022854290619068938,0.0,0.0,0.0746824774842016,,,0.0,,0.0,0.0,0.0,0.0027056277056277055,0.0038895730706075527,,,0.02487309208928108,0.016369980594118524,,0.0,,0.00042916853261680847,0.018698997362790466,0.0,0.012545903585144515,0.0050181484518699035,,0.002211150918047471,0.004890982468792588,0.0,0.25136005551645935,0.020865365477434443,0.0,,0.0032691446484549927,,0.007737586342602015,0.0003358710255261979,0.015491118077324973,0.0,0.0,0.0,0.0,0.006842439170025376,0.0,3.731900283624421e-05,0.12920429666119326,0.037316825894412105,0.0004029563758627798,0.0,7.463800567248842e-05,0.006306911479325272,0.0,0.14639566575303228,0.0,0.0,0.0,0.0,0.005849753694581281,0.047193610986714436,0.003209434243917002,0.0,0.0,0.0,0.0,0.0,0.24797339373092256,0.0,0.13702527001969994,0.0,0.0005411255411255411,3.731900283624421e-05,0.37201637079919175,,0.0,0.017552208100237648,0.02957157784743991,0.0,0.01039614121510673,0.0,0.008368786386027765,0.00319077474249888,0.0,0.0,0.0,0.0,0.0,0.0003358710255261979,0.19759773125130864,0.00035453052694432003,0.0,0.0,0.05488225854605164,0.006633452754142409,0.12620958832823487,0.0,0.02606670149773598,0.0,0.01667506344230482,0.0,0.013133401218376587,0.02266288890365245,0.0,0.058764892918777824,0.008165040382069045,0.0,0.00947902672040603,0.010248420162213265,0.0,0.0,0.0,3.731900283624421e-05,0.04710093546300442,0.0034840399064536994,0.0,0.012606359158083294,0.04130753050088024,0.0,0.004836720477114566,0.0021458426630840423,0.1851210669420477,0.09693051201671891,0.00016793551276309896,0.0,0.0067227073692590926,0.0,0.0,0.005784445439617853,0.0,0.0029870751853510466,0.0,0.0,0.005208171106066314,0.0,0.024311464397671293,0.00547832139580908,0.0,0.0,0.0034355252027665818,0.0,0.0,,,0.0,3.731900283624421e-05,0.17216971288567798,0.0,0.013162412300343353,0.0022018211673384084,1.8659501418122106e-05,0.0,0.0,0.02816147824824493,0.0010262725779967158,0.028524779817883286,0.0,0.16819971612448875,0.006454321540528436,0.0,,0.0,0.002798925212718316,0.0,0.0,0.025359808583050866,0.0,0.014847219879687434,0.003660238912701966,0.0013621436035229138,0.01529660758416916,0.0,0.0,0.004049111807732497,0.009377643429367567
2004,0.0,0.0,0.0,,,0.00848771697200316,0.0049220114124420644,0.010832720845217225,,0.018783635761311465,0.0,0.003209434243917002,0.0,0.0,0.007756019982525789,0.0,0.0,0.0520405216377381,0.0,0.04648739172166176,,0.0,0.0,0.0,0.02270817468534587,0.0,0.0,0.04066216350699109,0.21543639687904428,0.005523877850072394,0.0,0.008889099429237494,0.002369447113265683,,0.0,0.0,0.0,0.009441707717569785,0.0018623697838055994,0.0,0.04189267117091067,0.0018908847599806739,0.008242284384462825,0.0,0.00013061650992685474,0.029296803971848757,0.01248963711336421,0.0,0.0055358921402360725,0.030713499796110905,0.0,0.0030974772354082697,0.009737770457407056,0.0,0.003358710255261979,0.0,0.0032467532467532465,,0.0049951732051783,0.0,0.00319077474249888,0.005653509601393615,0.0,,0.0,0.022844105385237415,0.011937337641942368,0.0,0.009770876792439645,0.007071624827281948,0.0,0.0,1.8659501418122106e-05,0.0,0.0,0.0,0.0028411606414029946,0.0,0.0,0.0,0.01798800124574331,0.0,0.0,0.004933619483126785,,,0.0,,0.0,0.0,0.259799579944867,0.0,0.00024257351843558737,,,0.02892433052984342,0.020788204150101536,,0.007330483713854668,0.0,0.0030601582325720253,9.329750709061053e-05,0.022810813183350133,0.010900204289271402,0.021030170568347904,,0.004170348600463866,0.0,0.0,0.8682331377721068,0.01600017394895691,0.0,,0.012294621641467747,,0.0420709558640593,0.00319077474249888,0.0029941950642712236,0.013737625130090423,0.0,0.0,0.0,0.0,0.0,0.0,0.0,0.01043246814037889,0.3327124191427177,0.007837884198618198,7.463800567248842e-05,0.06392612199756371,0.0,0.43543803130139613,0.0,0.0,0.0,0.0,0.037240482088566305,0.014818778703223344,3.731900283624421e-05,0.0,0.0,0.0,0.0,0.0,0.026033747491038324,0.0,0.01263132694959395,0.0,0.00016793551276309896,3.731900283624421e-05,1.6160921109626725,,0.0,0.022504072958585485,0.00826904729656073,0.007505752434939626,0.002397658314447756,0.0,0.0,0.0,0.0,0.0,0.0,0.0,0.0,0.007887146989531673,0.12107677620064115,0.0034520077623525895,0.003134796238244514,0.0,0.0,0.0,0.2515339785464509,0.0,0.03398085452339888,0.0,0.00560582410403782,0.0,0.0021426197437361683,0.001800131996470968,0.0,0.040427638691811124,0.025743126873394383,0.0,0.17651557184066693,0.0019438034798049595,0.0,0.0028549037169726824,0.0,0.002226377479755436,0.003153455739662636,0.004811064809138492,0.0,0.0,0.006626678095833939,0.0,0.0063672291720321276,0.007840856091270913,0.4444275005926163,0.009255112703388566,0.0018551705214028848,0.0,0.0036199432751156885,0.0,0.0,0.0,0.0003358710255261979,0.0,0.0,0.0,0.00959897513628564,0.0,7.463800567248842e-05,0.0017700309036812294,0.0,0.0,1.8659501418122106e-05,0.0,0.005598748138212984,,,0.0,0.0,0.10244468956498655,0.0,0.003062963764228844,0.001691461719311025,0.0018421775376281314,0.0,0.00818783984442034,0.00638154948499776,0.003284072249589491,0.6559077323784027,0.0,0.006232273473652784,0.0,0.0,,0.0,0.5109718429493814,0.0,0.0,0.2643624706175455,0.0,0.0,0.008527392148081802,0.012623355180718419,0.010472356082241886,0.0,0.0,0.01943453734485978,7.463800567248842e-05
2005,0.0,0.0027643080720438145,0.0,,,0.0048974449228542955,0.0,0.041842000802663336,,0.07238090331841106,0.030437499583462316,0.006316953418435225,0.0,0.0,0.00024468285337850553,0.006218974262452523,0.0,0.2528378434097467,0.03540912931934954,0.10337143680244255,,0.13363217980462697,0.0,0.0,0.0,3.764351590438547e-05,0.0,0.0,0.0160716667230407,0.021323752736796216,0.0,0.003180877093920572,0.005681661333835248,,0.0,0.0030922579835623316,0.002593795388026519,0.0029691751735628573,0.0,0.0,0.01785323154048865,0.06669649176492286,0.018729255592286095,0.0,0.002604466138673299,0.0027996097466234694,0.004993719698123991,0.0,0.012878361850267521,0.005446343706964161,0.0,0.017769732472113425,0.0,0.0,0.0,0.0,0.0,,0.008626876918802389,0.0,0.003180877093920572,0.004005112721939374,0.01214038491682254,,0.0,0.003208447492514874,0.004551261942566289,0.0,0.0028044419348767172,0.009165834165834167,0.0,0.0,0.0030114812723508375,1.8821757952192734e-05,0.0,0.0,0.005942347920015093,0.0,0.0,0.042963179850559946,0.05990668291910527,0.0,0.0,0.032452160816473764,,,0.0,,0.0,0.0,0.17101203445360852,0.0,0.0090100649132816,,,0.019756065190847803,0.04564198227475653,,0.012554977195094106,,0.002973837756446452,0.0,0.0025725278026237927,0.008974901909684517,0.040839483883362226,,0.01012919153709024,0.0005458309806135893,0.0,0.04936566817408477,0.003124411820063994,0.0,,0.0,,0.005721814417466591,0.11214362587599934,0.008996800301148127,0.038578266736087184,0.0,0.0,0.0,0.005817170042233979,0.0,0.0,0.169598171326892,0.022104871209473128,0.0025033928303931988,0.0,0.046167944672841875,0.0,3.764351590438547e-05,0.0,0.0,0.0,0.0,0.0,0.10369999602890262,1.8821757952192734e-05,0.002056899446381286,0.0,0.0,0.0,0.0,0.0,0.00907621795740561,0.0,0.0,0.0,9.410878976096367e-05,3.764351590438547e-05,0.020573705918386705,,0.0,0.14919686926829784,0.017386072017739895,0.0,0.06799519830216613,0.000282326369282891,0.0,0.007912476408175084,0.0,0.0,0.006324688466479054,0.0,0.0030491247882552227,0.007527164522892195,0.35567731223640614,0.0,0.0,0.008047445360545304,0.011488624991056486,0.0,0.014244304546629033,0.0,0.18804784411958245,0.0,0.026523079541480574,0.0,0.0020139281008846226,0.0004648740403533815,0.0,0.26363719129383806,0.24657554890938585,0.0,0.02723118014323547,0.009417056348230994,0.0,0.0,0.0,0.007514545918978443,0.0070123038395048624,0.0027418117204960797,0.0,0.020294253628575103,0.0,0.0057206457755112,0.020544954985760557,0.007147844414881592,0.10042801376666008,0.0,0.0024251446299240324,0.0,0.0027511190027174675,0.0,0.0,0.0031414599892860763,0.00024468285337850553,0.0,0.05470764624495288,0.0,0.01376034807570663,0.0,0.0026329028184382975,0.0,0.0,0.0,0.0024886723843527913,0.0,0.0,,,0.005494742401292373,0.0,0.0,0.0,0.014204474979411038,0.0030679465462074154,0.0,0.0,1.8821757952192734e-05,0.0001693958215697346,0.0,0.0006299014994667169,0.0,0.0004329004329004329,0.0,0.0,,0.0,0.00538028869870302,0.0,0.0,0.16887392305844814,0.0,0.0030446287736425135,0.00223524322407681,0.0007284020327498589,0.056532294615691245,0.0,0.0,0.003128509967887022,0.000564652738565782
2006,0.0,0.0,0.0,,,0.0,0.0,0.010494951675418139,,0.05920822447250712,0.0005549800207192541,0.0,0.0,0.0,0.0014105668049839116,1.8499334023975136e-05,0.0,0.042971525545201186,0.10216496057838306,0.02928919875984353,,0.0,0.0,0.0,0.0020951464926060497,0.0036036937924131835,0.0,0.08754125876749502,0.008909725840460491,0.0017439079160281536,0.0,0.005383306200976765,0.001726733521197504,,0.0,0.006259047175926586,0.0,0.00521655084755061,0.0,0.005019171050815544,0.6454757215267979,3.699866804795027e-05,0.2428621703313315,0.0,0.0,0.0021778433601439863,0.009268166346011544,0.0024669768052554835,0.003126387450051798,0.0,0.0,0.002756400769572295,0.0,0.0,0.022355156919408727,0.0,3.699866804795027e-05,0.0,0.0,0.0,0.0001479946721918011,0.008353380848756661,0.0,,0.0,0.0,0.004434717405259271,0.008446088407713841,0.00011099600414385082,0.0011828212509373075,0.0,0.0,0.0009619653692467071,0.04311326974447584,0.0,0.0,0.0,0.0,0.0,0.006277538894089566,0.013817378802289674,0.0,0.0,0.016498226871168344,,,0.0,,0.0,0.0,0.0,0.0004624833505993784,0.0030708894479798726,,,0.359070470099274,0.0585824807369758,,0.0,0.0,0.0,5.549800207192541e-05,0.0,0.05748289316308252,0.048778854162816625,,0.03732919147044611,0.003107888116027823,0.0,0.0005226776275856303,0.0029413941098120466,0.0,,0.001548071678747566,,0.007402398017373259,0.10243542405553577,0.001990367587740215,0.0,0.0,0.0,0.0,0.005993784223767944,0.003107888116027823,3.699866804795027e-05,0.0,0.0,0.5861958086948227,0.01003511574686302,7.399733609590054e-05,0.0,0.0,0.006947899420845341,0.0,0.007883328782651999,0.0,0.0,0.04912489379981794,0.0,0.006906104848252502,0.0,0.0,0.0,0.0,0.0,0.002551730699863876,0.004617148222050078,0.0003254688119497954,0.0,0.003107888116027823,1.8499334023975136e-05,0.419973145655048,,0.0,0.03776516221099032,0.003126387450051798,0.008498100668309545,0.03157923485299456,0.0,0.0,0.0029413941098120466,0.0,0.0,0.0,0.0,0.00212105761092241,0.0,0.08251953813831134,0.0,0.0,0.0,0.0,1.8499334023975136e-05,0.14997086275475735,0.0,0.016923220974662756,0.0,0.3626552137268623,0.0,7.399733609590054e-05,0.0043897536615460815,0.0,0.039817822421874045,0.03795489780335902,0.0017286459024769502,0.004439227911403031,0.016325293657858578,0.0,0.0,0.0,0.0003699866804795027,0.0133952214749753,0.0,0.0,0.4838984721585231,0.0015388441100752741,1.8663632423062202,0.0,0.002075302204511437,0.029980545692478114,0.0,0.07976227656127018,0.0,0.0030083157175606412,0.0,0.0,0.0030893887820038477,0.0,0.0030338907799319225,0.005457303537072665,0.0,0.019136768178652952,0.0,0.006123300634062367,0.003007715417419194,0.0,0.006521023555015629,0.002219330148237363,0.0,0.0,,,0.003060203007844639,0.0,0.26417821052928786,0.0,0.0037096277196626355,0.007528365077208188,0.0,0.0,0.0011633316736543802,0.0028858961077401213,0.0001479946721918011,0.5535160986168473,0.0,0.00018499334023975135,0.025966472481377033,0.0,,0.0,0.009007723015496476,0.0,0.0,0.0,0.0,0.0,0.0,0.0,0.0,0.0,0.0,0.0,0.0
2007,0.0,0.0034547506289773567,0.0,,,0.009569529306468778,0.0,0.3112987325313433,,0.0176687880037184,0.0,0.003218884120171674,0.0,0.0,0.0,0.0023198164866064823,0.0,0.00012949533816782594,0.003144886784075773,0.03925422137184014,,0.29394257726635253,0.003237383454195649,0.0,0.003163386118099748,0.003359699288920837,0.0,0.07306932865612435,0.0008509693651028563,1.8499334023975136e-05,0.0023315327314883333,0.0,8.985390811645066e-05,,0.0,0.002528858961077401,0.011235108036110698,0.002112888221738303,0.0,0.0,0.028784809580188444,3.699866804795027e-05,0.12754196265601103,0.0,0.0035480841737316506,0.08874531350204727,0.00022199200828770165,0.0304236810128848,0.003144886784075773,0.0007399733609590054,0.0,1.8499334023975136e-05,0.0,0.0,0.0006104780227911794,0.0,0.003126387450051798,0.0,1.8499334023975136e-05,0.0,0.0023145750086330224,0.015446943910019238,0.011912954466972523,,0.0,0.025076684144132715,0.006521940210152434,0.003783774498403772,0.022772680183513392,0.0,0.0,0.0,0.002547622571301719,0.0,0.0,0.0,0.0004994820186473287,0.0,0.0,0.0,0.0030708894479798726,0.0,0.0,0.049934532193670896,,,0.0,,0.0,0.0,0.0,0.005396409895910413,0.013479231414335753,,,0.0367488683105821,0.2890304234761834,,0.0055178888560011834,0.0,0.003163386118099748,0.0,0.0,0.03578357012480884,0.003596768106915478,,0.06634580726456159,0.06130143474009095,0.0,0.05387892054608981,0.0,0.0,,0.0063868069797106365,,0.0,0.016571581063493677,0.003163386118099748,0.004524474618913719,3.699866804795027e-05,0.0,0.0,0.00048098268462335353,0.0,0.026997465591238737,0.003181885452123723,0.0,0.012770618829150721,0.003144886784075773,5.549800207192541e-05,0.0,0.0,0.04653353312614079,0.0,0.005667733461595382,0.0,0.0,0.05816683932711757,0.0,0.002254298011938237,0.0,0.0,0.0,5.549800207192541e-05,0.0,0.0012160228898426338,0.0032003847861476987,0.02715825563613043,0.0,0.0,3.699866804795027e-05,0.10295511444921311,,0.0019308679887524048,0.005257674901192734,0.061003425900477096,0.008833548733837324,0.055210768545088496,0.0,0.0,3.699866804795027e-05,0.0,0.0,0.002265397612352622,0.0,0.0029876424448719843,0.0023716146218736123,0.02262026843340666,0.003789126091460707,0.0,0.0073430023185831975,0.0,7.399733609590054e-05,0.008133386364757534,0.0,0.056063200772391346,0.0,0.048193071542930926,0.0,7.399733609590054e-05,0.01404196353693172,0.0,0.09954764723708043,0.0057859069670894445,0.004040562873069903,0.03248571146676815,0.3625915717034187,0.0,0.00029228947757880695,0.0002682403433476395,0.0,0.03884582655024419,0.0,0.0,0.005901287553648068,0.0,0.031579439245150415,0.0,0.0022681350887285468,0.02699515317448572,0.0,0.0024497743081249076,0.0,0.0008694686991268314,0.0,0.0,0.003107888116027823,0.0001479946721918011,0.0,0.003126387450051798,0.0,0.0,0.0,0.00993202816127191,0.0,0.0,0.0,0.0,0.0,0.0033692572781665576,,,0.0,0.0,1.0026985909667767,0.0,0.04867174781707858,0.07408639717541599,0.0038178000591978685,0.0,0.00923486754476839,0.01599421587489517,0.011863622909575254,0.07360537044475923,0.0,0.0,0.035947597553154756,0.0,,0.003126387450051798,0.00995495412165162,0.0,0.0,0.0,0.04211851290020226,0.0,0.0,0.0009989640372946574,0.15245825316955258,0.0,0.0,0.0,0.009138671007843718
2008,0.06062473602988047,0.0,0.0,,,0.0,0.003172115241080758,0.0068894514203515535,,3.731900283624421e-05,0.002569102353585112,0.00035453052694432003,0.0,0.0,0.0026574239936308893,3.731900283624421e-05,0.0,0.03284694232970095,3.731900283624421e-05,0.06746220158529821,,0.0,0.003022839229735781,0.0,0.0,9.329750709061053e-05,0.0,0.06182363915794278,0.0182909762651142,0.01340000995173409,1.8659501418122106e-05,0.0,0.008640593123351744,,0.0,0.007521645021645022,0.0,0.054886612429715875,0.03942255062944718,0.003134796238244514,0.003041498731153903,0.0,0.05973185496458564,0.0,0.0,0.39421727208267254,0.0,0.01221482061999303,0.002817584714136438,7.463800567248842e-05,0.0,0.0036348589150313284,0.0,0.0,0.0,0.0,0.0,0.0,0.0014181221077772801,0.0,0.013587226949295914,0.0,0.0032280937453351244,,1.8659501418122106e-05,0.025529618848584366,0.003910553048484083,0.0,0.0,0.0041923952484297314,0.0,0.0,0.0,0.0003172115241080758,0.0,0.0,1.8659501418122106e-05,5.5978504254366315e-05,0.0,0.012929168532616806,0.024426531323083048,0.0,0.0,0.01380834204110066,,,0.0,,0.0,0.0,0.0,0.0,0.021789632781012088,,,0.0366029325081049,0.016052638894667553,,3.731900283624421e-05,,0.008483853311439516,0.0,0.0016698133889132543,0.004086263353504732,0.2549695921169276,,0.028853187042842177,0.016054635020152263,0.0,0.0034495198288301758,0.020921032989998506,0.0,,0.009765031424514183,,0.003022839229735781,0.012011099625855559,0.00011195700850873263,0.002899212628276667,0.0,0.0,0.0,0.0,0.0,0.022037493158182812,0.005218433728285943,0.0,0.29014444601939005,0.003327611086231776,0.1185375926755236,0.11414919566509354,0.0,0.025557496359108537,0.0,0.0,0.0,0.0,0.0451592229609471,0.002985520226899537,0.0065494849977608596,0.0,0.0,0.0,0.0,0.0,0.006227297606607951,0.0,0.0009423048216151663,0.0,0.0,0.0,0.04885043513920026,,0.0031194021495745627,0.09563633376749144,0.004510145027386406,0.0,0.0,0.0,0.0,0.03129913668706774,0.0,0.00020525451559934318,0.0,0.0,0.00035453052694432003,0.005334440463750808,0.011017680321867515,0.0,0.008129011792804895,0.013195377419515349,0.005209421804249392,9.329750709061053e-05,0.0977544956329103,0.0,0.29553476960832514,0.0,0.019055393839876592,0.0,0.003153455739662636,0.09718605201419803,0.0,0.0011121062845200788,0.025277093596059112,0.001862911992222337,0.1978927877242924,0.09685960591133007,0.0027180673732397865,0.00016793551276309896,0.0,0.0,0.02113997113997114,0.0,0.0,0.011969017572465847,0.0,0.0936870463964059,0.019422480229130457,0.013743930877551566,0.0,0.0,0.0,0.0,0.02851202915858088,0.0,0.0,0.0,0.0,0.003041498731153903,0.005905421207145345,0.0,0.0,0.0,0.008169129720853856,0.0,0.0,0.0,0.003760822510822511,0.0,0.0,,,0.0,0.0,0.4941066653715005,0.0,0.03646418454412189,0.01655206814465659,0.0,0.0,0.0,0.01068443051201672,0.00248326864706175,0.053094938816221834,0.0005890114264498497,0.00016793551276309896,0.0053988157436433305,0.0,,0.0,0.019879246711143293,0.0,0.0,0.7397107094403329,0.0,0.003160919540229885,0.003172115241080758,0.0021568657806342547,0.0013901328556500969,0.0,0.0,0.010338607752400853,0.0
2009,0.0,1.8499334023975136e-05,0.0,,,0.00034223767944354,0.0,0.01826993507394116,,0.0009486047391182807,0.08789254225376021,0.009650485915840364,0.0,0.0,0.0,0.0,0.0,0.06532053179418874,0.002952025220598551,0.006965000226554017,,0.08666094072550848,0.0,0.0,0.0,0.009192363122546635,0.0,0.020145774752108922,0.0,0.010748729712397017,0.0,0.0035148734645552757,0.0070833949977800814,,0.0,0.006439309851512013,0.0,0.0,0.0028199151497212763,0.0030708894479798726,0.0029658997211165325,0.00018499334023975135,0.04140072911848467,0.0,0.0030986384490158353,0.0160663632775887,0.0,0.0029073184967072776,0.003255882788219624,0.0,0.0,3.699866804795027e-05,0.0,0.0,0.011950569779487937,0.0,9.249667011987568e-05,0.00616027822998372,0.007226764836465887,0.0,0.0030153914459079474,0.0,0.0030338907799319225,,1.8499334023975136e-05,0.05927957426865966,0.005882788219624093,0.0001479946721918011,0.0,0.008608316723974559,0.0,0.0,0.0063159809580188445,0.003181885452123723,0.0,0.0,0.00012949533816782594,0.0,0.0,0.0030160241071148274,0.005905355805459401,0.0,0.0,0.04416293156303515,,,0.0,,0.0,0.0,0.0,0.0,0.014415521950300693,,,0.012166106524087983,0.02292929794365214,,0.0002959893443836022,0.0,0.0030153914459079474,0.0,0.002789633501765365,0.04928200560970282,0.13270408235721978,,0.008915984427490985,0.3072014423714515,0.069854117239357,0.013461215589098307,0.0,0.0,,1.8499334023975136e-05,,0.005588516670542718,0.2152124783798505,0.0030523901139558975,0.0,0.0,0.0,0.0,0.009231167677963593,3.699866804795027e-05,0.0,0.047876236412199104,0.0,0.0038828780735322096,0.0002034926742637265,0.006271274234127571,0.3855227083609464,0.0,0.03760370838771017,0.0,0.0,0.0,1.8499334023975136e-05,0.020381134731530616,0.024530329871610385,0.0,0.0,0.0,0.0,0.0,0.0,0.13638069532387007,0.003181885452123723,0.0033921772322689885,0.0,0.0,0.0,0.04873189291449584,,0.0,0.26324148071410186,0.013873883873513886,0.005950971479312458,0.048114180285082006,0.0,0.0,0.0,0.0,0.0028666039451151187,0.0030893887820038477,0.0,0.0063921365497508756,0.006318771874861856,0.010874833505993784,9.249667011987568e-05,0.015990051522647347,0.003449068690669993,0.02378159862435428,0.0,0.03889156632328472,0.0,0.03728286284339267,0.0,0.03191038543405043,0.0,0.0,0.012620890344917281,0.0,0.0698995133794231,0.009288575676210721,0.0,0.07578825579290878,0.3165960451872488,0.0,0.07349100291696857,0.00024049134231167676,0.05250071354574098,0.009175163146507678,0.0,0.0,0.0,0.0022499668186548457,0.4196891671430973,0.008657688323220364,0.011686139418028567,0.0,0.00516481785443603,1.8499334023975136e-05,0.0,0.0040574514238940085,0.0,0.0,0.005465936559617185,0.0,0.012236124218142864,0.009117693083395316,0.0,0.0,0.0,0.03065146646062733,0.0,0.0,0.0,0.0036989418380938286,0.0,7.399733609590054e-05,,,0.046843372945933257,0.003163386118099748,0.024555375718312105,0.0,0.029166050022199193,0.0031763516686559453,0.0,0.0,0.02567597047025787,0.0,0.0,0.12882849650247855,0.013923215430911155,0.0,9.249667011987568e-05,0.0,,3.699866804795027e-05,0.005872233188349807,0.0,0.0,0.07993223197116127,0.0,0.0002589906763356519,0.0,0.0,0.0,0.0,0.0,0.002226328780735322,0.0
2010,0.00022199200828770165,0.01051565222513406,0.0,,,0.0,0.0,0.004431457151602338,,0.002457312013084345,0.008670988712523135,0.001415647219735541,0.0,0.0,0.017983127583774013,0.0032003847861476987,0.0,0.0008232203640668935,0.00229718354822404,0.10355265267987138,0.0,1.792797350829581,0.0,0.0,0.0,0.0023142852770302214,0.0,0.006532197798608463,0.16579044938803242,0.0,0.0013481298689338665,0.0,0.22493224150866334,,0.0,0.0,0.0,0.018076325889673586,0.0003144886784075773,5.549800207192541e-05,0.0421930249261523,0.004237389464721284,0.3986579921395345,0.0,0.0,0.0060141381807633275,0.00042548468255142815,0.0013505137492205428,0.0,0.0,0.0,0.0046897709720404804,0.0,0.0,0.003403877460411425,0.0,7.399733609590054e-05,0.002597287273427682,0.001054472049828717,0.0,0.007381134508952041,0.01217256178777564,0.003144886784075773,,0.0,0.004746361973939351,0.0019376729172593686,0.008699722697459451,0.0,0.0274172199103964,0.0,0.0,0.003144886784075773,0.0,0.0,0.0,0.004840925621764394,0.0,0.0,0.0030052509115258224,0.010671013204740978,0.0,0.0,0.043679603387566476,,,0.0,,0.0,0.0,0.0,0.0012536899061666882,0.02890815162781439,,,0.04081498750872027,0.014724412281279632,,0.0034223767944354003,,0.0030338907799319225,0.0013045812919416382,0.0013684810987919123,1.100659181764739,0.0704642062931841,,0.013044938020728439,0.009324311593973388,0.0,0.016907490117288187,0.00822687283987907,0.0,,0.0006389620265061911,,0.0,0.2141419956137238,0.002996892111883972,0.0025165564723939383,0.00018499334023975135,0.0,0.0,0.0001479946721918011,0.0,0.0011472515558798462,0.001101466371563306,0.0,0.0,0.0,0.005804570130749299,0.006037763195456693,0.0,0.014566740938836528,0.0014696469200643854,0.0,0.0,0.0,0.023783677773864437,0.0,0.0030708894479798726,0.0,0.0,0.0,0.0,0.0,0.2755250320984635,0.0,0.0,0.0,0.0,0.0,0.0072493071819782744,,0.001398333255258861,0.25858382829581583,0.0002034926742637265,0.00735541334856743,0.3238793265961144,0.0,0.00011099600414385082,0.006111899777954557,0.0,3.699866804795027e-05,0.0030708894479798726,0.012157155975000054,0.006169974766338729,0.004148529422434332,0.023546588586640542,5.549800207192541e-05,0.0,0.001282065901082863,0.006349272972194239,0.0,0.03509196980262423,0.0,0.09096956671198084,0.0,0.08959780897324782,0.0,0.004006780181581202,0.018265930343690614,0.0,0.029330103552560972,0.013892677124809929,0.0,0.014122340835945347,0.004912012038685606,0.0,0.0,0.0036964823631871675,0.011939417506412841,0.009193541403004156,0.0,0.0,3.984471943625415e-05,0.0,0.725800472212671,0.0,0.013886217594206603,3.699866804795027e-05,0.011815053281840238,0.0013701734092891962,0.0,0.0,0.0,0.003181885452123723,0.0030338907799319225,0.0,0.0029622051184973524,0.0045639490001051575,0.0,0.0,0.0,0.008853224937372239,0.0,0.0,0.0,0.0023501935980646325,0.0,7.399733609590054e-05,,,0.0,0.010417074865170763,0.6347360755038144,0.0,0.010234874184568716,0.0,0.0,0.0,0.0,0.0,0.010622095917579384,0.058398680006497124,0.0,1.8499334023975136e-05,0.0109901168095371,0.0,,0.0,0.0013768278165764026,0.0,0.0,0.14122323683913524,0.0,0.0012743109923510807,0.0,0.0,0.0,0.0,0.0,1.8499334023975136e-05,0.0
2011,0.0,0.0,0.0,,,0.0,0.0,0.006413120974747953,,0.0,0.005982905982905983,0.002909619930896527,0.0,0.0,0.0651746692185369,3.6370249136206584e-05,0.0,0.00511424354875129,0.00287324968176032,0.3206290019598761,0.0,0.31378532011321064,0.0030914711765775596,0.0,0.0,0.010289827023178474,0.0,0.006128386979450809,0.015098890098644638,0.004267955702221051,0.0,0.04478053981448265,0.007513244378211226,,0.0,0.0,0.0015267016658922074,0.00467860641902291,0.0012851680823622294,0.0028368794326241137,0.0,0.003000545553737043,0.1617209696628895,0.0,0.0,0.058443381962754816,0.006983273102948483,0.011941016587243091,0.00287324968176032,0.0,0.0,0.009618466163450719,0.001413735998288224,0.0,0.00596472085833788,0.0,0.005710129114384434,0.0008477154576445357,0.007956032354414368,0.0,0.005752281343405047,0.002128484232052678,1.8185124568103292e-05,,0.0,0.00038188761593016914,0.002030946431330276,0.021414182990399468,0.0,0.049868555366288876,0.0,0.0,3.6370249136206584e-05,0.0,0.0,0.0,0.10382839514039763,0.0,0.0,0.0,0.24029215610728852,0.0,0.0,0.009580500623503865,,,0.0,0.0,0.0,0.0,0.0,0.0027641389343517004,0.002707717178240069,,0.0,0.024380886123497873,0.12401084612176892,,0.0,,0.0011092925986543008,0.04122612335747334,0.0,0.009191866933026293,0.18099384556924936,,0.0030914711765775596,0.01208075402607865,0.0,0.043741828083523386,0.006110201854882706,0.0,,0.00509610046379566,,0.0,0.01910639481808373,0.00292780505546463,0.0,0.0,0.0,0.0,0.008928896162938717,0.0030187306783051467,0.0,0.0031728670272863557,0.0,0.03190895214742561,0.001119467341402394,0.0032187670485542825,0.1928950620972654,0.0,0.00893190210328517,0.0,0.0,0.0,0.0,0.00010911074740861975,0.002188469915549621,0.005222952356036257,0.0,0.0,0.0,0.005363339747647941,0.0,0.007869640025740551,0.0,0.006055646481178396,0.0,0.007045532506241943,0.0,0.14603231958310414,,0.003785920561407991,0.021395255166597203,0.005871748465276517,0.003677879278422211,0.7741506566192635,0.0,0.0,0.0022376807122218576,0.0,0.0,0.002855064557192217,0.005050386068421047,3.6370249136206584e-05,0.005319618408944812,0.0002727768685215494,0.0,0.0,0.022410528938862972,0.004003616432150646,0.0,0.05912838507078024,0.0,0.0,0.0,0.1288250660748722,0.0,0.0,0.8128542080610955,0.0,0.002364586567147565,0.058885082197403196,0.0,0.001673031460265503,0.0004505168105822773,0.0,0.0,0.0031278414257137665,0.021831210699991783,0.011482824304035591,0.0,0.0,0.010651316728618214,5.455537370430988e-05,0.0008430561220319444,0.0,0.019886805954262364,0.059176237551117776,0.00851633288642149,0.5591883815116669,0.0,0.0001409347154028005,0.0,0.0,0.0,9.092562284051647e-05,0.0025919829002886293,0.010147595152767634,0.0,0.0,0.0,0.006860577910431784,0.0,0.0,0.0,0.0018635473466325069,0.0,0.0018672293095343278,,,0.002618657937806874,0.013508571622257156,0.2580669588814141,0.0,0.020894657864522093,0.004576576950378785,0.0,0.0,0.0,0.053103073957149645,1.8185124568103292e-05,0.023745428439196678,0.010201854882705946,0.0028735307910707866,0.0,0.0,,0.0,0.0,0.0,0.0,0.050975383758914375,0.0,0.008145757270357882,0.0018155521923063054,0.004120569814151397,0.009160031280249519,0.0,0.0,0.0012672393146027816,0.0
2012,0.0020687923702815574,0.0,0.0,,,0.0,5.502366017387476e-05,0.05502757135700085,,0.0,0.0073014750169453765,0.0029712776493892373,0.0,0.0,0.16580134050637635,0.0,0.0,0.008494464866907367,0.0,1.8602042437682609,0.02772600672416371,0.26487080787276657,0.0,0.0,0.0,0.0,0.0,0.0,0.60643337159266,0.008051153843303361,0.0030629837496790285,0.00011004732034774952,0.0013340498764264537,,0.0,0.0,0.0014003685118779239,0.0034599430090965807,0.000841291084889101,0.0,0.0017876476685359975,0.02273783795710524,0.030961523680511596,0.0,0.0,0.10740251641539193,0.0,0.008499748142676957,0.0,0.0,0.0,0.15163028631171527,0.002456716237391928,0.0,0.005561353480083534,0.0,0.002861230329041488,0.0,0.0031180074098529032,0.0,0.015813890204571128,0.0,0.004968811446471841,,0.00881325749901296,0.0,0.011315345146642604,0.0,0.0,0.0,0.0,0.0,3.668244011591651e-05,0.0,0.0,0.0,0.005055034317244999,0.0,0.0,0.0018894482727280432,0.19426380875449684,0.0,0.0,0.010780115474174701,,,0.0,0.0,0.0,0.0,0.0,0.0,0.0003668244011591651,,0.0,0.4507119355881844,0.3836826534038673,,0.0,,0.006642369843774656,0.0,0.0,0.00861884252241527,0.033171976637371044,,0.0047600769002221635,0.0,0.0,0.9170003769448389,0.0,0.0,,0.015788386788166697,0.0,0.008319353174438595,0.014039567131538276,0.0,0.0,0.0,0.0,0.0,0.0030629837496790285,0.0,0.00029345952092733207,0.0024811222346162376,0.0,0.0015146853465378676,0.0,0.003624225083452551,0.03414041441087572,0.0004035068412750816,0.02935659001054622,0.0,,0.0,0.0,0.04527403367952487,0.15640064710453638,0.003026301309563112,0.0,0.0,0.0,0.0030629837496790285,0.0,0.10055296388006242,0.004374418724274627,0.0,0.0,0.0,0.0,0.5007149010795164,,5.502366017387476e-05,0.8154121013043332,0.004885831595137341,0.001797439565679909,0.14503622139266673,1.8341220057958254e-05,0.0,0.008895491728109753,0.0,0.004922364701259822,0.03533216260348152,0.012720463236310053,0.003099666189794945,0.002044011047989621,0.23953210802157607,0.0,0.0,0.015057054335029931,0.0,0.0,0.13350717560813305,0.0,0.9754583949214335,0.0,0.01468397032808356,0.0,0.003310444704477936,1.7955957297649419,0.0,0.0002017534206375408,0.37249752176019396,0.0,0.0,0.00011004732034774952,0.0,0.004744406089734582,0.0032280547302006527,0.006491158540311445,0.012385140009040344,0.0,0.0,0.00014672976046366603,0.005803319855522684,0.004316839900602457,0.0,0.0267540894419697,0.8958816173344517,0.027487487812677652,0.021212088583839196,0.0,0.008451545998316108,0.0,0.0,0.0017909417669611438,0.0,0.0030446425296210703,5.502366017387476e-05,0.0,0.0,0.031831821840900755,0.002639316503877772,1.8341220057958254e-05,0.02388460076543282,0.0,0.001446379408702961,0.0,0.0,,,3.668244011591651e-05,0.0072919927468765335,0.0525217789544773,0.0,0.06495337875590494,0.0,0.0,0.0,0.0,0.0,0.0,,0.0,0.00018341220057958255,0.01123934349887733,0.0,,3.668244011591651e-05,0.0,0.0,0.0023851437945748505,0.006306833140424531,0.0,0.0,0.002371014703192539,0.0001008767103187704,0.003099666189794945,0.0,0.0,0.000990902844867827,0.010660653779945075
2013,0.0,0.0,0.0,,,0.0010911074740861976,0.006110201854882706,0.0007637752318603383,,0.0,0.015884706310238226,0.007580108360250205,0.0,0.0,0.0,0.0,0.0,0.0063734676146023645,0.0,0.1926735803345187,0.011333532503745272,0.16337069686087693,0.0006546644844517185,0.0,0.0,0.0034856337515911996,0.0,1.8185124568103292e-05,0.027605549670470547,0.0,5.455537370430988e-05,0.00861974904528096,0.01079153116387159,,0.0,0.0,0.0036370249136206583,0.01850953616911064,0.019144456804031273,0.0027641389343517004,0.03604509267212646,0.006610292780505547,0.07573881489184275,0.0,0.001618476086561193,0.003827492444513721,0.010592358783848147,0.04139583820434885,0.028766897011577867,0.024428857194814645,0.0,0.41766348243298596,0.0,0.0,0.013202602493382638,0.0,0.003055100927441353,0.00018185124568103294,0.01984187601208878,0.0,0.0,0.0,0.004718043973363123,,0.0,0.019555157214731684,0.022892149322863996,0.0,5.455537370430988e-05,0.01403142562717031,0.0,0.0,0.00018185124568103294,3.6370249136206584e-05,0.0,0.0,0.05010177033772236,0.0,0.0,0.0004909983633387889,0.14493077581730066,0.0,0.0,0.03904588713099353,,,0.0,0.0,0.0,0.0,0.0,0.0,0.00484655218697772,,0.0,0.03272085741943899,0.40155888199733064,,0.0,,1.8185124568103292e-05,0.0034612353761289934,0.034178782866726126,0.008376068376068375,0.07759205861019829,,0.0,0.010857385325470433,0.0,0.11923398720452727,0.030192307692307702,0.0,,0.08790961993089656,0.0,0.132918858131624,0.13353170273383044,0.00303691580287325,0.0,0.0,0.0,0.0,0.00034551736679396255,0.0,0.0,0.013633820867863423,0.0,0.030518644082473886,0.0010183669758137843,0.002000363702491362,0.10896091542572729,0.0031460265502818697,0.0,0.00627541226832007,,0.0,0.0,0.045528580954112864,0.0,0.0,0.0,0.0,3.6370249136206584e-05,0.023078236447030775,0.0,0.02783298262021666,0.0002364066193853428,0.0026368430623749774,0.0,0.0,0.0,0.06628558730372695,,0.0009638116021094744,0.04380469992717675,0.007240479509983057,0.009610896064796773,0.00012729587197672304,0.0040214887555313095,0.00386797599563557,0.009410563825457442,0.0,0.0,0.01463460888992804,0.00042583500030308536,0.0044189852700491,0.021756076862459846,0.022034540190568573,0.0055507678557323945,0.0,0.012283597017639574,0.0,0.003109656301145663,0.10889842558282273,0.0,0.030958490363676334,0.0,0.04669571573281341,0.0,0.0,0.06448396862881316,0.0,0.008398539994284674,1.8185124568103292e-05,0.0,0.016830702031193023,0.09060768624598411,0.0,0.011125182933693573,0.02558348271114229,0.0,0.030085859766710826,0.0,0.0,3.6370249136206584e-05,0.012676807038509166,7.274049827241317e-05,0.0,0.016956502913949723,0.08323954227663993,0.006050875585791025,0.014458110841089564,0.0,3.6370249136206584e-05,0.0,0.0,0.0,0.0,0.008535577897280024,0.0,0.0,0.0,0.006021549372613203,0.04181684548705826,0.007145883808458823,0.0,0.0,0.003392492718733854,0.0,0.0,0.0,,0.003000545553737043,0.02660731703284895,0.3444957004967916,0.0,0.035769309940950775,0.0,0.0,0.0,0.0029641753046008366,0.0,1.8185124568103292e-05,,0.0,0.01302179827002522,0.0,0.0,,0.0,0.0,0.0,0.0,0.07663902750782181,0.0,0.0034885852261738793,0.0008183306055646482,0.004050736497545009,0.0319362611383888,0.0,0.0,0.0,0.000436442989634479
2014,0.0,0.009529660126666839,0.0,,,0.003995456825726842,0.0,0.1195174066281142,,0.0,0.012990059932120018,0.006364403360111515,0.0,0.0,0.0,0.0,0.0,0.016460717607960924,0.004736382696655613,0.14477359785839813,0.09103603780704608,0.016719353826622464,5.502366017387476e-05,0.0,0.0,0.0,0.0,0.34917103417203693,0.08591530810222349,0.0,0.002110167776091623,0.0019324293163208762,0.0034059993132659373,,0.0,,0.0030446425296210703,0.007960089505153882,0.004814044245374717,0.0030446425296210703,0.0,0.00014672976046366603,0.1543302727995472,0.0,0.0,0.00211645289090239,0.01585650205656809,0.04619043232240656,0.002478189629477183,0.014678907168177541,0.0,0.18095074990915205,0.0,0.0,0.0,0.0,0.0,0.0,0.0030135913011174386,0.0,0.006107626279300098,0.0,0.00014672976046366603,,0.0,0.0,0.017230865214248055,0.0,0.0029230070965517206,0.0,0.0,0.0,0.0,0.008487570900908637,0.0,0.0,0.3721093122778102,0.0,0.0,0.004886489570653761,0.10599057857496062,0.0,0.0,0.006417219201941091,,,0.0,0.0,0.0,0.006070943839184182,0.0,0.0,0.004048824327794282,,0.0,0.048472784587563975,0.1924166303038593,,0.0,,0.00014672976046366603,0.002896425764258933,0.0028821760471369807,0.015412910242010672,0.047827595577127874,,0.061725687548291275,0.004534809730290416,0.0,0.09494868029312845,0.012150752601396378,0.0,,0.001965843446370863,0.0,0.0,0.19819608252671966,0.0,3.668244011591651e-05,0.0,0.0,0.0,0.0,0.0,0.0,0.0,0.0,0.01470413042554853,0.0,0.016573892723199427,0.16972720642179737,0.0,0.06581125840883853,0.004145212971695859,,0.0,0.0,0.012047028436513414,0.0,0.0,0.0,0.0,0.0,0.0030813249697369868,0.0,0.12892447526352266,0.003007960089505154,0.01199029156000654,0.0,0.0,0.0,0.0030059009012459014,,0.031820256580903664,0.46049841065866665,0.0,0.002457585200789779,0.0024507268385886185,0.0,0.0,0.002701906019832729,0.0,0.0,0.0030446425296210703,0.07622915847302332,0.0,0.012446479886228977,0.026424560108669268,0.012338555909729014,0.0,0.009979228237454273,0.0,0.0,0.011226506732449282,0.0,0.04079760659008486,0.0,0.01668143588882007,0.0,0.0055751755102475915,0.0,0.0,0.029539164193065372,0.0061721192381751395,0.0,0.02989831639000782,0.08057248789751266,0.0,0.0,0.0029896188694471955,0.020309240808305404,0.014102459967431905,0.0,0.0,0.01397402572157717,0.022033649174069553,0.0,0.0,0.0107706117118783,0.13201722292914084,0.0031546898499688197,0.04210450374613464,0.0,0.006156994475471421,0.0,0.0,0.0,0.0030446425296210703,0.0,0.0,0.0,0.0,0.0054148516869987106,0.008631159047963275,0.0,0.014494736705037132,0.0030629837496790285,0.0,0.0,0.0,0.0,,0.0,0.0,0.21191608443726856,0.0,0.02235687398694991,0.0,0.016448978814858642,0.0,0.01633405330307498,0.0,0.0,,0.0,0.002827021378248406,1.8341220057958254e-05,0.0,,0.0,0.0,0.0,0.0,0.15309094235307522,0.0,0.0030446425296210703,0.0,0.0038564585417232037,0.009179838865103531,0.0,0.0,3.668244011591651e-05,0.00014672976046366603
2015,0.0,1.8341220057958254e-05,0.0,,,0.0,0.0,0.04544098406759353,,0.0,0.016146387391022584,0.0007519900223762884,0.0,0.0,0.0,0.0,0.0,0.00115549686365137,0.0043056014086057005,0.13196818722561193,0.002879571549099446,0.1318131665029346,0.0,0.0,0.0,0.00011004732034774952,0.0,0.028300808236430556,0.04645308368673313,0.0,0.0,0.006722057151241701,0.003954061357494834,,0.0,,0.0002017534206375408,0.13196871877129382,0.0159935438905396,0.0,0.00904222148857342,0.03737590100251044,0.0029712776493892373,0.0,0.0,0.00906263701328079,0.011326314759791154,0.17748954505078063,0.0,0.00831774329628407,0.0,0.2272051603527933,0.0,0.0,0.0,0.0,0.0,0.0,0.0,0.0,0.05755339412349426,0.004583012361982319,0.003264737170316569,,0.0,0.011425051661103164,0.00420472469828693,0.0,0.04817990692041534,0.05325831774329628,0.0,0.0,0.005722460658082976,0.004268918968489784,0.0,0.0,0.010740179871547661,0.0003118007409852903,0.0,0.0,0.13652748026786604,0.0,0.0,0.03508487353265608,,,0.0,0.0,0.0,0.1791360288831558,0.0,0.0,0.0036740474329887774,,0.0,0.06113583125494298,0.05299573260946652,,0.004745790689996698,,0.005604364253884581,0.004635044656503884,0.0062399887507183635,0.008655645004274917,0.0,,0.06162427621655086,0.00033014196104324856,0.0,0.03128994674059049,0.08368868322373328,0.0,,0.0,0.0,0.015372999278578678,0.0648995565847827,0.003338102050548402,0.0,0.0,0.0,0.0024852353178533436,0.00029345952092733207,0.00038516562121712335,0.0,0.0,0.0,0.004163456953156524,0.0,0.007684971204284508,0.06277192976048486,0.0,0.09526603020923997,0.003931134832422386,,0.0,0.0,0.06452112453017109,0.0,0.0030446425296210703,0.0,0.0,0.0,0.0030629837496790285,0.0,0.0682366751036279,0.001503980044752577,0.017282014599611165,0.0,0.0,0.0,0.00283983223897387,,0.002696159348519863,0.10845181895858684,0.007380943647038066,0.006156536199454653,0.0035276279911473046,0.0,0.03804274727021509,0.009575339618258074,0.0,0.00016507098052162428,0.0,0.0008253549026081214,0.0,0.025127308049339523,0.0237013431321114,0.0,0.0,0.03511426580096109,0.0,0.0,0.03640367937578238,0.0,0.0,0.0,0.009892896281038479,0.0,0.015206399863052224,0.08351768239650295,0.0,0.056108237653302036,0.0,0.0,0.1378439113128779,0.17100895051538828,0.0,0.0,0.013560275362850469,0.0044935989141997685,0.0,0.0,0.0,0.006626071432938385,0.019110022865387672,0.003498282039054571,0.0,0.020720229142975922,0.41587736747001286,0.012915785930807392,0.005690363522981548,0.0,0.04749581208808677,0.0,0.0,1.8341220057958254e-05,0.0009170610028979128,0.014185710966826845,0.0,0.0,0.0,0.01879352566047845,0.00351327658194611,0.07803608329359402,0.07625599576601007,0.0,0.0,0.0,0.0,0.0,,0.0,0.0035988530623723754,0.15656945612260667,0.0,0.02815519932830376,0.003249317179932345,0.003651403436811162,0.0,1.8341220057958254e-05,0.04819979337146718,0.0,,0.008879897059439262,0.0,0.0,0.0,,0.0,1.8341220057958254e-05,0.0,0.0,0.05442448241197756,0.002879571549099446,0.0,0.006000645753864638,0.008776273797733025,0.0019915508112933003,0.003007960089505154,0.0,0.0,0.006107626279300098
2016,0.0,0.00014548099654482634,0.0,,,0.0,0.00915508447423341,0.014706723233728153,,0.0,0.004868273037860022,0.0,0.002951691072258448,0.0,0.08938705764946897,0.0,0.0,0.03135047642139841,0.005528277868703401,0.025791231210184423,0.12697838541810177,0.005706851593376417,0.0,0.0,0.0,0.020074446482456494,0.0,0.006764866339334425,0.015210088702996501,0.0,9.092562284051647e-05,0.004600836515730133,0.008960265502818695,,0.0,,0.0,0.032706552706552705,0.10358866567468665,0.0,0.006061181127931233,0.006182412483558147,0.371856568243398,0.0,0.0,0.0062876583621264475,0.011308916673956308,0.00513087516633616,0.012129478086924895,0.0002182214948172395,0.0,0.12953861741095793,0.0,0.0,0.0,0.0,0.0002545917439534461,0.0,0.0,0.0,0.003800691034733588,0.0,0.07175463761195926,,0.00298236042916894,0.018708553070255197,0.0017630478268776141,0.0,0.0003273322422258593,0.012922659819822942,0.0,0.0,0.0,0.0,0.0,0.0,0.09633961038112067,1.8185124568103292e-05,0.0,0.00010911074740861975,0.20688852597303875,0.0,0.0,0.02229617506213251,,,0.0,0.0,0.0,0.10453227361028784,0.0,0.0,0.011315684738392612,,0.0,0.004275524842900729,0.04807754368038056,,0.0,,0.005782869612656847,0.0031278414257137665,0.003673395162756865,0.01328074801479057,0.12452467941829645,0.0,0.0,0.0019789421641095207,0.0,0.009878347289694807,0.00273989210159423,0.0,,0.0026655842817069992,0.0,0.00254985754985755,0.07054156311248502,0.00292780505546463,0.0030187306783051467,0.0,0.0,0.0,0.003000545553737043,0.0,0.0,0.0,0.0,0.0018089652664120752,0.0,0.003000545553737043,0.1230851464007492,0.002564102564102564,0.14840901169284398,0.0005475743064395547,,0.0,0.0,0.049998041153732534,0.0,0.0,0.0,0.0,0.0,0.0,0.0,0.0,0.018558836094297086,0.009663761543354625,0.0,0.0,0.0,0.20327893741920885,,0.005782869612656847,0.10460380593463618,0.0034006182942353156,0.015718908480694047,0.0,0.002151904741921109,0.007027930698143463,0.015480845002121598,0.0,5.455537370430988e-05,9.092562284051647e-05,0.003109656301145663,0.0,0.015115009255762124,0.028988603988604016,0.028644745820141357,0.0,0.012818701524375288,0.0,0.0,0.01234873151539818,0.0,0.0,0.0,0.007736951123475948,0.0,0.005349355059409294,0.44575249874895245,0.0,0.004549311996120508,0.0,0.0,0.09469692705508306,0.011104291689398076,0.0,0.0012002182214948174,9.092562284051647e-05,0.099926661859286,0.0,0.0,0.0,0.024026792750197003,0.01726871696729853,0.020798252994588158,0.0,0.008728859792689581,0.013378223701544522,0.00596472085833788,0.008301151624697082,0.0,0.019183976701947884,0.0,0.00235582446262463,0.0,0.0,0.0,0.0,0.0,0.0,0.00038188761593016914,0.03287566159770198,0.00014548099654482634,0.019965621449046244,0.0059459439955893865,0.0,0.0,0.0,0.0,,0.00303691580287325,0.0027641389343517004,0.007131599684791174,0.0,0.004162319162319163,0.0,0.0,0.0,0.0,0.018425409978392874,0.0,,0.006873351068819764,0.005104847811436176,0.011135841327426963,0.0,,0.0,0.02055646481178396,0.0,0.0,0.03210713636245554,0.0,0.002382070910439705,0.0058146208771991,0.003702491362065831,0.003546099290780142,0.00292780505546463,0.0,0.036879115106065466,0.0
2017,0.0,0.049798246579362465,0.0,,,0.0,0.0028755539485153217,0.01050951909321008,,0.0,0.0002567770808114156,0.0,9.170610028979127e-06,0.0,0.015071286208625264,0.0018004964356895688,0.0,0.08961926247333973,0.002765855984740105,0.03799933971607791,0.008907413521147425,0.19579339751013577,7.336488023183302e-05,0.0,0.0,0.0036302078147571705,0.0,0.003026301309563112,0.008950515388283627,0.0,0.0,0.00029345952092733207,0.0,,0.0,,0.0,0.025822603719599425,0.028848730350876272,0.00011004732034774952,0.0,0.007575535257938696,0.640268061298104,0.0,0.0,0.034544858257304606,0.0,0.0,0.002934595209273321,0.0,0.0,0.3210390388501978,0.0,0.0,0.0,0.0,0.0,0.006523360600613819,0.0,0.0,0.002952936429331279,0.028511426580096106,0.0007886724624922049,,0.0,0.011103337927372262,0.01688431581135444,0.0,0.02131005221133976,0.0007336488023183302,0.0,0.0,0.0004952129415648729,0.0,0.0,0.0,0.038628487233637446,0.0008070136825501632,0.0,3.668244011591651e-05,0.0029896188694471955,0.0,0.0,0.017329570763047156,,,0.0,0.0,0.0,0.057807857378672826,7.336488023183302e-05,7.336488023183302e-05,0.006428597630314368,,0.0,0.0,0.12887183155423498,,0.0,,0.003594879131359818,0.08601267989680006,0.008263942384114058,0.00393648435493929,0.3081029763433198,,0.0,0.006891713436777814,0.0,0.5592845002716249,0.0072998055830673855,0.0,,0.008589018674855583,0.0,0.07386284435640658,0.09325807319369549,0.0,0.0029712776493892373,0.0,0.0026142352322609834,0.09367472457601211,0.0030446425296210703,0.0,0.0,0.0,0.0,0.0,7.336488023183302e-05,0.0026982991575266253,0.001302226624115036,0.0,0.0,0.0057830740234173705,,0.0,0.0,0.07486955898973065,0.0,0.0030814996480232532,0.0,0.0,0.0,0.013534466646054627,0.0,0.0,0.02042404027382568,0.13117334898450778,0.0,0.0,0.0,0.07908764657691696,,0.01604856755071347,0.16148819786158833,1.8341220057958254e-05,0.0,0.002741095337661861,0.00011004732034774952,0.0,0.0027145005685778214,0.0,0.0,0.0,3.668244011591651e-05,0.002806206668867613,0.019479904136556498,0.01448956384578702,0.012303639771450929,0.0,0.00889274054510106,0.0,0.003092635388772728,0.01849795015031066,0.0,0.0,0.0,0.009599183204333419,0.0,0.025385776995219052,0.1307304085201081,0.0,0.07713858625875793,0.0,0.0,0.027286451428082326,0.045596884438086155,0.0,0.0006236014819705806,0.005942555298778475,0.021879547094139366,0.0,0.0,0.0,1.8341220057958254e-05,0.0011921793037672865,0.048763190394091674,0.0,0.06173257278407493,0.18389444365839208,0.02371196598664409,0.04159024491642511,0.0,0.0006236014819705806,0.0,0.0,0.0,0.04190938214543364,0.00830857268625509,0.0,0.0,0.0,0.008888198909658137,0.010401917268870058,0.014672364672364673,0.03208185075137865,0.0,0.0,0.0,0.0,0.0,,0.0,0.0032830783903745274,0.050832058181843595,0.0,0.35018839053173817,0.0002751183008693738,0.0,0.0,0.009422801804776053,0.022978186175611065,0.00018341220057958255,,0.0002751183008693738,0.0,0.003026301309563112,0.0,,0.0,0.007345658633212281,0.0,0.0,0.07299331768215889,0.0,0.004495433036205568,0.005997578958952349,0.004163456953156524,0.009753686148535935,0.0028388278388278383,0.0,0.00788672462492205,0.0006969663622024137
2018,0.014893070687062103,0.03432467627746598,0.0,,,0.0,0.0038767225462504433,0.09666187611466581,,0.0,0.0012472029639411613,0.0,0.002787865448809655,0.0,0.0,0.0,0.0,0.12818678698507024,0.0029437658193022997,0.10247606470782436,0.10281035527816652,0.10762110445586842,0.0,0.0,0.0,0.03509347908489539,0.0,0.0029896188694471955,0.02287486396928457,0.0,0.005630754557793184,0.0,0.006542313194673709,,0.0,,0.002457723487766406,0.02848880574202462,0.03377780223273785,0.0,0.0,0.0,0.1281857170805669,0.0,0.00034848318110120686,0.01944016482643092,0.017580059425552984,0.0,0.0024944059278823225,0.0,0.0,0.5725483465826813,0.0,0.0,0.0,0.0,0.0,0.02842247166281501,0.0,0.0,0.0028428891089835296,0.0,0.0029712776493892373,,0.0,0.02778186088271925,0.018129684653289794,0.0,0.0026227944682880302,0.0029162539892153626,0.0,0.0,0.008528667326950588,0.0,0.0,0.0,0.006643670270279711,0.022071518530746,0.0,0.0,0.014037147084357385,0.0,0.0,0.04145115733098566,,,0.0,0.0,0.0,0.0,0.0,0.0004768717215069146,0.034313365858430235,,0.0,0.0,0.03229963090478112,,0.0,,0.00823704192802905,0.0037896017509751415,0.005905807354305215,0.01169313916095032,0.0,,0.0069727204920337965,0.012981304183020922,0.0,0.026819143342748476,0.0029896188694471955,0.0,,0.010573713363412934,0.0,0.0002017534206375408,0.14322964430260546,0.0002384358607534573,0.0,0.0,0.00915226880892117,9.170610028979128e-05,0.001008767103187704,0.0003668244011591651,0.0,0.0,0.0,0.0006954379271975837,0.002952936429331279,9.170610028979128e-05,0.18983210796515515,0.0,0.031670134030649034,0.0065832752528031495,,0.0,0.0,0.1983417571936885,0.0,0.0029162539892153626,0.0,0.0,0.0,0.018494980619444136,0.0,0.0,0.02964369123167407,0.3466402378419544,0.0,0.0,0.0,0.005946223542790066,,0.018345805362972745,0.12581852061465795,0.0034481493708961516,0.008271890246139172,0.011069231991978772,0.0,0.0,0.0053745888509837,0.0,0.0,0.0,0.017732902926035972,0.0,0.028212246345293557,0.005337295036865852,0.0029896188694471955,0.0,0.022333492290573832,0.0,0.003863883692209872,0.017452282259149212,0.0,0.0,0.0,0.0,0.0,0.003950087426482276,0.14917840068054664,0.0,0.001302226624115036,0.0029712776493892373,0.0,0.0,0.02364916914273137,0.0,0.0029896188694471955,0.0,0.002985339251433672,0.0,0.0,0.0,0.0,0.0,0.0,0.0,0.06698030152965775,0.10212140228234645,0.04495127349204602,0.02895364649656494,0.0,0.0012441460939315017,0.0,0.0036985070246872815,0.0,0.008620373427240379,0.029882738466429453,0.0,0.0,0.0,0.011836200677402393,0.006864812980692808,0.0,0.012672560312045288,0.0,0.0,0.0,0.0,0.0,,0.012677451304060745,0.003399545137742563,0.011474878642260615,0.0,0.07372384411011021,0.0,0.02929948766858638,0.0,9.170610028979128e-05,0.0012450631549344,0.020898597508039567,,0.00022009464069549904,0.002952936429331279,0.004013670322683198,0.0,,0.0,0.10054377350514684,0.0,0.0,0.03357810128196395,3.668244011591651e-05,0.026197070295782738,3.668244011591651e-05,0.038785566682562396,0.008428292816704833,0.0095050316080359,0.0,0.004090092072924691,0.0
2019,0.0005869190418546641,0.003925021092403067,0.0,,,0.0,0.0004585305014489564,0.539999144076397,,0.0,0.004181798173214482,0.0002017534206375408,0.06229289705684555,0.0,0.011857598767470012,0.001742415905506034,0.0,0.008039568125405036,0.0,0.03571952606287371,0.0,0.035270166171453725,0.00016507098052162428,0.0,0.0,0.011301248425711943,0.0,0.01841152806818043,0.013810938703642566,0.0,0.0027695242287516966,0.02074697675556045,0.011353215215876159,,0.0,,0.012328356748957608,0.025213063839673283,0.08847498868958097,0.0,0.0049521294156487285,0.004713693554895272,0.0,0.0,0.002879571549099446,0.005841678588459704,0.004612816844576501,0.0,0.0,0.0,0.0,0.1316899600161403,0.0,0.0,0.0,0.0,0.00016507098052162428,0.0018341220057958255,0.0,0.0,0.0,0.0,0.006547815560691097,,0.0,0.0,0.08181712580854208,0.0,0.002164263966839074,0.0,0.0,0.0,0.0,0.0,0.0,0.0,0.014617952386192729,0.004117603903011628,0.0,0.004245992443417336,0.0027511830086937384,0.0,0.0,0.06061773229155203,,,0.0,0.0,0.000715307582260372,0.0,0.0,0.005208906496460144,0.0,,0.0,0.0,0.5053036694667599,,0.0,,0.0,0.011805631977305798,0.006862673171686046,0.008024283775356736,0.13004077864592886,,0.017149040754190967,0.002457723487766406,0.0,0.048393309122922855,0.07117921817492633,0.0,,0.041613171441497614,0.0,0.03168751452013255,0.0,0.0004035068412750816,0.0,0.0,0.057200151620752475,0.06328026606996563,0.0022009464069549906,0.0,0.0,0.0057621999682085515,0.0,0.0,0.11619162906716554,0.0005685778217967059,0.0,1.8341220057958254e-05,0.004194025653253121,0.0025127471479402808,,0.0,3.668244011591651e-05,0.4127508161842925,0.0,0.003099666189794945,0.0,0.0,0.0,0.0016873922453321593,0.0,0.0,0.0,0.10269554797451791,0.0,0.0,0.0,0.011188144235354535,,0.1639919054082144,0.3370749422251568,0.028960786471516085,0.0028551165890221683,0.023091596052969444,0.0,0.0002384358607534573,0.0014489563845787022,0.0,0.0,0.028728464350781947,0.0,0.0,0.0,0.010271083232456622,0.002017534206375408,0.0,0.0,0.0,0.0,0.013963782204125549,0.0,0.0,0.0,0.0,0.0,0.00936624970959735,0.09486996074978908,0.0,0.007850042184806134,0.031143391658413115,0.0,0.0678197180343103,0.2693071909810106,0.0,0.0041726275631855025,0.005208906496460144,0.038464595331548175,0.0,0.0,0.0,0.0027053299585488425,0.0,0.007608549454043017,0.0,0.0,0.07084601934387341,0.025008253549026083,0.007850042184806134,0.0,0.010472836653094163,0.0,0.0,0.0007886724624922049,0.00014672976046366603,0.0,0.0,0.0,0.0,0.03566755927270948,0.020731692405512144,0.0008253549026081214,0.0,0.0,0.0,0.0,0.0,0.0,,0.0,0.017879632686499638,0.0,0.0,0.0946162405389873,0.06197192570583128,0.0,0.0,0.0,0.04883961214433317,0.002787865448809655,,0.0032097135101426945,0.04730812026949365,0.014862501986965504,0.0,,0.0006786251421444554,0.03003374784490664,0.0,0.0,0.018949537189880537,0.0063827445801694725,0.0,0.028288275069390953,0.008681510827433573,0.019496716921609623,0.017338566694789868,0.0,0.0,0.0007336488023183302
2020,0.0,0.016366612111292964,0.0,,,1.8185124568103292e-05,0.021858519730860154,0.00036370249136206587,,0.0,0.003164211674849973,0.0006182942353155119,0.01257804449293811,0.0,0.0,0.0,0.0,0.18304843304843307,0.12788082681699703,0.049199854519003466,0.0,0.0,0.0002727768685215494,0.0,0.0,0.006901254773595199,0.0,0.05150300054555373,0.03474268048736134,0.0,0.002127659574468085,0.1352458022670788,0.12374371097775354,,0.0,,0.0,0.11726980663150877,0.05390980178214221,0.0,0.02052494392919925,1.8185124568103292e-05,0.0,0.0,1.8185124568103292e-05,0.0017821422076741227,0.00845608292416803,0.00723767957810511,0.0018185124568103291,0.0,0.0,0.2918454870582529,0.0,0.0,0.0,0.0,0.00010911074740861975,0.010583742498636117,0.0037037037037037043,0.0,0.002600472813238771,0.0,0.012602291325695581,,0.0,0.044829362914469296,0.018039643571558465,0.0,0.006601200218221495,0.001745771958537916,0.0,0.0,0.005510092744135298,0.013702491362065831,0.0,0.0,0.04137115839243499,0.0,0.0,0.0,0.002309510820149118,0.0,0.0,0.0,,,0.0,0.0,0.0,0.0,0.0,0.00012729587197672304,0.0,,0.0,0.0,0.09822695035460992,,1.8185124568103292e-05,,0.0006182942353155119,0.0002727768685215494,0.011195975025762259,0.027286779414438994,0.0,,0.0,0.04959689640540704,0.0,0.030878341516639395,0.10060920167303146,0.0,,0.01287506819421713,0.0,0.0,0.0,0.023013275140934715,0.0004546281142025823,0.0024731769412620476,0.012511365702855066,1.8185124568103292e-05,0.0007274049827241317,0.0,0.0,0.0070091531793659454,0.0,0.004437170394617203,0.006237497726859429,0.007001272958719768,0.07999939382918109,0.0,0.11130508577317089,0.0615081529975147,,0.0,0.0,0.12249196823664914,0.0,0.011274777232224042,0.0,0.0,0.0,0.0,0.0,0.0,0.003109656301145663,0.016390858944050436,0.0,0.0,0.0,0.0,,0.004325028793113899,0.02417348608837971,0.0,0.0,0.006322361641510578,0.0002727768685215494,0.0032187670485542825,0.01702127659574468,0.0,0.0,0.0,0.057786264169242894,0.0,0.0,0.01990816512093108,0.0030914711765775596,7.274049827241317e-05,0.06467539552645936,0.0,0.0,0.0,0.0,0.0,0.0,0.0,0.0,0.004113778262714433,0.15089955749530215,0.0,0.0039279869067103115,0.007249802994483845,0.0,0.014211674849972723,0.02678668848881615,0.0,0.01591198399709038,0.0046735770140025465,0.0033824331696672124,0.0,0.0,0.0,0.005055464629932715,0.0,0.0,0.0,0.0,0.017466812147663213,0.005200945626477542,0.032642298599745406,0.0,0.01065648299690853,0.0,0.0,7.274049827241317e-05,0.002418621567557738,0.008795538582772626,0.0,0.0,0.0,0.008034794205006971,0.026359338061465728,0.004709947263138753,0.0,0.0,0.0,0.0,0.0,0.0,,0.0,0.0,0.0,0.0,0.22161786991574237,0.004155300963811602,0.0024004364429896347,0.0,0.0,0.04946353882524098,0.007019458083287871,0.0,0.005528277868703401,0.0,0.024516578771897928,0.0,,0.0,0.04491422682912044,0.0,0.0,0.0,0.004173486088379705,0.0,0.025010607989331392,0.009438079650845609,0.01038370612838698,0.0,0.0,0.0,0.0
2021,0.0001283885404057078,0.0,0.0,,,0.0,0.0,0.0,,0.0,0.0,0.0,0.0,0.0,0.0,0.0,0.0,0.0,0.002457723487766406,0.09749275521807708,0.0,0.0,0.0,0.0,0.0,0.0,0.0,0.0,0.11198231906386412,0.0,0.002237628847070907,0.0,0.024769817688272622,,0.0,,0.004842082095300979,0.0,0.0,0.00018341220057958255,0.038204761380727044,0.002292652507244782,0.0,0.0,0.0013755915043468692,0.0,0.015947690840394702,0.0,0.0005318953816807894,0.0,0.0,0.17522590269371385,0.0,0.0,0.0,0.0,0.0,0.02230292359047724,0.0,0.0,0.002072557866549283,0.0,0.014122739444627856,,0.0,0.10829879070222416,0.018249513957668464,0.0,0.0,0.09233887238179084,0.0,0.0,0.0,0.0,0.0,0.0,0.015186530207989435,0.0,0.0,0.006712886541212721,0.010219116442292406,0.0,0.0,0.06355232750082535,,,0.0,0.0,0.0,0.0,0.0,0.0,0.0,,0.0,0.0009904258831297458,0.03098749128792047,,0.0,,0.0038699974322291917,0.0,0.013700891383294816,0.0015590037049264516,0.0,,0.0,0.01123094041548977,0.0,0.05576647958622207,0.055748138366164116,0.0,,0.0,0.0,0.0,0.0,0.0050988591761123945,0.0018157807857378673,0.0014489563845787022,0.008803785627819962,0.0,0.0,0.0,0.0,0.0,0.0,0.0,0.0027695242287516966,0.0,0.0,0.0,0.13023488989154222,0.0,,0.0,0.0,0.0,0.0,0.00034848318110120686,0.0,0.0,0.0,0.0015590037049264516,0.0,0.0,0.0024760647078243643,0.0,0.0,0.00115549686365137,0.0,0.0,,0.0,0.0,0.0,0.0,0.0,0.0,0.0,0.0,0.0,0.001228861743883203,0.0015773449249844099,0.0,0.009500751990022377,0.0,0.0,0.0031546898499688197,0.0013205678441729942,0.0,0.0,0.003970874142547962,0.0,0.0,0.0,0.0,0.0,0.0,0.0,0.0,0.0,0.0,0.0063093796999376395,0.0,0.0,0.0,0.0,0.0,0.001302226624115036,0.037617842338872366,0.0,0.0,0.0,0.0,0.0,0.0,0.0,0.0,0.016323685851582847,0.0039983859726349,0.0,0.0,0.006474450680459264,0.0,0.0,0.0009720846630717875,0.0,0.0013205678441729942,0.0,0.0,0.0,0.0,0.0,0.10000550236601738,0.0,0.0,0.0,0.0,0.0,0.0,,0.0,0.0,0.0,0.0,0.05005318953816808,0.007574923883936759,0.0,0.0,0.0036101634814081165,0.0,0.0,,0.0,0.0,0.0,0.0,,0.0,0.026979934705256593,0.0,0.0,0.0,0.0,0.0,0.011634447256764852,0.0,0.0,0.0,0.0,0.0,0.0
