,MDG,ITA,PRT,CAN,HUN,BLR,SLV,SDN,BHS,ETH,AIA,MCO,SYR,LCA,BGR,USSR,PAK,MHL,VNM,ESP,ARM,LKA,KNA,KOR,NZL,AUT,SVK,KAZ,MAC,UZB,MWI,PRY,COD,JOR,HRV,PER,MLI,IND,GRL,NIC,GBR,LTU,PNG,GTM,HND,EGY,FIN,ARG,ROU,FRA,TUN,LUX,BOL,ISR,URY,LBY,AND,IRL,KEN,CCK,HTI,IRQ,ARE,TCD,ZMB,USA,PYF,GRC,MAR,ECU,IDN,SVN,JAM,THA,CRI,NFK,TWN,LIE,TCA,OMN,CHN,VEN,SAU,LBN,GLP,PHL,AZE,BRN,IRN,BEL,GUY,DNK,ZAF,TUR,NLD,EST,COL,CYP,UGA,KWT,MEX,RUS,MLT,GEO,MTQ,DEU,PAN,MUS,FRO,LBR,SUR,HKG,MRT,CIV,JPN,BRA,SEN,BRB,ABW,MMR,YUG,TZA,YEM,ISL,KGZ,POL,SGP,CZE,ATG,SWE,BHR,NCL,NGA,CHL,VGB,COK,MYS,CUB,SMR,ANT,CMR,CSK,VCT,BMU,NOR,BLZ,GHA,SWZ,LVA,DOM,AUS,GUF,CYM,CHE,UKR,VUT,GIN,TTO,DZA,ZWE
1963,0.016517050888079605,0.21223484233620907,0.016517050888079605,0.2214216500261914,0.12290919162956675,,,,0.03853287915570601,,,0.04110813209661011,,,0.07201949094048087,0.14352926106930727,2.2441249929014038e-14,,,0.1560416288839575,,0.016517050888079605,,0.1085332442090392,0.09259304331234328,0.17198710530588449,,0.016517050888079605,,,0.015076677684372885,0.016517050888079605,,0.016517050888079605,,0.02955809568456294,,0.05184897285534683,,0.016517050888079605,0.2363371308238168,0.016517050888079605,,0.017475036983851333,0.016517050888079605,0.028003455022086142,0.15775261529346324,0.09862861414512909,0.04169663477061793,0.2378841778687,0.016517050888079605,0.04322858677698024,0.016517050888079605,0.15232577566065256,0.016517050888079605,2.2441249929014038e-14,,0.07878914072259477,,,,0.016517050888079605,0.016517050888079605,,,0.3012852587327349,,0.03159372857243005,0.016517050888079605,2.2441249929014038e-14,0.016517050888079605,,0.016517050888079605,0.04333445530010168,0.016517050888079605,0.016517050888079605,0.1806312049797355,0.054979951814593024,,,0.0781038745129258,0.043732267658485036,0.016517050888079605,0.016517050888079605,,0.026624669917645425,,0.016517050888079605,0.03159372857243005,0.18126653849623267,,0.15302517318110098,0.09727669721546685,0.016517050888079605,0.17377030644619335,0.016517050888079605,0.04110813209661011,,,0.016517050888079605,0.11233697140783715,0.05908646778173497,,,,0.2750146203588953,0.016517050888079605,,,,,0.04014795076989829,,0.009526203052267616,0.27965338953239827,0.0539783243553602,2.2441249929014038e-14,,,,0.04078674533340735,,,0.016517050888079605,,0.07940354444531628,0.033991114418578175,0.023254937396294955,,0.2048249366581987,,,0.016517050888079605,0.06190006789060541,0.016517050888079605,,0.016517050888079605,0.016517050888079605,,,,0.13512686295574608,0.016517050888079605,0.013041044796505783,0.16526009756338159,0.016517050888079605,,,,0.016517050888079605,0.19025719472803646,,0.016517050888079605,0.20952675844426752,0.016517050888079605,,,0.017475036983851333,2.2441249929014038e-14,2.2441249929014038e-14
1964,0.0163432841579954,0.19741370911366213,0.055478666013077035,0.24197048951300482,0.13353835118790566,,0.0163432841579954,,0.04206994276875275,,,0.02978934165821153,0.0163432841579954,,0.06368175353698884,0.16732259373710087,,,0.0163432841579954,0.17022359711317397,,0.030341807196755978,,0.1340973394345897,0.08674747387796226,0.1761376173422656,,,,0.0163432841579954,,,,0.007345862264283653,,0.0163432841579954,,0.06680018888151515,,,0.24870727304602733,,,,0.0163432841579954,0.0163432841579954,0.14300913699418014,0.054460762466282814,0.030341807196755978,0.21515327937285797,0.0163432841579954,0.04966241176246719,,0.14237565173276354,0.02978934165821153,,,0.09061984794485645,2.1075680830149423e-14,,0.02978934165821153,0.0163432841579954,0.0163432841579954,,,0.3022938928054288,,0.044436489796099515,0.0163432841579954,0.027633583476814497,0.04314453086792657,0.0163432841579954,0.0163432841579954,0.0163432841579954,0.0163432841579954,0.0163432841579954,0.1544841989414352,0.04443489781013142,,,0.05559099198959574,0.058505657617787754,0.027975260169409204,0.025865886031406025,,0.0163432841579954,,,0.0163432841579954,0.1595479922555934,,0.14221545559892165,0.13587556612052384,0.0163432841579954,0.1956808059782485,0.0163432841579954,0.027633583476814497,0.04142131766962534,,0.027633583476814497,0.12647062606509055,0.04342423592088695,0.0163432841579954,,,0.2589257041550791,0.0163432841579954,,,0.0163432841579954,,0.09072792649724501,,0.0163432841579954,0.26070390679528427,0.08608632364353574,,,,0.0163432841579954,0.041057085452475856,,,0.04378786469697211,,0.08702663470297417,0.04148014297431646,0.0163432841579954,,0.2088337472231439,,,,0.0163432841579954,0.0163432841579954,,0.0163432841579954,2.1075680830149423e-14,,0.0163432841579954,,0.1191780004188436,0.0163432841579954,0.02978934165821153,0.15913902484994927,,,,,2.1075680830149423e-14,0.1830446447905223,,0.0163432841579954,0.21624157721284432,0.0163432841579954,,,0.013081825283087729,,0.0163432841579954
1965,,0.21483783628600453,0.027473912604299672,0.2102854402319961,0.12880417004173242,0.026106087165369794,0.012945592444385636,,0.033928246165018695,,0.027473912604299672,0.027473912604299672,0.014528320159923015,,0.08747793301163072,0.16394019863233875,,,0.014528320159923015,0.15991808493578008,,0.014528320159923015,0.014528320159923015,0.13958184581661648,0.0705445978775736,0.16776438564289062,,,0.014528320159923015,,,,,,0.014528320159923015,0.02457973357480235,8.983350935445642e-15,0.0676854122690921,0.014528320159923015,,0.21388859386531855,0.014528320159923015,,0.014528320159923015,,0.014528320159923015,0.17734839781878947,0.0730091666103396,0.05794180251872319,0.2322959382464594,0.027344772802773257,0.0911399591921759,0.027344772802773257,0.1316460324594491,0.014528320159923015,8.983350935445642e-15,0.014528320159923015,0.08371679364917975,0.022306519782999367,,,0.01066030237251261,0.014528320159923015,,8.983350935445642e-15,0.29149196462190335,,0.04573284421261531,0.025188622532426642,0.014528320159923015,0.027473912604299672,0.014528320159923015,0.014528320159923015,0.014528320159923015,0.03816859359991015,0.014528320159923015,0.16020347847225128,0.07344973597933159,0.014528320159923015,,0.10060995379599877,0.09947557165987593,0.0381342149768033,0.02457973357480235,,0.027344772802773257,,0.014528320159923015,0.014528320159923015,0.1531576859055552,,0.17013126508199483,0.15606327238477424,0.019256933321722854,0.17535344907774608,,0.03800507517527688,0.027473912604299672,,0.014528320159923015,0.0951034200865829,0.06257575929143684,,,8.983350935445642e-15,0.25973851253225416,0.027473912604299672,,0.010480731985248268,0.014528320159923015,,0.07097391644793355,,,0.2571477167934285,0.05535319760041913,0.014528320159923015,0.025188622532426642,,,0.05751248394836324,,0.014528320159923015,0.027473912604299672,,0.10044856591521933,0.059309627957653065,0.01066030237251261,,0.2145786927647555,,,0.014528320159923015,0.03114095385046977,0.025223001155533494,,0.06321388611256579,8.983350935445642e-15,,0.014528320159923015,,0.09487642274071481,,0.014528320159923015,0.15340683017734147,,,,,0.014528320159923015,0.1914617606222118,,0.014528320159923015,0.2016718793223796,0.014528320159923015,,,0.014528320159923015,,0.014528320159923015
1966,,0.20418966651518555,0.014757239906934,0.2291345127684025,0.1398479790048736,0.02544647794385426,3.3682832914896093e-16,,0.036195106447391545,,,0.03541947953627121,0.014036454939504407,,0.08123332340588023,0.1578918450932267,3.3682832914896093e-16,,,0.1550359130415284,,0.014036454939504407,,0.13217824377389514,0.09257803314921179,0.1776789356440704,0.014036454939504407,0.014036454939504407,,0.014036454939504407,,,0.010649256458399764,,0.014036454939504407,0.026753170093112476,3.3682832914896093e-16,0.08138670500381172,,0.014036454939504407,0.22454818030863735,,0.014036454939504407,0.014036454939504407,0.014036454939504407,0.010967323362487407,0.17291530068169997,0.07911052184551122,0.03779182115018075,0.23361227796852627,,0.0610179687485752,0.014036454939504407,0.14599827792281478,0.014036454939504407,,,0.08399028619811023,3.3682832914896093e-16,,0.014036454939504407,0.014036454939504407,,,,0.2873876384215246,0.014036454939504407,0.04383609134296284,0.025975422437297155,0.02500377830199148,0.02896810830800381,0.02400945653192136,0.014036454939504407,0.014036454939504407,0.014036454939504407,0.014036454939504407,0.1657893952922717,0.027966447828567532,,,0.06874780848250868,0.08084740826534549,0.025227783084904472,0.024685711397903834,,0.02524235125682173,0.014036454939504407,,0.014036454939504407,0.17944898025298783,0.014036454939504407,0.17590973585168254,0.11503155092818707,0.023922409876524622,0.20107029213726632,,0.014757239906934,0.014036454939504407,,0.014036454939504407,0.09945460740936497,0.0774067893056779,0.014036454939504407,,,0.2572403224688377,0.014036454939504407,,,,,0.10937324394096064,,0.014036454939504407,0.2444422222620384,0.09067738050485429,3.3682832914896093e-16,0.014036454939504407,,,0.07057174155773968,,,0.03367329914567817,,0.0721020025163537,0.047896470946150765,0.0266004930047807,0.0111913281454004,0.20240758246481844,,,0.014036454939504407,0.048441077608580185,0.014036454939504407,,0.0266004930047807,0.0266004930047807,,,3.3682832914896093e-16,0.1365491313472676,,0.014722036370041177,0.12029738909977981,,,,,0.014036454939504407,0.17695360389851558,,0.014036454939504407,0.21803573570157073,0.025975422437297155,,,0.02500377830199148,,0.014036454939504407
1967,,0.2161429598623808,0.03200033484210445,0.2328962276953847,0.1083375923834227,0.012853599691879776,0.02418721728151044,,0.05030430582044206,,,0.04484359548404822,,,0.09052489228390155,0.17659949913765147,2.120438436716448e-16,,,0.13627984368600798,0.012853599691879776,0.012853599691879776,,0.13902485581877397,0.10695313519400178,0.1743369740525373,,,,,0.012853599691879776,,0.012853599691879776,0.012853599691879776,0.019338841282038284,0.013484054157921373,,0.06054251969272099,0.012853599691879776,0.012853599691879776,0.23517871954349587,0.012853599691879776,,2.120438436716448e-16,,0.012853599691879776,0.1508075035177855,0.08269472087192013,0.05800244589697429,0.20370763040092899,0.012853599691879776,0.07386221255618802,0.012853599691879776,0.1531876266410229,2.120438436716448e-16,,,0.08703930028857698,0.012853599691879776,,0.012853599691879776,0.012853599691879776,0.012853599691879776,,2.120438436716448e-16,0.274917537249545,0.012853599691879776,0.05618052943558856,0.012853599691879776,0.02418721728151044,0.03507616909897209,0.022588228812289973,0.012853599691879776,0.012853599691879776,0.02432698355651446,0.02374255150934143,0.18049649100939427,0.06444073632010065,,,0.08427559396996921,0.045428319935968575,0.03686115199053005,0.012853599691879776,,0.040317778937308243,,,0.012853599691879776,0.19140900490714258,0.01010567309536473,0.16128039353737808,0.14333904448309373,0.012853599691879776,0.20662598737102159,,0.012853599691879776,0.02250738151698568,,0.040191401886584634,0.09690533340706815,0.06681439625992305,0.012853599691879776,,,0.24240704059145837,0.012853599691879776,,0.012853599691879776,0.012853599691879776,,0.0792754631098623,,,0.24539643267024758,0.08682893617352064,0.012853599691879776,0.012853599691879776,,,0.06173353831731207,,0.012853599691879776,0.011333617589630873,,0.10000915896572778,0.035660601146145124,0.03521593537397611,,0.206477664220205,0.012853599691879776,,0.012853599691879776,0.03313647805973279,0.012853599691879776,,0.035660601146145124,,,,,0.13870753536053992,,0.012853599691879776,0.15426663428513188,,,,0.011333617589630873,,0.17453743662632762,,0.02374255150934143,0.20820692216658193,0.02418721728151044,,,0.012853599691879776,,0.012853599691879776
1968,0.012850742595723668,0.1879259936616925,0.02319719493827887,0.22425004082933736,0.1512407422000225,0.012850742595723668,0.011443168170661315,4.142178765090185e-15,0.03364498648635964,,,0.012850742595723668,,,0.08013622972261614,0.19309949455713826,,,,0.10657534893918207,,0.020376237326180414,0.012850742595723668,0.1369854195650624,0.13099377599832518,0.1686973132628565,,,0.012850742595723668,,,,,,0.012850742595723668,0.02461403372628123,,0.04801091341717262,,4.142178765090185e-15,0.2303446179255483,,,0.012850742595723668,0.011443168170661315,0.012850742595723668,0.14633075869788975,0.09179513069531357,0.04490678410810942,0.2203513741852295,0.012850742595723668,0.07563363169461365,0.023829280934863594,0.16310925133264453,4.142178765090185e-15,,0.012850742595723668,0.1159069731106489,0.012850742595723668,,4.142178765090185e-15,0.012850742595723668,0.012850742595723668,,,0.2785256201291541,,0.04561805687376073,0.02429391076638084,0.012850742595723668,0.012850742595723668,0.012850742595723668,0.012850742595723668,0.012850742595723668,0.02429391076638084,0.012850742595723668,0.14712560565795976,0.06047200519367559,,,0.07590779948233589,0.043773462235632124,0.03320310572151853,0.022539239577296494,,0.02429391076638084,,0.012850742595723668,0.023829280934863594,0.16906510257277813,,0.18565918755931912,0.14078342666366953,0.03492157550003024,0.19185703073453625,0.012850742595723668,0.023478407329373067,0.012850742595723668,4.142178765090185e-15,0.012850742595723668,0.13885392279401576,0.03492157550003024,0.012850742595723668,,,0.24801949109089788,0.012850742595723668,,,4.142178765090185e-15,,0.11157284093796907,,,0.23794920705286135,0.10511390614543734,,0.012850742595723668,,,0.05200397792944198,4.142178765090185e-15,,0.02429391076638084,,0.0673959722937421,0.04432886009050887,0.012850742595723668,0.012850742595723668,0.20389130500845165,0.012850742595723668,0.012850742595723668,0.012850742595723668,0.0614653997543117,0.010627664733653543,0.023829280934863594,0.026938759493431795,0.02319719493827887,,0.012850742595723668,,0.11984046053516602,,0.034460489923367414,0.16442193263109295,,,,,0.012850742595723668,0.1908123205789963,,0.012850742595723668,0.2099897802399364,0.023478407329373067,,,0.012850742595723668,0.012850742595723668,0.012850742595723668
1969,0.011963269371268194,0.20714947964560973,0.045553666321027426,0.216638748362361,0.13686725680564513,0.011963269371268194,0.011963269371268194,,0.036445818560566695,,,0.04316871082989521,0.011963269371268194,,0.10231143942737458,0.18676448631775766,3.014158356551573e-15,,,0.13598424759273758,,0.011963269371268194,0.011963269371268194,0.11173270947688885,0.13957995658642408,0.16915024491666059,0.01081828930487348,0.011963269371268194,,0.010032278186099653,0.011963269371268194,,,0.011963269371268194,0.020553292996604394,0.022659541634003324,,0.05245286511412082,,3.014158356551573e-15,0.2420262739752471,0.011963269371268194,0.02266697063614208,0.011963269371268194,3.0864981571088108e-12,0.011963269371268194,0.17010603352800127,0.06214182415157934,0.04824072752465999,0.22444249315034429,0.009259261885346122,0.07168697762759559,0.011963269371268194,0.16233707336496958,,,0.011963269371268194,0.0912642863754835,0.011963269371268194,,0.03975884578311467,0.011963269371268194,0.023062988323643417,,,0.2676394784757289,0.011963269371268194,0.05490820567034648,0.03235042152502475,0.020553292996604394,0.02065238937966826,0.011963269371268194,0.0316789984462475,0.011963269371268194,0.02278155867613866,,0.15706503417823287,0.07628416803917767,,,0.08213371955847854,0.06626840474540353,0.04195851070758183,0.0427216462876825,,0.04245580959691737,,,0.0212225312566113,0.17473770554425977,,0.15537624210927867,0.12986034421550569,0.02266697063614208,0.1943946928302684,,0.0125230105875055,0.02266697063614208,,0.0212225312566113,0.12349582414511125,0.09460290682641488,0.011963269371268194,,,0.2394625941700493,0.01399939756518644,,,,,0.09585056388413284,,,0.24832204192239196,0.09162437567229223,,,,0.011963269371268194,0.0434832077161425,3.014158356551573e-15,,0.02278155867613866,,0.08623518386404033,0.04217437994941261,0.03269924882223872,0.011963269371268194,0.1921776114847456,,0.011963269371268194,0.011963269371268194,0.05331344313173708,0.011963269371268194,,0.011963269371268194,0.011963269371268194,0.011963269371268194,0.011963269371268194,,0.11250225663804392,,0.03023674388548706,0.16012574204629143,,,,,0.011963269371268194,0.19181357959504694,,0.011963269371268194,0.19777772892555562,0.023062988323643417,,,0.03235042152502475,,0.011963269371268194
1970,0.011567783420288764,0.21684375397151726,0.041578645046409936,0.2275557365788532,0.12328676630499286,0.011567783420288764,0.021685623566461733,1.0318859628244735e-16,0.04933576287724248,1.0318859628244735e-16,,0.041112679784330954,,,0.08241752152059373,0.1529088324197735,0.009065544835784973,,,0.13846994589525052,,0.022395260064452093,,0.12543925124141125,0.10148258307631186,0.17093513851432446,0.031293535100342586,,,,,,,0.010827476644163433,,0.016965278842265293,,0.08891141255392984,,1.0318859628244735e-16,0.21952393410928625,,,0.011567783420288764,1.0318859628244735e-16,0.033670973913450475,0.17693579258276926,0.06003080679908529,0.04764666567203496,0.22435033627615203,0.021685623566461733,0.10601158411853474,0.012310311005837718,0.15866479033685787,,,0.011567783420288764,0.08642733664570215,0.011567783420288764,,0.011567783420288764,0.011567783420288764,0.011567783420288764,,1.0318859628244735e-16,0.26430450223376856,,0.07417573368515001,0.021175694954169613,0.021175694954169613,0.021175694954169613,0.011567783420288764,0.011567783420288764,0.018640320522708344,0.011567783420288764,0.008976682941115133,0.18213713179509017,0.08295838953757326,,0.011567783420288764,0.07959814925091035,0.07959814925091035,0.039047086098329076,0.030592759174017846,0.011567783420288764,0.03506048369321544,,0.011567783420288764,0.03188586979639202,0.16022111605381018,,0.16159432341700367,0.1472865752404395,0.021386928104277125,0.19724899274027327,,0.03007444359993548,0.011567783420288764,,0.031028277133139083,0.11683453399867175,0.08106799871905922,,,,0.23117517381898825,0.011567783420288764,0.011567783420288764,,0.011567783420288764,,0.0923668074640135,,,0.24738940257207595,0.10635699206987065,,0.011567783420288764,,0.009607911533880955,0.05216643298063629,,0.011567783420288764,0.047230476623016424,,0.09244433338012872,0.031028277133139083,0.030751168402246606,0.028599751440652563,0.2051012580385179,,,0.011567783420288764,0.049193548846925506,0.011567783420288764,,0.021685623566461733,0.010117840146173073,,0.011567783420288764,,0.12725058647850188,,0.051449214069684314,0.14466053888325758,,,,,,0.17384078613566334,,0.022395260064452093,0.2071316058494266,0.04196260251627716,,,0.011567783420288764,1.0318859628244735e-16,0.011567783420288764
1971,,0.18734980569236262,0.04691716151530112,0.21793383646884876,0.14843236985927366,0.010632340957024857,0.010632340957024857,5.178321476255661e-17,0.05970011385112861,,,0.04855592050729672,0.010632340957024857,5.178321476255661e-17,0.08625664640194383,0.16666217926010057,0.010632340957024857,,5.178321476255661e-17,0.14107933011401957,0.010632340957024857,0.010632340957024857,,0.1297417681194954,0.13701144379254568,0.16189218972747865,,,,0.029739140239067874,,,,0.010001131600833234,0.010001131600833234,0.010632340957024857,,0.08592549141372818,0.010632340957024857,5.178321476255661e-17,0.23013482081044717,,0.019299516593879313,5.178321476255661e-17,0.019299516593879313,0.010632340957024857,0.16149157104567768,0.08500876015260964,0.05821149534049419,0.22926465512352456,0.010632340957024857,0.0934881452806036,0.020633472557858034,0.1718696879872051,0.01730624428307567,,0.006657385225573386,0.12942929817826426,0.009487090392869693,,5.178321476255661e-17,0.025029604918809317,0.010632340957024857,,5.178321476255661e-17,0.25791663732456305,,0.0656178985053588,0.01730624428307567,0.010632340957024857,0.022225343766803386,0.017773364688400833,0.019616474064748358,0.04699654113451266,0.020633472557858034,,0.15516410908231243,0.08287090276112694,,,0.09046222492664521,0.07355257430339945,0.03644119042107219,0.01924835496943612,,0.02927204889794583,,,0.029617605665581543,0.1556377594710802,0.008984133107723554,0.13307712471843364,0.12770652764765,0.0201194313498945,0.17322378363842608,,0.026238474081016965,0.0201194313498945,,0.010632340957024857,0.11626875372737688,0.07613125525020158,0.019616474064748358,,,0.24260456726671673,0.015425468007557772,,0.020633472557858034,0.010632340957024857,,0.0914235352041097,,0.010632340957024857,0.2342218937085119,0.0965819178549199,,0.010632340957024857,,,0.0861507479296373,0.010632340957024857,0.009655574833197523,0.010632340957024857,0.010632340957024857,0.08052200247709684,0.07300514212009096,0.02715845041255448,0.010632340957024857,0.2102451200087615,,,0.0201194313498945,0.03811201938304356,0.010632340957024857,0.009655574833197523,0.05018557249515059,0.011089507620602639,0.010632340957024857,0.010632340957024857,,0.14567499796703176,0.010632340957024857,0.02895509142707679,0.14496896862853456,,,,,0.010632340957024857,0.19253959768615833,,0.019616474064748358,0.20900395295058494,0.03362800335425335,,,0.02028791579022233,,0.0201194313498945
1972,0.010351537662203552,0.1981018589139406,0.05237911817529567,0.21070110890340887,0.13878117158956235,0.01846557264278153,0.01069743923148279,4.871854587165843e-17,0.06301971186668295,,,0.06148111563311152,0.01069743923148279,,0.10269170641224967,0.15696585761168935,0.009026024403052292,,4.871854587165843e-17,0.1488791926789654,,0.020624674210451784,,0.14905561292769612,0.13150855386252194,0.16319006099609645,,,0.01069743923148279,,,,,0.021048976893686292,0.01069743923148279,0.041764159501752225,,0.09554728437067499,,0.01069743923148279,0.22307628656138215,,0.01069743923148279,0.01069743923148279,0.01069743923148279,0.04781025337704191,0.14956164507854955,0.08414293786133777,0.0753348616020182,0.22076298062801625,0.019312084368516603,0.09713634534614853,0.012059124010594068,0.13977094107383403,0.01069743923148279,4.871854587165843e-17,0.0091206069432696,0.08422222391198585,0.01069743923148279,,0.01069743923148279,,0.019312084368516603,,4.871854587165843e-17,0.2616442758928752,,0.04077988287961881,0.01069743923148279,0.01069743923148279,0.01981804617475234,0.030976211872655285,0.01069743923148279,0.030976211872655285,0.028051718370127095,,0.15937440941837044,0.06389453374226725,0.01069743923148279,,0.09162698855125831,0.0852420641412136,0.06236426682527586,0.01069743923148279,,0.042650821853288175,,,0.049023588128868936,0.1582411933874855,,0.1537764674561489,0.15534807678281132,0.02054079073679504,0.16644771827478133,0.00813633032113619,0.04631086579049859,0.01069743923148279,,0.020624674210451784,0.12347405321509797,0.07817035791771956,0.030976211872655285,,,0.2428057497533452,0.021048976893686292,0.01069743923148279,0.01069743923148279,0.01069743923148279,,0.0909606426594236,,0.01069743923148279,0.2531837051303473,0.12370504001977807,,,,0.020624674210451784,0.06461592768539354,4.871854587165843e-17,,0.01981804617475234,,0.08605560692728371,0.061500921834947465,0.029650698613504032,0.01069743923148279,0.18999640157469874,0.01069743923148279,0.01069743923148279,0.02808678974250692,0.05135675142990488,,,0.04477760941785296,0.018124483391158096,0.01069743923148279,0.01069743923148279,4.871854587165843e-17,0.14048368174296544,,0.03741883202480276,0.14391042313784697,0.01069743923148279,0.01069743923148279,0.01069743923148279,,4.871854587165843e-17,0.18165376009183276,,0.019312084368516603,0.19900188087756737,0.029663622030720108,,,0.017484076312982273,4.871854587165843e-17,0.014137719809189025
1973,0.014704022830426907,0.18930983151393815,0.049182123384566956,0.21948221655125238,0.1329689699539791,0.019459363449666124,0.01043960102995664,,0.06647922365439242,,,0.05241920256089149,0.0200808297045532,,0.10401936731918643,0.160583373053971,,,3.927523590320692e-17,0.13200515719899314,,,,0.12471509932221196,0.13265354723469974,0.15406479518459212,0.01043960102995664,,0.01043960102995664,0.009019762419709521,,0.01043960102995664,,,0.016873713299166995,0.028885834618164564,,0.0753573658391261,0.007780923912663427,3.927523590320692e-17,0.22861342375084856,0.01043960102995664,0.01043960102995664,0.019459363449666124,0.01043960102995664,0.033590232196977515,0.16472166549745476,0.08864257077934606,0.07407350454910558,0.225117926491273,0.0200808297045532,0.07484572309326817,0.01043960102995664,0.16207776030421775,0.0166125364227278,,,0.0959536288432506,0.019233564396525148,,0.01043960102995664,0.0200808297045532,0.01043960102995664,,3.927523590320692e-17,0.26055524333180136,0.01043960102995664,0.0483867813558748,0.01043960102995664,0.019233564396525148,0.028874793071121705,0.02866003556502359,0.043007494930788606,0.03826040892540069,0.018515817744840127,0.01043960102995664,0.18173315166782322,0.06496066881663243,,,0.10130594892221355,0.06467539595526052,0.02866003556502359,0.01043960102995664,,0.040612587895708305,,,0.01928866739666197,0.1518091733748361,,0.1616371148372046,0.14833185353393166,0.02704443886642371,0.18841416960291488,0.01043960102995664,0.038216925768610126,,,0.019233564396525148,0.1064315305451864,0.09752157468342545,0.01043960102995664,,,0.24062892837971875,0.025541918463586968,0.01043960102995664,0.01043960102995664,0.024820443337435542,0.008076216714883526,0.11404913023694237,,3.927523590320692e-17,0.23526879470722864,0.11631517999069188,,0.01043960102995664,0.01043960102995664,0.01043960102995664,0.08128023781090911,0.01043960102995664,,0.029332321612479034,,0.0847422349797172,0.09211288498556372,0.02924064650569121,0.01043960102995664,0.1941979537319174,,,0.01986607219845508,0.04625219808365328,0.01043960102995664,0.01043960102995664,0.025805600359377616,0.01043960102995664,0.01043960102995664,,,0.11712708925105199,,0.026590932754604345,0.1500736842452216,,,0.01043960102995664,,0.019233564396525148,0.18362651207536274,,0.019599417831094652,0.20156812826835718,0.0200808297045532,,,0.01573030784239582,,0.01043960102995664
1974,0.01021925205637867,0.19556794768131108,0.06812620008288367,0.22998109500395822,0.12309461516237637,0.018779070304834312,0.010640490468694946,3.4292277713002726e-17,0.0679759581962622,,,0.04928277832772156,0.01021925205637867,,0.07857873697748309,0.16060258224095508,0.009140626797689653,,3.4292277713002726e-17,0.14528156501792902,,0.02472131845165722,0.01021925205637867,0.12873803574007586,0.11457100088553093,0.155053284165262,0.01021925205637867,0.006357832536422496,0.01021925205637867,0.01021925205637867,,0.01021925205637867,,0.01021925205637867,0.018779070304834312,0.019323537941043863,3.4292277713002726e-17,0.06728479574621682,,0.01021925205637867,0.21622720926138925,0.01021925205637867,0.01021925205637867,0.017961245533211972,0.01021925205637867,0.03216437495154307,0.1536948113048281,0.06227632321972491,0.05634814200590688,0.21551901304224966,0.018779070304834312,0.0872776644225187,0.019323537941043863,0.15633736175400753,3.4292277713002726e-17,,,0.10648498397875557,0.01021925205637867,,0.002696961110499534,0.018779070304834312,0.01021925205637867,,,0.2581468711019056,,0.1106454914150015,0.02846416473873348,0.01021925205637867,0.018779070304834312,0.0380932188886783,0.019848306206323496,0.019848306206323496,0.035898774289750954,0.01021925205637867,0.17746890568303877,0.0854467063275999,,,0.10232963990011719,0.08101405118385183,0.04372310641344799,0.04552782843969578,,0.07419761386620378,,,0.0449617785787,0.15596768284888055,,0.1494574370096772,0.12649249114013897,0.03761102339263001,0.18461843633910802,0.01021925205637867,0.04552782843969578,,,0.01935987885406829,0.09975836520769768,0.0789562310983036,0.018779070304834312,,,0.23089912222660516,0.028988933004013114,,,0.009629054149944858,,0.10523035400735713,,,0.2432375103856518,0.111202784219224,,0.01021925205637867,0.009140626797689653,0.009140626797689653,0.07337728963296383,0.01021925205637867,,0.02791969710252393,,0.11587585730015386,0.08811336356505932,0.02675814749206134,,0.19376290505603247,0.01021925205637867,,0.028988933004013114,0.054907249273562976,0.01021925205637867,,0.04607229607590532,0.023392845311615413,0.01021925205637867,0.009629054149944858,,0.1432125469484679,,0.05701392792129019,0.14913055908796144,,,,,0.01021925205637867,0.17217022845515845,,0.01875103317513256,0.20155697242290965,0.024319078069634435,,3.4292277713002726e-17,0.03702398298718912,,0.027030420036318108
1975,0.007682558188652489,0.20440143691576093,0.0532907359956936,0.20468708382776502,0.12045290715971703,0.028329049599999784,0.010160618008294993,,0.06962229124927509,,,0.044002355833914306,0.010160618008294993,,0.08827796221339135,0.172203644632391,0.017818923902491228,,0.010160618008294993,0.13118939373384825,0.009348484907760291,0.010160618008294993,,0.14757227399536543,0.11126852691718053,0.1577598704467959,0.01963416064622227,,0.010160618008294993,0.017818923902491228,3.800755580540567e-17,,,,0.01898056469223953,0.03885018989992494,,0.08009464143308857,,0.010160618008294993,0.2267235946273749,,,0.01898056469223953,0.010160618008294993,0.02530722900719079,0.16213086336463042,0.09106605811559784,0.06250227303839449,0.22166423285956732,0.03747536740291712,0.10650730545754736,0.025987617879229118,0.1491633412436766,0.010581666502021947,,0.010160618008294993,0.09113005017914177,0.016184015164441734,0.010160618008294993,0.019181878081045302,0.010160618008294993,0.010160618008294993,,,0.25535866137047747,,0.061139294092856386,0.0361363960655314,0.018305059690576667,0.053153057249227996,0.04548515042657951,3.800755580540567e-17,0.01963416064622227,0.010160618008294993,0.010160618008294993,0.17070408030127854,0.0916187283561978,,,0.08986457353850898,0.09179463367785289,0.0478599714680156,0.010581666502021947,,0.03972261379460248,,,0.027292466540418506,0.15138037454742376,0.014953431637255836,0.14571867178133008,0.15139591869566904,0.03711572541139441,0.17978862809426946,0.010160618008294993,0.05676510198700929,0.010160618008294993,3.800755580540567e-17,0.027778602328503946,0.1313587308362088,0.07504006220401845,,,,0.2380906093794186,0.027326319763326976,,0.010160618008294993,,,0.11429919807453919,3.800755580540567e-17,0.010160618008294993,0.23494759295379386,0.10720518626342507,,0.010160618008294993,,0.01963416064622227,0.07844223793321962,0.01898056469223953,,0.0337436268347717,0.010160618008294993,0.10560602818056286,0.07535499916566821,0.035501593512634114,,0.19246926120921506,,,0.02800182476498984,0.05495693216808926,0.010160618008294993,,0.04475848205229675,0.025246983018413265,,0.010160618008294993,,0.12850974818440047,,0.05025629438658604,0.13295130884692966,,0.017314368519843873,,,0.014953431637255836,0.1860730850534823,,0.03621292117745801,0.19307883845449186,0.02603382673539095,,,0.010160618008294993,,0.027767240503634154
1976,,0.19126359495485254,0.06405738607394916,0.21315532637301207,0.13365209166780342,0.034212502697459825,0.009634729121427111,,0.05827589329425664,,,0.03511914212238493,0.017735337694125698,,0.1016566343611495,0.16168918440353247,0.026609986418312914,,0.009634729121427111,0.14557497264000935,,0.009634729121427111,,0.16052430944183307,0.1255121413852052,0.16472375072685352,0.017852079013605176,0.018687682473608365,,,7.300475898739347e-16,0.00402460669968064,,0.009634729121427111,0.018143884825499126,0.04568425412079741,,0.11327231826238225,,0.009052953352181986,0.22072467346602845,0.009634729121427111,,0.009634729121427111,0.018687682473608365,0.03265396182809545,0.1480742986304021,0.10439791500357162,0.05406717722507435,0.21012726501165904,0.014202621391677583,0.0799493900760462,0.009634729121427111,0.1571885700357626,0.018687682473608365,,0.009634729121427111,0.11177107079283445,0.009634729121427111,,0.009634729121427111,0.018687682473608365,0.009634729121427111,,,0.2499206099832855,,0.05637653008150386,0.009634729121427111,0.009634729121427111,0.024396053908064156,0.03394344323692541,0.024902215225819115,0.026788291046306954,0.018143884825499126,0.0071551521906191885,0.19630917321068303,0.0740591319589461,,,0.07885324763790225,0.05219352497699403,0.04127496103798627,0.033891224022069524,0.009634729121427111,0.03502114000469853,,,0.018143884825499126,0.16582886319457898,7.300475898739347e-16,0.15845935251719181,0.14768765154819208,0.018687682473608365,0.17933380225142284,,0.05530044422231462,0.009634729121427111,,0.049699115240511384,0.13451138925120829,0.07940458606828794,,,,0.23020519455206712,0.009634729121427111,0.009634729121427111,0.009634729121427111,0.009634729121427111,0.009634729121427111,0.116305161481458,,0.009634729121427111,0.23483018797335176,0.11746540010226983,0.009634729121427111,0.017852079013605176,,,0.09234973932927815,,,0.022989831179754706,,0.07281244991243598,0.06417967559414789,0.03370175954389218,,0.18198450981273917,0.008874648724187945,,0.024618106595025408,0.04176495258947244,,,0.03416168504584,0.0071551521906191885,,0.009634729121427111,,0.1331922699443194,,0.03787181650153255,0.141309325379712,7.300475898739347e-16,0.009634729121427111,,,0.009634729121427111,0.18560313086973404,,0.019497737796998496,0.19835418919591583,0.02756233119779558,,,0.018509377845614326,,0.009634729121427111
1977,,0.20315625225775483,0.05624150872043204,0.22273152910479327,0.12319035042688355,0.019510381804483046,0.010173817970806416,,0.057900278093519546,,,0.05113082416569743,0.01840016390849575,,0.0868569248027559,0.13970356276217347,0.02623730305048562,,0.010173817970806416,0.14806259024051505,0.009079507014354633,0.010173817970806416,0.010173817970806416,0.16424520891878922,0.09861442248083564,0.17841361617165644,,,0.010173817970806416,0.01488530599863426,0.010173817970806416,,,0.0249882624061619,,0.01840016390849575,,0.07267793847748298,0.007425352634795935,0.010173817970806416,0.2071160454357248,0.010173817970806416,9.462163103980889e-16,0.010173817970806416,0.010173817970806416,0.02814284724776522,0.16852151105778052,0.10999515664084893,0.06362086627512765,0.22859626022164473,0.028660966871395216,0.10119855669560891,0.009079507014354633,0.15733902557123366,0.010173817970806416,,0.010173817970806416,0.11276505622732892,0.027246726064248997,0.009336563833677576,,0.027089159397881955,0.026987459162011253,9.462163103980889e-16,,0.2561457141636263,0.010173817970806416,0.08903238535293187,0.019510381804483046,0.026004358191885173,0.03478033346788123,0.023293019279811283,0.016870923193155907,0.025545485083359118,0.016526449153432567,,0.16861583758519566,0.07651575432156943,,,0.09061178881150143,0.09463451970519857,0.03187782996994653,0.03003666078303648,,0.019161194124041797,0.009079507014354633,,0.03505844851624834,0.1531003634947992,9.462163103980889e-16,0.17663129654179574,0.13356777466756536,0.010173817970806416,0.19081336475616015,0.010173817970806416,0.052982570715679043,0.019253324985160098,0.010173817970806416,0.019296285092011978,0.13284443112790723,0.09839921404510894,0.010173817970806416,,9.462163103980889e-16,0.2296771717797455,0.017599170605601403,,0.007691174070000224,,,0.07994873793213689,,9.462163103980889e-16,0.23506758203212874,0.1298204701400071,,0.010173817970806416,,0.017752595564205324,0.0525764512100862,0.010173817970806416,,0.01840016390849575,,0.09223429450597144,0.05438437848367191,0.041763855777996337,1.0408379414378978e-14,0.18695090812457105,,,9.462163103980889e-16,0.054411100319150175,0.009336563833677576,,0.043108394854725084,0.010594604362606749,0.009336563833677576,0.010173817970806416,,0.10787210974062947,,0.029817101315177685,0.14341707147233357,,9.462163103980889e-16,,,0.010173817970806416,0.17583801199710505,0.009122467121206509,0.0403680630937574,0.19364291045860366,0.037566834271308046,,,0.017102278985463567,9.462163103980889e-16,0.010173817970806416
1978,8.331646995607079e-16,0.19917361003095282,0.03493621002093543,0.22365312715303565,0.11313216775325459,0.017187118223845655,0.009744012977446351,,0.0595193199229574,,0.00878211280116233,0.05118668935927596,0.01565157116069353,,0.10270746473200576,0.15081170766639954,0.017743003337366402,,0.009744012977446351,0.14472495007844055,,0.016385880358397133,,0.1695575134070118,0.13630518980087258,0.16293849314719144,,,,0.01852612577860785,0.008474870399613229,,,0.00878211280116233,0.009744012977446351,0.017743003337366402,,0.07185278487984635,,0.009744012977446351,0.21635053383297126,,,,0.009744012977446351,0.02582676539087143,0.16917511565182541,0.09072855241776034,0.051946779285891746,0.20420194007133532,0.019160700009059457,0.07954786314308533,0.009744012977446351,0.1782339904287903,,,0.009744012977446351,0.10674001424103009,0.009744012977446351,,0.00878211280116233,0.019160700009059457,0.009744012977446351,,,0.2487484371946421,,0.0595193199229574,0.009744012977446351,0.027159690368979503,0.02794281281022095,0.023928612706696377,0.009744012977446351,0.01704465258970993,0.04174474103688312,0.009744012977446351,0.19222659171630008,0.08435837996372116,,,0.10801883528797333,0.0784320527693047,0.05048856440982426,0.031944897008871,,0.034730168793297586,0.017743003337366402,,0.02650394110565683,0.13876348758130902,,0.1640307290718114,0.14145096781564392,0.01852612577860785,0.17282873046663297,,0.028762224660743727,0.009744012977446351,0.009416687031613935,0.02981558194785935,0.12065047588057494,0.10224575045204845,0.009744012977446351,,,0.24039274723326362,0.026217873736978797,,,0.00878211280116233,0.009744012977446351,0.1094320371358029,,,0.22419361051958625,0.11803529303188513,,0.009744012977446351,,0.00878211280116233,0.08213224022292849,,,0.04608766200020911,0.009744012977446351,0.0689444869474507,0.0774597954824944,0.026962706749999878,0.018218883377058747,0.19001142271571334,,,0.01852612577860785,0.056944758270418824,0.009744012977446351,0.009744012977446351,0.02504364294962998,0.03399732055633835,,0.009744012977446351,,0.09923743564294799,,0.027159690368979503,0.17413585978203233,,,,,0.018218883377058747,0.19075450915783296,,0.045178620978123786,0.1863743604015317,0.04036788816449026,0.009744012977446351,,0.012259049958221888,,0.016169386996995026
1979,,0.1982875422073393,0.06171821514984886,0.2235745975041423,0.1251750554682063,0.016802581277742795,,,0.043166109216623234,,,0.04312362892124227,0.010330050348286532,,0.07421960793082846,0.1582529676413787,0.0094990891101614,,0.010330050348286532,0.15260798858021665,,0.0178660698052137,,0.14863575484868757,0.12734735769472022,0.1764058691078574,,0.010330050348286532,,0.010330050348286532,,1.295187495224852e-15,,0.00901586132231964,0.018914910956899463,0.04532578685290537,,0.08472675809452662,,,0.21260271231153824,0.010330050348286532,,,0.010330050348286532,0.0359625605279245,0.16653241099428703,0.08313050816860246,0.03573961209351918,0.22043595570707075,0.010330050348286532,0.08221741558178507,,0.17924424646515047,0.018180926410664513,,,0.11049385313834538,0.01947428889480986,,0.010770558870271996,0.007496547265317667,0.029244961305184697,,,0.252566426566838,1.295187495224852e-15,0.07677356089253641,0.01390394707899298,0.019829139458446637,0.04258064526042539,0.019025524792263427,0.010330050348286532,0.02844134663900149,0.044147619913107894,0.010330050348286532,0.17673035347289656,0.07462549546871992,,,0.10499424803009214,0.04788802150803091,0.05932423008135823,0.018440019542938002,,0.04505419632290742,,,1.3262719951102485e-12,0.16609731148435997,,0.15865684887908085,0.15389854702774838,1.295187495224852e-15,0.1961722747596212,,0.029244961305184697,0.018180926410664513,,0.03635378537641513,0.10920967059360286,0.08912577630895532,0.010330050348286532,,,0.2322504667041998,0.027455880865256348,0.00941582184673936,,,,0.10715553277242337,,0.00941582184673936,0.23021468850085738,0.09534504568016527,1.295187495224852e-15,0.010330050348286532,,1.295187495224852e-15,0.08138366227993826,,,0.018180926410664513,,0.08460199390232082,0.08048504665578085,0.05947204114725126,0.010330050348286532,0.19195295471775486,,,0.0178265976136029,0.07113310234024682,0.01947428889480986,,0.02844134663900149,0.010330050348286532,,0.010330050348286532,,0.10308395894127151,,0.028162126851911364,0.13892553297798388,,0.008109969194652764,,,0.010330050348286532,0.1842550151953672,,0.04740506117402637,0.18328958124870068,0.05243641855344425,0.010330050348286532,,0.01947428889480986,,0.010330050348286532
1980,,0.20130826466013346,0.05001117285933325,0.2181455984421805,0.12080918661595795,0.015540544948967549,0.008307177917035754,,0.0484257570454164,,,0.03829495202709,0.015540544948967549,,0.09115779013750629,0.1415297294305069,0.009945926110173153,,,0.1630618480414051,,,,0.15631156973516638,0.11307051533715708,0.16374438093206992,,0.005594618838795342,,,,,,0.00831584315339978,0.009945926110173153,0.03605037443400915,,0.10316684342327703,,,0.21014898458324469,0.009945926110173153,,0.017903627458482452,0.01952838688188112,0.03601442164522533,0.17506850945987495,0.08574728575755834,0.04541313513061962,0.21036815162309772,0.010355259486158334,0.07802155230588917,0.009945926110173153,0.17694171441512202,,,0.009945926110173153,0.09795543833127983,9.44943610449038e-16,,0.019004330756150326,0.016477369526981128,0.018253104027207964,,,0.25160306514934316,,0.05875268080984684,0.01952838688188112,0.028474004103907154,0.035787769622737435,0.03422107009908753,0.01952838688188112,0.03447753682093247,0.0353775780955434,,0.1755611230257101,0.09287146834946208,,,0.10697168040660178,0.0841711874111146,0.08296976489901245,0.017903627458482452,,0.0431169714392874,0.018261769263571988,0.009945926110173153,0.008307177917035754,0.15187401486809984,,0.15785160282875516,0.15728841169454852,0.027844230035279954,0.1855818395686095,0.009945926110173153,0.027844230035279954,0.018253104027207964,0.009945926110173153,0.04505499332553007,0.12132969478334496,0.07856891250729595,,,,0.22629936341128326,0.009945926110173153,0.007957701348310241,,,0.009945926110173153,0.09265916563237186,,0.00958246077170891,0.24240903110238407,0.10763665049587762,0.009945926110173153,0.009945926110173153,,,0.06306192824165148,0.009945926110173153,9.44943610449038e-16,0.027480591705702627,,0.061509462316190935,0.08043901672911166,0.018891543332199192,0.009945926110173153,0.20116932617948602,0.00958246077170891,9.44943610449038e-16,0.01952838688188112,0.06594576286932716,,,0.05335667471807709,0.017903627458482452,,0.009945926110173153,,0.12190816117750403,,0.03296362301634159,0.13188798951844166,,,,,0.018261769263571988,0.17817880382873885,0.009945926110173153,0.027514831205512815,0.2066836472506904,0.057471864458484845,,,0.016185757956497973,,0.009945926110173153
1981,,0.19944992443596055,0.03696174360454211,0.22478329832191815,0.14809410863631575,0.023437804700081985,0.017655262048345183,,0.05518782759826283,,,0.0343269362545111,0.009951486268103982,,0.07857925856759054,0.12493673292969783,0.017139738150560878,,,0.14128632792552048,0.008668001329805152,,0.017713406847143117,0.14954730915793013,0.10175870903747145,0.1830198943916414,0.009951486268103982,0.006132806321221005,,,8.751978020566335e-16,,,0.018530843411929072,0.017655262048345183,0.01932867031093317,,0.07829002745572015,9.627175822622965e-15,0.009951486268103982,0.22069430198753678,0.009951486268103982,,0.026838773774149626,0.014075400505085961,0.031394342549536394,0.15857167732431174,0.07855052873505512,0.018530843411929072,0.21843743846286973,8.751978020566335e-16,0.08398672183634139,0.009053716149784723,0.1836389360387999,0.01932867031093317,,0.009053716149784723,0.10734811661487836,0.009951486268103982,,0.010358308067180298,0.009951486268103982,0.022587630614914738,,,0.25337168460542564,,0.07575248160030926,0.01616474940267105,0.013948107887565772,0.02649512189512649,0.01732430218300053,0.009951486268103982,0.041019168596610596,0.0412959295461509,,0.19762556354901514,0.08837365517483382,,,0.09743353221116163,0.09434787836512395,0.07292920490782658,0.009951486268103982,,0.03705038779052129,,,0.009951486268103982,0.15614766676970152,,0.15819610304745357,0.16958838901768883,0.027908027454758254,0.18246450236959888,,0.04948767725798217,0.018530843411929072,,0.0331805553952617,0.10499960884999145,0.08342648033980583,,,,0.2305147933021589,0.009951486268103982,,,8.751978020566335e-16,0.009951486268103982,0.12418462511286892,,,0.23875014195229347,0.10980384783547215,,0.01900520241788783,,,0.08389445621013242,0.017785057624365774,,0.017655262048345183,0.009951486268103982,0.06866706847072691,0.06835183224734784,0.04645909709637917,,0.19614483748059516,,,0.01919003054796477,0.03625256089151719,0.01932867031093317,0.009951486268103982,0.03650180340366656,0.007188251882457771,,0.009951486268103982,,0.09121289978920898,,0.043381354075114696,0.14308160843172815,,,,,0.009951486268103982,0.1786635202213541,0.008579357143825963,0.027908027454758254,0.1877189688427051,0.038979134568414085,8.751978020566335e-16,,0.009951486268103982,,0.01688728750604651
1982,,0.1970713038647914,0.06379858247876749,0.22405916964331954,0.16272769700288453,0.01929729919059072,0.010259095487000458,,0.06365340569788452,,,0.05783133775659751,0.010259095487000458,,0.07599235769283096,0.1320416334670753,1.1945898589068188e-15,,,0.16175794101972552,0.018562569364728634,0.010259095487000458,,0.16895965762017454,0.1134716158364698,0.16175638813562473,0.017640457461120196,,,0.00906140602127238,,0.010259095487000458,,0.010259095487000458,0.022028390571266408,0.01978346114813763,,0.10318771439755633,,,0.21744849275829425,,,0.028844867169408817,,0.027282318231640866,0.16453884103649694,0.07713139677438015,0.03788307087299908,0.22416595869054393,1.1945898589068188e-15,0.08327106131294747,0.010259095487000458,0.16368845517375827,0.010259095487000458,,0.010259095487000458,0.12010369928268132,0.007381361974120933,,1.2232600155205825e-12,,0.028110364061304873,,,0.25379441241761175,,0.07154349249203337,0.010259095487000458,0.014845895903647854,0.0441921508823418,0.02716482312225737,0.010259095487000458,0.04449545788950994,0.02069907133748564,0.010259095487000458,0.18505767666969553,0.07833380598824079,,,0.1014696782967768,0.08674497045564196,0.054591999676613344,,,0.05318349909769984,0.010259095487000458,,0.010259095487000458,0.16283478804726567,0.009057083326016927,0.13789029430409191,0.12622987175776598,0.048091550020597965,0.19601367803056255,0.009524365661138368,0.06013906422274688,0.02667866116471046,,0.028358705211861904,0.11065461072258767,0.10675920428390182,0.01929729919059072,,,0.22359218675362139,0.009524365661138368,0.008789862553034428,,0.010259095487000458,0.010259095487000458,0.10878935209842598,,1.1945898589068188e-15,0.23561875704956992,0.10789868628041036,,0.01978346114813763,,,0.05553691410427451,,,0.024418699136997592,,0.048639030112193414,0.09598326599111584,0.04697348865493639,,0.1842309973691644,,,0.01978346114813763,0.05573001675204804,0.010259095487000458,,0.03620302682584763,0.028821664851727893,,0.010259095487000458,,0.1027585021138416,,0.036268761936505314,0.1326190244448543,,,,,0.010259095487000458,0.18906624778514136,,0.03714424506963969,0.18260464931256315,0.04033175007255747,,,0.017901645925833987,,0.010259095487000458
1983,,0.20450355807385143,0.03057117533380167,0.22551144522867317,0.13204072200506334,0.010599536974132543,1.3700024136292977e-15,,0.04570475185830371,,,0.027781163722453858,0.0207450785238956,,0.0639653215992762,0.131765227322055,0.010599536974132543,,0.010599536974132543,0.15413190710835994,,0.010599536974132543,,0.17342255713053575,0.12406850675127477,0.1784424195605499,0.010599536974132543,,0.010599536974132543,,,0.0091430487905615,,0.010599536974132543,0.010599536974132543,0.02851990875972733,,0.10681200475257319,,,0.22318707150973185,,,0.010599536974132543,,0.03036028251704038,0.15543892672144635,0.08072778798433461,0.03672793365460243,0.2092901839967544,0.010599536974132543,0.11153686614742452,,0.17624608950272372,0.010599536974132543,,0.010599536974132543,0.0883375272831646,,,0.007971445854528362,0.015348587245289926,0.019742585764692677,,,0.2587397377573216,,0.06913846148190195,0.0207450785238956,0.03036028251704038,0.038934026241989744,0.0261429137790544,0.0091430487905615,0.02107821233118908,0.0256668455994907,,0.19458818854870155,0.09762079313754829,,,0.12029178813564839,0.0900650582854035,0.025858152103329854,0.019173280699081904,,0.010599536974132543,0.010599536974132543,,0.010599536974132543,0.14652207998720487,,0.1526396055944939,0.15201081252481813,0.03701943280827337,0.17834175782671,0.010599536974132543,0.052552682332984484,0.026948110934913637,0.010599536974132543,0.038934026241989744,0.09724849034684278,0.09750055511400611,0.020214740967277323,,,0.23471236164988848,0.0207450785238956,0.010599536974132543,0.010599536974132543,1.3700024136292977e-15,0.010599536974132543,0.1050495972775181,,,0.247657928056037,0.09950721267854533,1.4028824715564009e-12,0.008038577957762553,0.010599536974132543,,0.06380795466683573,0.010599536974132543,,0.05452726535491795,,0.07377393035592031,0.07610259256898581,0.03188339500684358,0.019742585764692677,0.18978861666859398,0.010599536974132543,,0.010145541549764424,0.05870171781342872,0.010599536974132543,,0.06079208763168077,0.010599536974132543,0.010599536974132543,0.010599536974132543,,0.08861321914700075,,0.038934026241989744,0.12242918094060957,,,,0.008377647239923361,0.010599536974132543,0.1780142095533302,,0.020214740967277323,0.19622672222822507,0.019742585764692677,,,0.0012523530849580778,,1.3700024136292977e-15
1984,,0.18913387114493319,0.053109896211234624,0.22166780833155755,0.11489551863842057,0.010418438959237549,0.010418438959237549,,0.06605553851515167,,,0.043622389259893264,0.010418438959237549,,0.05802510260252656,0.11926478363786785,0.025306616767098205,,,0.1714951807062983,0.010418438959237549,0.024601358361147484,0.009291797980667902,0.17388587951705417,0.12294519810739124,0.1643012575319437,0.009291797980667902,,,,,0.0268453517853044,,0.007237549017705717,0.028573046917804303,0.03665676109466842,,0.07542054387468855,,,0.2111534913743215,0.019590356866133193,,0.010418438959237549,0.010418438959237549,0.01971023693990439,0.14491192150775198,0.08821730940977204,0.032577170172490254,0.20567381029590162,,0.08964302428183783,0.007562004605403012,0.18323586415616366,0.01971023693990439,,0.010418438959237549,0.09126108100792636,,,0.01971023693990439,0.02595753473970055,0.010418438959237549,,,0.26057422195975816,,0.0454935020073718,0.00886280997790098,0.028573046917804303,0.0500469795198045,0.04620378508301664,0.010418438959237549,0.03623921048652083,0.03357005777479846,,0.20164488170786715,0.08480764128373339,,,0.09912142356731894,0.07176289187650439,0.07720464791183991,0.03513984864402345,0.010418438959237549,0.028152655123505493,0.008223318575432605,,0.019281248937137462,0.1570547295851213,,0.14538814374552672,0.12121152572402454,0.027272241545306334,0.1787699939120535,,0.04554789160583268,0.028152655123505493,,0.04308947887473149,0.13209234863269909,0.11120550513699223,0.00844241818360217,0.008223318575432605,,0.2293987406644661,0.010418438959237549,,,,0.010418438959237549,0.12912093013049541,,0.010418438959237549,0.23239690801004098,0.13134770400725415,1.0646578909134842e-15,,0.019590356866133193,,0.07007481260384552,0.010418438959237549,,0.041350562305431514,,0.09024451700372982,0.09289022557214288,0.040801615148731776,,0.18423913423487487,,,0.019590356866133193,0.0499728331867887,0.010418438959237549,0.009291797980667902,0.059586952450467176,0.01669782512784553,0.010418438959237549,,,0.0929386969867651,,0.05131280714134243,0.14155933045187408,,,,0.004768443705386587,0.027152361471535144,0.18101931886153583,0.010418438959237549,0.036119703864504686,0.20518047058328473,0.01864175753466909,,,0.010418438959237549,,0.010418438959237549
1985,,0.19520579662099186,0.05813549570775247,0.2047752015100737,0.12612465626529368,0.01761291331991638,0.00944527562526145,,0.06520100617107956,,,0.039572350528758474,0.016489842981801242,,0.06921951204261502,0.11971196152612483,0.03422973754602467,,0.00944527562526145,0.16471687332778404,,0.01822357172760985,,0.16597594634590654,0.10466518555145322,0.167809307724298,0.016274982207257618,,0.007240627948385451,0.017005196597250475,,0.00944527562526145,,0.02604523249093671,0.00944527562526145,0.04426452728093973,,0.11212341575507527,6.363517843485402e-16,0.00944527562526145,0.21458281899757356,,,0.01822357172760985,0.00944527562526145,0.033890837212200924,0.18507787965136518,0.10342453735524378,0.025653653357768643,0.20393648889157004,6.363517843485402e-16,0.08864685327866835,6.363517843485402e-16,0.1826061054145612,0.01822357172760985,,0.00944527562526145,0.08773029214761875,0.01822357172760985,0.008778296102349035,0.009819006971452698,6.363517843485402e-16,0.00944527562526145,,,0.2481477748784724,,0.04148552501134773,0.00944527562526145,0.017239596486783488,0.03476077962689188,0.03506511394515275,0.00944527562526145,0.033475314121095494,0.018713887118645023,,0.19022861512428965,0.08990470433424999,,,0.09907845314251668,0.09458236107822555,0.03522876832485968,0.0057306006878226476,,0.027108982893019225,0.012318932439068411,,0.00944527562526145,0.17920001736043034,,0.15055728397493526,0.14259013537801674,0.025877522327003157,0.20228796235465338,,0.03875823901122729,0.01822357172760985,,0.018282834527856354,0.1190088232601658,0.08587410408044291,0.018282834527856354,,,0.23062559988006257,0.018282834527856354,6.363517843485402e-16,0.00944527562526145,,0.00944527562526145,0.12404454159668168,,,0.23218255025253834,0.13939112357161443,,,,,0.07791461109618864,,,0.01830982490644948,,0.07992247873591868,0.10144563868484625,0.03344797421929068,0.018282834527856354,0.1794327332460334,,,0.00944527562526145,0.026450472222511286,,,0.033400955156538174,0.018282834527856354,,0.01822357172760985,,0.07799568950069505,,0.019510020935410467,0.1499711386088495,,,,,,0.18219965048243564,,0.019006252356758863,0.19953042767840024,0.0259859696906902,,,0.018282834527856354,,0.00944527562526145
1986,,0.18970470581916088,0.02026751240470201,0.21813860578165364,0.09852326228373241,0.02415000433867436,0.010088995206665355,,0.04349496024682782,,0.010088995206665355,0.03678711284450501,0.010088995206665355,,0.04240826829371316,0.11791468078764457,0.014366730050272076,,,0.15763898130641793,0.007553621178213762,0.025379942847745002,,0.18093463584283231,0.14639018066065215,0.16749849963289457,0.02741443096014956,,,0.009372681884356446,,0.010088995206665355,,0.017631753118024365,0.040558003907034054,0.018274002969071636,,0.1006171394708221,,,0.21364348070108044,0.010088995206665355,,0.010088995206665355,0.01877342186474556,0.017521551664788654,0.16320173662446935,0.09815523326549694,0.027004435002379815,0.21732569154360978,,0.0799796020491647,0.01877342186474556,0.17162727442033665,0.01877342186474556,,,0.12060129574129616,0.01804600925767986,,0.010088995206665355,,0.010088995206665355,,,0.25374226788422294,,0.037051845322148766,0.01876232257998877,0.01946167709102081,0.01946167709102081,0.04419431475785986,0.017642616384878122,0.04459587773549004,0.01877342186474556,0.008494589830547072,0.20585738750619845,0.0700276399636066,,,0.10184924685307956,0.07903080247769233,0.04863104997603055,0.014772176562630471,,0.02795626692156689,0.012120883705777848,9.955518743227957e-16,0.022336333308261045,0.17195762694565478,0.010088995206665355,0.15635045301795183,0.1484165080323215,0.035688861660460015,0.18693317168656853,,0.04164788352816036,0.04409402855310192,,0.04331865299076467,0.08652788497160702,0.11725965632727749,0.010088995206665355,,,0.21841791287029086,0.02630508049134778,,,,,0.11859960493519822,,,0.2357273252438799,0.11778547921217615,,0.01946167709102081,0.010088995206665355,,0.04856523153748953,,0.009372681884356446,0.038112636690154154,0.010088995206665355,0.06217692060250098,0.11642667243942506,0.03797690880526657,,0.1948714458980413,,,0.01877342186474556,0.057426722186448786,0.010088995206665355,,0.07229987710199032,0.01877342186474556,,0.010088995206665355,,0.057272975269381216,0.010088995206665355,0.03845845129578399,0.12920586746537865,,,,,0.008846321366402237,0.19639491052194952,,0.043446926757232635,0.18997784012250532,0.04267484805505752,,,0.025553976440981428,,0.027268011695291635
1987,,0.19858643577551094,0.04160261418919047,0.21642851261797283,0.10856353431999054,0.02976095385363079,0.009360201755746088,,0.06075810625619063,,,0.045082596197064596,6.360133222074294e-16,,0.034652780459286894,0.13988690304809784,0.0064535584324238,,,0.16990746838814988,0.008805032361760425,0.01807649879595705,,0.17173496477418015,0.10655757183945017,0.18391354919026803,0.016056054292460535,,0.009360201755746088,0.008805032361760425,,0.01672555652870355,,0.018165234117505875,0.030114709751748327,0.05561500758938091,,0.0894088740273602,,,0.21237843911665863,0.009360201755746088,,0.022688791997937382,0.029726402976765213,0.02688153115771684,0.15967367762245052,0.07622999550114894,0.02688153115771684,0.21062439835381006,,0.05927950944263476,0.017035008957742997,0.16971422185373022,0.02489024810408914,,6.360133222074294e-16,0.11123424790030309,,,6.360133222074294e-16,0.009360201755746088,0.009360201755746088,,,0.24614920158151102,,0.05719251371901721,0.018165234117505875,0.026395210713488448,0.05578045700580085,0.032224200531605546,0.008805032361760425,0.049841045097847515,0.029768663396022136,6.360133222074294e-16,0.19747516130983145,0.06314772362835443,,,0.1279778317788566,0.07869494990972761,0.04703832677279444,0.016869432615547016,0.017369461244238035,0.036499414307826425,0.017590178351728658,,0.02913988275946944,0.1733173652760812,,0.12935148207351527,0.12818628790664446,0.0344330224367747,0.17475174905190902,0.009360201755746088,0.05640408453445877,0.02514166963078652,0.009360201755746088,0.03398888728432848,0.1155911111638669,0.1116404318247833,,,,0.22921700766225764,0.009360201755746088,,,,0.0065905833334053655,0.15552747161020564,,6.360133222074294e-16,0.23155035508911184,0.11658984800056517,,,0.009360201755746088,,0.08502600587807757,,,0.02794411725150542,0.008805032361760425,0.057450144989134526,0.11422457389459273,0.04469620673569349,,0.19281649653261293,0.009360201755746088,,0.009360201755746088,0.050880769047486125,0.024945388869383786,0.009360201755746088,0.05719251371901721,0.017436158009582856,,0.01807649879595705,,0.07347026100390862,,0.03548548069296857,0.14329521158216066,,,,0.008009259488492583,0.009360201755746088,0.18439048459640406,0.018165234117505875,0.023614157847169574,0.19068490616849573,0.05473963608616807,,,0.009360201755746088,,0.014234589651406854
1988,,0.21521840835897932,0.027643328017231867,0.21114281525659792,0.1209510724870748,0.027500687387112706,7.622659558167946e-16,,0.06506304581838497,,,0.03809115498811724,0.022792774241292654,,0.05736413360858069,0.1115822614564234,0.009741218528778479,,,0.15140491538971954,0.008167360786989833,0.008533833652638082,,0.1824313755258926,0.11859063547837016,0.17776206116228666,0.0182750521814158,0.009741218528778479,0.01806623182660032,0.018481772483793433,,0.0182750521814158,0.009741218528778479,0.01790857931576755,0.04338773212327983,0.02660006547923764,,0.10722988561176347,,,0.2087066910326417,0.018481772483793433,,0.009741218528778479,0.01876013343209775,0.01876013343209775,0.15031512428069344,0.10226184106096271,0.026233592613589395,0.22061666508132868,,0.08424267623080653,0.009741218528778479,0.18005085834605858,0.019225428642260005,,,0.10823888561470901,0.009018914903320034,,,7.622659558167946e-16,0.009741218528778479,,,0.25182854876294064,0.01806623182660032,0.09111562394843976,0.009741218528778479,0.026574057957274865,0.027500687387112706,0.041889916315973365,0.009741218528778479,0.04009479381931372,0.02860724066481421,0.006932059210406133,0.19723050552812205,0.07866871237184771,,,0.1168779377053464,0.10156979229692792,0.07280083019325725,0.017370410459363005,7.622659558167946e-16,0.026667774718099727,0.009741218528778479,,0.01667327773918385,0.15497965042089906,,0.1499591982729004,0.13172194047676006,0.01853114090767254,0.17920856322401507,0.009741218528778479,0.04499660153057336,0.03421205110912947,,0.01661732335860928,0.12640530874854314,0.0933214439816659,7.622659558167946e-16,,,0.22596054472533875,7.622659558167946e-16,7.622659558167946e-16,,,,0.11727011191985218,,,0.23315646854766728,0.10953689161774603,,,0.029433504143687134,,0.06988992796620423,,,0.03531461191228982,,0.05978812613675897,0.0974529533101351,0.05035436314665808,0.009741218528778479,0.20200604082982854,,,0.009741218528778479,0.057421524500790785,0.022259932680159314,,0.06015608705514547,0.009741218528778479,,0.01432845873971343,,0.06797100601183953,0.018481772483793433,0.022984467184345304,0.12974981905015173,,,,,0.008167360786989833,0.17350306489097647,,0.026004159735042116,0.19423003259161975,0.046559331777709406,,,0.009741218528778479,,0.009741218528778479
1989,,0.19711245453284426,0.04461748976247695,0.21189463371361814,0.11405786637117256,0.018329667037211696,,,0.061389811906195337,,0.009539311918556479,0.04773668407255863,0.008790355118655857,,0.0499497955780751,0.11418766232850251,,,,0.14562170458824542,,0.009539311918556479,0.009539311918556479,0.18378501990960522,0.11990679502803568,0.1543347398530259,0.02537695428182784,,0.009539311918556479,0.01791501106888065,,6.412084150208129e-16,0.009539311918556479,0.009539311918556479,0.03305962914539104,0.018300554343703465,,0.09087108880659558,,,0.2200647670500648,0.009539311918556479,,0.009539311918556479,0.034207467165139324,0.034031485323222824,0.17249943131791215,0.09451412163253937,0.024261878746038825,0.20642522079878284,0.007856559053946421,0.07594866422727059,0.009539311918556479,0.1754014518531315,0.019054880285205352,,,0.11209105945889881,0.018329667037211696,6.412084150208129e-16,6.412084150208129e-16,6.412084150208129e-16,0.009539311918556479,,,0.25063578399759534,,0.05165439067202421,0.017024542784512892,0.019054880285205352,0.0345945697957813,0.05694701494460098,0.009539311918556479,0.04870030452204499,0.025660555301522368,,0.20818930417781215,0.08808402985070132,,,0.1249027692386828,0.07888894100266115,0.06038565533258098,0.01791501106888065,,0.019054880285205352,0.02984575860725212,,0.026380997523801544,0.1740912240715292,,0.1400800828739148,0.14188751724044446,0.035417277467502534,0.18839070568814711,0.009539311918556479,0.03456192524148165,0.05096724493357406,0.009539311918556479,0.009916733954687304,0.10832045855106341,0.11838245570647374,0.017604048518671585,,,0.22889799382636553,0.009539311918556479,,0.009539311918556479,,,0.13431154524718797,,,0.23095879234961572,0.1215704763275245,,,0.01596049471362914,,0.0979659150290282,,,0.03900561204252774,,0.048999990561005416,0.09525583896700691,0.04496952052981327,0.007856559053946421,0.1966691485661464,,,0.02939696527482224,0.03408063160565233,0.01704141289615994,0.009539311918556479,0.07930120161679864,0.018329667037211696,,0.009539311918556479,,0.06574282422971268,,0.018329667037211696,0.14449731678264635,,,,,0.009539311918556479,0.16695448451900263,0.009539311918556479,0.02662692234884731,0.1851627427773424,0.04327383652144831,,,0.018251223198523143,,0.016215072386900148
1990,,0.1982081858677371,0.06049039745791943,0.21679103081314216,0.09156731967877982,0.027306931106236863,,,0.04291797308389396,,,0.03528517135784025,0.009640462139658076,,0.05858451362769519,0.11445099932814,0.018196368710862644,,,0.14596198481236577,0.025954983562658393,0.009640462139658076,0.009640462139658076,0.185232934070082,0.13927597416246193,0.16466767809318336,0.026442295951981474,0.009110562395375022,0.009640462139658076,0.007173000440969499,,8.053347776646151e-16,,0.023202154219090047,0.016352383645839613,0.019509773848986195,,0.08934802150932356,,,0.21999389903884467,0.02745004154522515,,0.03501554125650642,0.01767251865778898,0.026895385721055508,0.1582604706856214,0.09903314918985912,0.019081576392004692,0.2083441602097855,0.009640462139658076,0.06862254036444618,0.009640462139658076,0.19909512992268655,0.01875102453503229,,0.018339479149850936,0.11319281709935412,0.009975904745378685,,,,8.053347776646151e-16,,,0.2478790869843731,,0.048287441784202294,0.009640462139658076,0.010030557253824377,0.035552858347355686,0.06768959856810593,0.009640462139658076,0.05148871797119778,0.03230433421573118,,0.2065249927457197,0.05865469545363135,,,0.12039302960481724,0.05250226691645859,0.07301745009723044,0.008555906571205377,,0.02611613927157056,0.009640462139658076,,0.026973029525278917,0.1624345492608617,0.009640462139658076,0.16331773521432086,0.10744576058309492,0.009640462139658076,0.1844368653577003,0.009640462139658076,0.03492544802065471,0.0342189560737011,0.008102816802131341,0.027306931106236863,0.11535051394123509,0.12790245701533642,0.009640462139658076,,,0.22367325010395092,,,,,0.009640462139658076,0.1429641918436985,,,0.2342548584645655,0.11638928065001329,,,,,0.056306560805068614,,,0.03174255955946094,,0.08645927699000214,0.12914435191305354,0.052778193936396975,0.017349072289927634,0.18131141037545714,,,0.009640462139658076,0.022250469025977528,0.02431107001374934,,0.043584914865486594,0.018339479149850936,0.009640462139658076,0.009640462139658076,,0.06732649016913231,,0.009110562395375022,0.13479936040912843,,,,,0.009640462139658076,0.18620641637182375,,0.009640462139658076,0.18937650081984167,0.057830542261789616,,,0.009640462139658076,,0.009640462139658076
1991,,0.20267010699765445,0.04643704436258697,0.21471891136301458,0.0997144073547769,0.0436529986598302,0.009693527300838906,,0.08113754160360898,,,0.04559924567848462,,,0.018700090214411207,0.08436984342694404,0.009693527300838906,0.009693527300838906,,0.15149802458603717,0.009006562913573074,0.009693527300838906,,0.19829325457470234,0.1100642163088835,0.1755106046335505,0.018700090214411207,0.02424417214483431,0.007750422437592673,0.012875484802847392,,,,0.01691051367151949,0.028717676246717463,0.02486609822898943,,0.12881888109639797,,,0.21015710803760923,0.026854262380699826,,0.027031267210840305,0.018024704297268004,0.042255719743307746,0.16781372723012689,0.10894154580629939,0.02976580766452554,0.2180174471573197,7.70898960998335e-16,0.05885147569502933,,0.1635070518723697,0.032131098835720476,,,0.11263935432396593,0.009693527300838906,,0.009693527300838906,,0.009693527300838906,,,0.24982947751294246,7.70898960998335e-16,0.0400103722369027,0.009693527300838906,0.027159248952588564,0.04497681675370892,0.03471793052564507,0.009693527300838906,0.05807410588040257,0.034505297305715846,,0.19975163763101136,0.08330427482228635,,,0.11914759650268213,0.09735647076002496,0.044758502546460625,0.027159248952588564,,0.045555357141228145,0.017426424673589354,,0.0320767050613077,0.1466768181871886,0.009693527300838906,0.15734976153531735,0.1241372767193313,0.009693527300838906,0.19930000129529085,,0.04082020197516394,0.018700090214411207,0.009693527300838906,0.017344562225854926,0.10772377892109461,0.1318846611893645,0.018700090214411207,0.003273544084557023,,0.2149357020680459,0.009693527300838906,0.009693527300838906,0.00544935722337139,,,0.14044699359968518,,,0.23212528786921238,0.10934884493158567,0.009693527300838906,,0.008154172166289386,,0.07218045267547507,,,0.04922646222355238,0.009693527300838906,0.03537084475179332,0.1087098923695118,0.05262503299641382,0.018700090214411207,0.18056766153325352,,,0.02630685820530488,0.024358904484808954,0.009693527300838906,0.009693527300838906,0.06447161867968326,0.016204732318520338,,0.017344562225854926,,0.060581054493318576,,0.018024704297268004,0.13563711317057023,,,,0.009693527300838906,0.009006562913573074,0.18600367442818874,,0.034050945153025786,0.19719020488185346,0.046494522641735946,,,0.009693527300838906,,0.0100848145422314
1992,,0.2020947079426729,0.03401054380194267,0.2092423129156506,0.07638213546948179,0.025305295399671947,,,0.04741554903919648,,,0.026776558438750528,0.009692856847567034,,0.02624125739476392,0.049636539588852294,0.006672402663937871,,,0.1608669915779614,,8.389593718154736e-16,,0.1869733735018003,0.1188753919392355,0.17658985908738303,0.028816665036383728,0.01383116072059812,,0.01708370159118433,,0.018632892735734916,,0.025322307800444647,0.0465273503910619,0.01799736841386305,,0.09136427583201437,,0.009692856847567034,0.2126614250589144,0.018632892735734916,,0.025610988960108057,0.026803879196535273,0.017684820537231808,0.17086727317651912,0.09676245635259235,0.01799736841386305,0.2085425297489234,,0.06147082951382765,0.017863843308367395,0.17117060890484456,0.023274994490264402,,0.018615321204902235,0.12180949822597541,0.008922464357336044,,,,8.389593718154736e-16,,,0.2482127163708615,,0.06733804503272767,0.017836522550582646,0.009692856847567034,0.04838561321821799,0.05568700758156777,8.389593718154736e-16,0.09480693353749604,0.03510839076283129,,0.20832030789381342,0.06045593030885559,,,0.10679706833335094,0.09074192900200313,0.05279063567166739,0.008940035888168718,,0.04480645317804433,0.009692856847567034,,0.00748578524986284,0.17026105936038627,8.389593718154736e-16,0.1623044522078826,0.1458683617868441,0.009692856847567034,0.19169612589743174,,0.0373171029982754,0.009692856847567034,0.007891865816346596,0.02616835487466341,0.12207353539498919,0.1018146649787782,0.026141034116878663,,,0.2284855514597899,,8.389593718154736e-16,,,,0.1417824956879522,,,0.22893547769895511,0.1469195282254931,8.389593718154736e-16,,,,0.03605895645543226,8.389593718154736e-16,,0.03142715768078342,0.009692856847567034,0.04330738745511473,0.10385738676370886,0.06263214326647107,,0.1867501170522047,,,0.009692856847567034,0.044030855120166495,0.016588726295125495,0.009692856847567034,0.0687160225608486,0.017301221506596038,0.007891865816346596,,,0.05224336350030639,,0.009692856847567034,0.1542983595510449,,,,,0.008304511566296855,0.17869529749515137,0.009692856847567034,0.03714972094869268,0.19483482301574004,0.04255485828748819,,,0.009692856847567034,,0.009692856847567034
1993,,0.21953070251144502,0.060345514337938715,0.21225638574902186,0.07362149827242218,0.03569321201041086,0.010799106335254929,,0.049453816370733227,,,0.06290719082606784,0.010799106335254929,,0.01885899677283791,0.045598188996498035,0.010799106335254929,,0.008762236732185104,0.15226582624882462,,0.010799106335254929,,0.19833614542128128,0.11380452382856195,0.17452645757727275,0.0202081537285364,0.009594407200993464,,0.018330247278539494,,0.010799106335254929,0.010799106335254929,0.020758983396404817,0.04711752524391633,0.020393513536247163,,0.09613482817088967,,1.2314010140509093e-15,0.2156191566219481,0.010799106335254929,,0.0202081537285364,0.010799106335254929,0.0202081537285364,0.1560533259647543,0.07347518052701216,0.02106413952129597,0.21850098522582156,1.2314010140509093e-15,0.08160160029655725,0.0202081537285364,0.1686139202420544,0.0202081537285364,,0.010799106335254929,0.1133619534234295,0.0202081537285364,,,,0.010799106335254929,,,0.26573977130947124,,0.10242194598809004,0.005092436223474225,0.01967846408530004,0.029802560929528633,0.0202081537285364,0.019424689331319005,0.05557602195060179,0.03840073618613206,,0.20566421373049337,0.055456557896611296,,1.2314010140509093e-15,0.1330055103675651,0.07435407178347815,0.07223475705813193,0.031064950412095938,,0.04552045231609372,0.010799106335254929,,1.2314010140509093e-15,0.15262544145714463,,0.14772653419815848,0.12405089937615274,0.028970390460720277,0.17846861083873655,0.009409047393282704,0.04863716619215937,0.010799106335254929,,0.010799106335254929,0.10273152124742907,0.13269697867222346,1.2314010140509093e-15,,,0.23609644234258662,0.010799106335254929,,1.2314010140509093e-15,,0.010799106335254929,0.14437104224870959,,,0.2315350268013237,0.12531417411157542,,,,,0.03158775240862819,,,0.03669406861369956,0.009409047393282704,0.04760964207015176,0.12348619936546137,0.0474859975469693,0.0202081537285364,0.19052003000024853,0.010799106335254929,,0.0195613430674388,0.042026745944012525,0.010799106335254929,,0.05174055936306962,0.010799106335254929,,,,0.04591348192246008,,0.010799106335254929,0.1379822531072006,,,,,0.010799106335254929,0.17496485755447705,0.0195613430674388,0.02106413952129597,0.18904961577763674,0.07202711600464648,,,0.010799106335254929,,1.2314010140509093e-15
1994,,0.19520744074371013,0.010647224490350674,0.2242286203923333,0.08791362598722692,0.010647224490350674,0.010647224490350674,,0.07618045073845987,,,0.030229820250128332,0.019761555712785307,,0.030097181405146844,0.03641760438503513,0.010647224490350674,,0.010647224490350674,0.1309792875557074,,,0.007934640925724434,0.20133151238799,0.1279114630396513,0.16257987436279883,0.010647224490350674,,0.010647224490350674,1.198217060652772e-15,,0.03728607924630357,,0.028037802551092873,0.0379347854083805,0.026068259395587788,,0.1083921645552734,,,0.2266231578154724,0.010647224490350674,,0.036711806879159106,0.020276968816477746,0.018346940723743974,0.15846555021295924,0.0833937978770467,0.03863083238268027,0.2099435969841442,,0.060472380868534695,0.010647224490350674,0.1850029469459211,,,0.010647224490350674,0.10467597170791035,0.007606984591025151,,,,0.02615539616652256,,,0.2619379480664639,,0.07366319775139793,,0.0191808754678841,0.0514835024268405,0.040506599923859625,,0.056745775543187695,0.029180254400725317,,0.2190368789776409,0.042725130240073336,,,0.10832407928605833,0.06507418159801757,0.04881275205665364,0.020276968816477746,,0.028402078004743016,0.018254209081374626,,1.198217060652772e-15,0.15822401690422397,,0.16707307386863857,0.11804964187868049,0.009629744326128268,0.1871467597751587,0.010647224490350674,0.037631380265651375,0.010647224490350674,1.198217060652772e-15,0.020276968816477746,0.10431594735904737,0.14517943778932593,0.010647224490350674,,,0.23690832246294666,0.010647224490350674,,,,0.009629744326128268,0.13476466899904074,,,0.24159371044240124,0.11435565789638262,,,,,0.019761555712785307,,,0.020378834996320365,0.010647224490350674,0.049768054902711474,0.13043451919977953,0.04109690601288775,0.020467437079019775,0.18942786634958433,0.004403009997027442,,1.198217060652772e-15,0.04097429352565227,1.198217060652772e-15,,0.04835156017560479,0.010647224490350674,0.010647224490350674,,,0.0439906813506571,1.198217060652772e-15,0.010647224490350674,0.13714615152276335,,1.198217060652772e-15,,0.009820212588670302,0.01858186541607391,0.19438434768652693,0.016070875232174372,0.020467437079019775,0.19093157935747726,0.050081352873203956,,,0.010647224490350674,,0.010647224490350674
1995,,0.18893659716324554,0.054649035354710725,0.21936917079688642,0.07380908148802752,0.022068861886326577,0.011544453496135407,,0.0205766286422696,,,0.030042507731655413,0.017769278307016412,,0.021387152830576277,0.022700171411790045,,,0.03030028469374649,0.16110840093945372,0.01032433220165723,1.6063837135935864e-15,,0.21413781924392408,0.13570985546105563,0.1607495006557837,0.021387152830576277,,1.6063837135935864e-15,1.6063837135935864e-15,,0.011062820628920651,,0.014722643639580573,0.022318265725149142,0.01952472297697822,,0.1295439669088688,,,0.22575345126471003,0.021387152830576277,,0.020214950970820125,0.0205766286422696,0.011062820628920651,0.17671448973144188,0.08228094016362329,0.030042507731655413,0.20746245258281665,,0.08133731852846421,0.021387152830576277,0.18330109294528232,1.6449369227198325e-12,,0.01032433220165723,0.10895229197833704,,,,,0.011062820628920651,,,0.2651648198286661,,0.041874849261474514,,0.021148154351847016,0.041753970904652576,0.0527885310260698,0.011062820628920651,0.04970881920781979,0.029119467294264772,,0.21136695707292708,0.04808277156891014,,,0.10542488370540616,0.09739937133798347,0.05002511896681326,0.027694385503725032,,0.04029074932642596,,,1.6063837135935864e-15,0.16432864739018466,,0.15118023852669366,0.14258001314307076,0.011062820628920651,0.17308285654353545,0.011062820628920651,0.03527002335078393,0.011062820628920651,,0.011062820628920651,0.10575528723534318,0.1214281256332079,1.6063837135935864e-15,,,0.24173699798906712,0.021387152830576277,,,,0.006855797405456716,0.12965100891862769,,,0.24746518709321183,0.09102476441626565,,,,,0.021148154351847016,,,0.04134896235316908,0.021387152830576277,0.03461885113569146,0.12730257543774234,0.07349252688180632,1.6063837135935864e-15,0.17697162829306512,,,0.014860357426201943,0.01952472297697822,0.01884253583953171,,0.07826853304809371,0.011062820628920651,,0.011062820628920651,,0.03986670563167583,,1.6063837135935864e-15,0.13134493286709711,,,,0.017707589373137017,,0.18699732680566197,,0.021387152830576277,0.18647419833370207,0.03147248655350264,,,0.035634327240553834,,0.011877390428267963
1996,,0.1974745587175311,0.028250347068194504,0.21898250066991934,0.08827309744886878,0.011718863554213844,0.011718863554213844,,0.05367163546043967,,,0.03233124548239934,0.011718863554213844,,0.022386751772701642,0.028538599849440308,,,0.01066788821849017,0.16335690605793854,,0.011718863554213844,0.00950819863818225,0.21197556597018283,0.09196918404100207,0.16420756527100505,,,,2.3731751446719996e-15,,,,0.04140798722376464,0.04915588939610418,0.012250790528552914,,0.09863992597269138,,,0.2173794048269398,0.011718863554213844,,0.011718863554213844,2.3731751446719996e-15,2.3731751446719996e-15,0.16688183973773943,0.06607046697268693,0.011718863554213844,0.22432985648534096,,0.05084657823264541,0.011718863554213844,0.18831357163056364,2.4301313481441276e-12,,,0.0804484492285026,2.3731751446719996e-15,,,,0.01986810688124357,,,0.26989322887135697,,0.036127494384650446,0.011718863554213844,0.018964795316855288,0.03212714157685386,0.021334615882937613,0.022590855678247115,0.0725352441980378,0.020517693793635595,,0.20264573149659595,0.05050693997614749,2.3731751446719996e-15,,0.11134119907726685,0.05204432405166169,0.03213540665569223,0.0081492433270321,,0.022590855678247115,2.3731751446719996e-15,,,0.16702725715681338,,0.16520609639099287,0.11674982384640539,0.02144900118871249,0.18768546043344003,,0.029272943636869483,,,0.03709074864310402,0.10075500652840996,0.13698282919301402,,,,0.24569007614569363,2.3731751446719996e-15,,,,0.0009808819768445593,0.1286136613975299,,,0.2503903308616827,0.10037512940118845,,,2.3731751446719996e-15,,0.012250790526125155,,,0.011718863554213844,2.3731751446719996e-15,0.05384791185986084,0.14832518071577258,0.05843202522440131,2.3731751446719996e-15,0.19696450919369962,,,0.011718863554213844,0.040571565524228054,0.011718863554213844,,0.04402307685718888,0.020571732920601278,0.011718863554213844,0.009438591008883147,,0.03076739111387348,,0.010871992124035643,0.14018064979040576,,,,,,0.18978288814525046,,0.0426973349056157,0.20389018802303663,0.04470815234737623,,,0.011718863554213844,,2.3731751446719996e-15
1997,,0.2089368363176768,0.024419661735924563,0.2439830755377149,0.06946371964039125,6.267345607045729e-12,6.1204546943805945e-15,,0.013527099134314432,,,0.013527099134314432,0.013527099134314432,,0.013527099134314432,0.02623077958990386,0.010892562601616251,0.013527099134314432,0.024115952488743434,0.13485012583181114,,,,0.22829992295385507,0.08491083969845294,0.16877269238702788,0.010892562601616251,0.002155540473385045,,,,,,0.024115952488743434,0.013527099134314432,0.03515200108195773,,0.096303380975644,,,0.2217775278510013,6.1204546943805945e-15,,0.025639961093610445,,0.012703680455595555,0.18351946751175807,0.057942598157010146,0.013527099134314432,0.22813808097794344,,0.06373632322250568,,0.16944900471243374,6.267345607045729e-12,,,0.07527035692112335,,,6.1204546943805945e-15,,0.024115952488743434,,,0.2833142084463407,,0.013527099134314432,,0.029755807830076125,0.03603331977614245,0.047630978364632294,0.013527099134314432,0.07062308318323511,0.03491397816673954,,0.22615825078664184,0.036042120370529514,,,0.09687320368574256,0.05980933768991279,0.025639961093610445,0.012112861959302132,,0.037131061741660094,,,,0.1796675586973112,,0.16384046377318034,0.103697549143657,0.0451469755400575,0.18165072210016805,,0.02623077958990386,6.1204546943805945e-15,,6.267345607045729e-12,0.08730530642201,0.12553817703485212,,,,0.25369575883543033,,,,,0.013527099134314432,0.10394132412483371,,,0.26606945331018445,0.08577482382350265,,0.013527099134314432,,,6.1204546943805945e-15,,,0.03787988852902663,,0.03866573294662996,0.11825914374181092,0.03834364154919987,,0.1965137201733247,,,6.1204546943805945e-15,0.0517129631405911,6.1204546943805945e-15,,0.04734752015187059,6.267345607045729e-12,,0.011649108939128884,,0.03834364154919987,,6.267345607045729e-12,0.1193437707412215,,,,,,0.17068284055139063,,6.1204546943805945e-15,0.20936414814622967,0.02290969820227117,,,0.024419661735924563,,
1998,,0.2240440679178724,,0.21820749150300559,0.04444969193421289,1.8087161881798522e-14,1.8087161881798522e-14,,0.015988716500112937,,,0.016886844750395674,0.015988716500112937,,0.027593932606286054,0.019815037265339112,1.8087161881798522e-14,,0.015988716500112937,0.1196674505475694,,,1.8087161881798522e-14,0.21758884095055472,0.09957496200260481,0.15582567330396746,0.027813754361979803,,,0.014346495419547842,,,,,0.015988716500112937,0.028632869243825028,,0.11865088266774873,,0.015988716500112937,0.25089286415858025,,,0.015988716500112937,,0.030335211919642693,0.1819138874490271,0.06146345527374384,,0.2223411330419675,,0.05338758089015682,0.015988716500112937,0.20910931056790102,,,0.015152359915174734,0.09790389831580155,,,,,,,,0.3006254017770653,,0.06989506101989112,,1.8521253766961687e-11,0.04559655376930603,0.016886844750395674,0.014346495419547842,0.03926238626914783,0.029044332411401447,,0.2454785497702609,0.04204343468369642,,,0.07848475330974204,0.029471777574822135,0.030335211919642693,,,0.043390827830931206,,,,0.14252009854101785,,0.15881955967443914,0.09604460853359718,1.8087161881798522e-14,0.19876725641891452,,1.8087161881798522e-14,,,0.015988716500112937,0.06904521334856448,0.0719442983473973,,,,0.26538667769659047,,,,,,0.13888584607090307,,,0.2697495664267028,0.07005215420414788,,,,1.8087161881798522e-14,,,,0.042257580575109685,,0.027593932606286054,0.09301635010297318,0.02655998645272964,,0.1644031348668655,,,,1.8087161881798522e-14,1.8087161881798522e-14,,0.09125409468542833,0.014346495419547842,,,,0.015988716500112937,,,0.10738667214891429,,,,,,0.159491575969664,,1.8087161881798522e-14,0.22014453395077294,0.036557396941565054,,,0.015988716500112937,,
1999,,0.17897029780548002,,0.2334582747994831,3.6885773712554256e-13,,,,,,,,0.03714902239520571,,,,,,,0.03714902239520571,,,,0.22696241874904152,0.03714902239520571,0.1314948491506885,,,,,,,,,,,,0.021263541194155203,,,0.2518033739385732,,,,,,0.13843478176983307,,3.6885773712554256e-13,0.26915025576080387,,3.6885773712554256e-13,,0.1337882202065669,,,,0.04968331349803443,,,,,,,,0.396518646450679,,,,,0.06383797280483756,0.03493832427637951,,,,,0.2848719472579686,,,,0.09484114219787175,3.6885773712554256e-13,,3.6885773712554256e-13,,,,,,0.07953928373942738,,0.025729769925666886,0.006101228562150022,,0.24890566830416683,,,,,3.6885773712554256e-13,0.040989314456782805,0.040989314456782805,,,,0.302489358502607,,,,,,0.07953928373942738,,,0.3729241435261496,0.09877629708084822,,,,,,,,7.554206456331112e-10,,,0.05841256358899206,,,0.17223156843111692,,,,,,,0.03714902239520571,,,,,,,,0.05942396834160405,,,,,,0.06512234753703418,,,0.22230538027270197,,,,0.03714902239520571,,
