{
    "directed": true,
    "multigraph": false,
    "graph": {
        "year": 1966
    },
    "nodes": [
        {
            "id": "USA"
        },
        {
            "id": "CAN"
        },
        {
            "id": "DEU"
        },
        {
            "id": "IRL"
        },
        {
            "id": "GBR"
        },
        {
            "id": "JPN"
        },
        {
            "id": "FRA"
        },
        {
            "id": "NLD"
        },
        {
            "id": "BEL"
        },
        {
            "id": "CHE"
        },
        {
            "id": "ITA"
        },
        {
            "id": "IDN"
        },
        {
            "id": "USSR"
        },
        {
            "id": "AUT"
        },
        {
            "id": "DNK"
        },
        {
            "id": "SWE"
        },
        {
            "id": "HUN"
        },
        {
            "id": "AUS"
        },
        {
            "id": "NOR"
        },
        {
            "id": "LIE"
        },
        {
            "id": "ZAF"
        },
        {
            "id": "ESP"
        },
        {
            "id": "ARG"
        },
        {
            "id": "MEX"
        },
        {
            "id": "ISR"
        },
        {
            "id": "YUG"
        },
        {
            "id": "COL"
        },
        {
            "id": "GTM"
        },
        {
            "id": "PHL"
        },
        {
            "id": "CSK"
        },
        {
            "id": "FIN"
        },
        {
            "id": "MLI"
        },
        {
            "id": "NZL"
        },
        {
            "id": "HKG"
        },
        {
            "id": "BRA"
        },
        {
            "id": "EGY"
        },
        {
            "id": "VEN"
        },
        {
            "id": "PAK"
        },
        {
            "id": "TTO"
        },
        {
            "id": "TUR"
        },
        {
            "id": "KOR"
        },
        {
            "id": "HTI"
        },
        {
            "id": "ROU"
        },
        {
            "id": "LUX"
        },
        {
            "id": "IND"
        },
        {
            "id": "LBN"
        },
        {
            "id": "POL"
        },
        {
            "id": "PRT"
        },
        {
            "id": "CMR"
        },
        {
            "id": "BHS"
        },
        {
            "id": "MAR"
        },
        {
            "id": "SAU"
        },
        {
            "id": "ISL"
        },
        {
            "id": "MYS"
        },
        {
            "id": "MCO"
        },
        {
            "id": "CHL"
        },
        {
            "id": "SLV"
        },
        {
            "id": "PAN"
        },
        {
            "id": "CHN"
        },
        {
            "id": "PER"
        },
        {
            "id": "GRC"
        },
        {
            "id": "IRN"
        },
        {
            "id": "NIC"
        },
        {
            "id": "KEN"
        },
        {
            "id": "SEN"
        },
        {
            "id": "ZWE"
        },
        {
            "id": "BMU"
        },
        {
            "id": "JAM"
        },
        {
            "id": "TWN"
        },
        {
            "id": "BGR"
        },
        {
            "id": "BOL"
        },
        {
            "id": "CYM"
        },
        {
            "id": "SGP"
        },
        {
            "id": "LKA"
        },
        {
            "id": "GUY"
        },
        {
            "id": "IRQ"
        },
        {
            "id": "PNG"
        },
        {
            "id": "CRI"
        },
        {
            "id": "NGA"
        },
        {
            "id": "CUB"
        },
        {
            "id": "ECU"
        },
        {
            "id": "PYF"
        },
        {
            "id": "ATG"
        },
        {
            "id": "CYP"
        },
        {
            "id": "THA"
        },
        {
            "id": "COD"
        },
        {
            "id": "DOM"
        },
        {
            "id": "SYR"
        },
        {
            "id": "KWT"
        },
        {
            "id": "NFK"
        },
        {
            "id": "BRB"
        },
        {
            "id": "CIV"
        },
        {
            "id": "SVN"
        },
        {
            "id": "UKR"
        },
        {
            "id": "UZB"
        },
        {
            "id": "BLR"
        },
        {
            "id": "KAZ"
        },
        {
            "id": "RUS"
        },
        {
            "id": "MLT"
        },
        {
            "id": "AZE"
        },
        {
            "id": "HND"
        },
        {
            "id": "VGB"
        },
        {
            "id": "URY"
        },
        {
            "id": "CZE"
        },
        {
            "id": "SVK"
        },
        {
            "id": "HRV"
        }
    ],
    "links": [
        {
            "Number Citations": 138639,
            "source": "USA",
            "target": "USA"
        },
        {
            "Number Citations": 15525,
            "source": "USA",
            "target": "JPN"
        },
        {
            "Number Citations": 5542,
            "source": "USA",
            "target": "GBR"
        },
        {
            "Number Citations": 102,
            "source": "USA",
            "target": "BRA"
        },
        {
            "Number Citations": 11359,
            "source": "USA",
            "target": "DEU"
        },
        {
            "Number Citations": 4321,
            "source": "USA",
            "target": "CAN"
        },
        {
            "Number Citations": 4923,
            "source": "USA",
            "target": "FRA"
        },
        {
            "Number Citations": 1366,
            "source": "USA",
            "target": "NLD"
        },
        {
            "Number Citations": 2098,
            "source": "USA",
            "target": "CHE"
        },
        {
            "Number Citations": 423,
            "source": "USA",
            "target": "USSR"
        },
        {
            "Number Citations": 1758,
            "source": "USA",
            "target": "SWE"
        },
        {
            "Number Citations": 582,
            "source": "USA",
            "target": "BEL"
        },
        {
            "Number Citations": 184,
            "source": "USA",
            "target": "ESP"
        },
        {
            "Number Citations": 417,
            "source": "USA",
            "target": "FIN"
        },
        {
            "Number Citations": 507,
            "source": "USA",
            "target": "AUT"
        },
        {
            "Number Citations": 266,
            "source": "USA",
            "target": "ZAF"
        },
        {
            "Number Citations": 1778,
            "source": "USA",
            "target": "ITA"
        },
        {
            "Number Citations": 9,
            "source": "USA",
            "target": "BMU"
        },
        {
            "Number Citations": 927,
            "source": "USA",
            "target": "AUS"
        },
        {
            "Number Citations": 75,
            "source": "USA",
            "target": "CSK"
        },
        {
            "Number Citations": 40,
            "source": "USA",
            "target": "POL"
        },
        {
            "Number Citations": 61,
            "source": "USA",
            "target": "IRL"
        },
        {
            "Number Citations": 12,
            "source": "USA",
            "target": "ROU"
        },
        {
            "Number Citations": 384,
            "source": "USA",
            "target": "DNK"
        },
        {
            "Number Citations": 31,
            "source": "USA",
            "target": "IND"
        },
        {
            "Number Citations": 107,
            "source": "USA",
            "target": "HUN"
        },
        {
            "Number Citations": 36,
            "source": "USA",
            "target": "LUX"
        },
        {
            "Number Citations": 266,
            "source": "USA",
            "target": "KOR"
        },
        {
            "Number Citations": 40,
            "source": "USA",
            "target": "ARG"
        },
        {
            "Number Citations": 246,
            "source": "USA",
            "target": "NOR"
        },
        {
            "Number Citations": 7,
            "source": "USA",
            "target": "JAM"
        },
        {
            "Number Citations": 4,
            "source": "USA",
            "target": "TTO"
        },
        {
            "Number Citations": 13,
            "source": "USA",
            "target": "CHL"
        },
        {
            "Number Citations": 509,
            "source": "USA",
            "target": "ISR"
        },
        {
            "Number Citations": 764,
            "source": "USA",
            "target": "TWN"
        },
        {
            "Number Citations": 103,
            "source": "USA",
            "target": "MEX"
        },
        {
            "Number Citations": 8,
            "source": "USA",
            "target": "PRT"
        },
        {
            "Number Citations": 10,
            "source": "USA",
            "target": "BHS"
        },
        {
            "Number Citations": 5,
            "source": "USA",
            "target": "PER"
        },
        {
            "Number Citations": 37,
            "source": "USA",
            "target": "BGR"
        },
        {
            "Number Citations": 16,
            "source": "USA",
            "target": "GRC"
        },
        {
            "Number Citations": 114,
            "source": "USA",
            "target": "NZL"
        },
        {
            "Number Citations": 12,
            "source": "USA",
            "target": "MYS"
        },
        {
            "Number Citations": 3,
            "source": "USA",
            "target": "PAN"
        },
        {
            "Number Citations": 40,
            "source": "USA",
            "target": "LIE"
        },
        {
            "Number Citations": 10,
            "source": "USA",
            "target": "PHL"
        },
        {
            "Number Citations": 68,
            "source": "USA",
            "target": "HKG"
        },
        {
            "Number Citations": 2,
            "source": "USA",
            "target": "BOL"
        },
        {
            "Number Citations": 23,
            "source": "USA",
            "target": "YUG"
        },
        {
            "Number Citations": 8,
            "source": "USA",
            "target": "CYM"
        },
        {
            "Number Citations": 20,
            "source": "USA",
            "target": "SGP"
        },
        {
            "Number Citations": 9,
            "source": "USA",
            "target": "COL"
        },
        {
            "Number Citations": 1,
            "source": "USA",
            "target": "LKA"
        },
        {
            "Number Citations": 1,
            "source": "USA",
            "target": "GUY"
        },
        {
            "Number Citations": 1,
            "source": "USA",
            "target": "IRN"
        },
        {
            "Number Citations": 5,
            "source": "USA",
            "target": "IRQ"
        },
        {
            "Number Citations": 1,
            "source": "USA",
            "target": "MAR"
        },
        {
            "Number Citations": 17,
            "source": "USA",
            "target": "SAU"
        },
        {
            "Number Citations": 1,
            "source": "USA",
            "target": "PNG"
        },
        {
            "Number Citations": 7,
            "source": "USA",
            "target": "CRI"
        },
        {
            "Number Citations": 8,
            "source": "USA",
            "target": "MCO"
        },
        {
            "Number Citations": 8,
            "source": "USA",
            "target": "TUR"
        },
        {
            "Number Citations": 1,
            "source": "USA",
            "target": "ZWE"
        },
        {
            "Number Citations": 3,
            "source": "USA",
            "target": "NGA"
        },
        {
            "Number Citations": 1,
            "source": "USA",
            "target": "CUB"
        },
        {
            "Number Citations": 1,
            "source": "USA",
            "target": "NIC"
        },
        {
            "Number Citations": 8,
            "source": "USA",
            "target": "IDN"
        },
        {
            "Number Citations": 4,
            "source": "USA",
            "target": "LBN"
        },
        {
            "Number Citations": 28,
            "source": "USA",
            "target": "VEN"
        },
        {
            "Number Citations": 5,
            "source": "USA",
            "target": "ECU"
        },
        {
            "Number Citations": 3,
            "source": "USA",
            "target": "HTI"
        },
        {
            "Number Citations": 57,
            "source": "USA",
            "target": "CHN"
        },
        {
            "Number Citations": 9,
            "source": "USA",
            "target": "ISL"
        },
        {
            "Number Citations": 1,
            "source": "USA",
            "target": "PYF"
        },
        {
            "Number Citations": 5,
            "source": "USA",
            "target": "CYP"
        },
        {
            "Number Citations": 13,
            "source": "USA",
            "target": "THA"
        },
        {
            "Number Citations": 3,
            "source": "USA",
            "target": "DOM"
        },
        {
            "Number Citations": 4,
            "source": "USA",
            "target": "GTM"
        },
        {
            "Number Citations": 3,
            "source": "USA",
            "target": "SYR"
        },
        {
            "Number Citations": 3,
            "source": "USA",
            "target": "KWT"
        },
        {
            "Number Citations": 2,
            "source": "USA",
            "target": "NFK"
        },
        {
            "Number Citations": 2,
            "source": "USA",
            "target": "BRB"
        },
        {
            "Number Citations": 1,
            "source": "USA",
            "target": "CIV"
        },
        {
            "Number Citations": 2,
            "source": "USA",
            "target": "SVN"
        },
        {
            "Number Citations": 1,
            "source": "USA",
            "target": "UKR"
        },
        {
            "Number Citations": 3,
            "source": "USA",
            "target": "UZB"
        },
        {
            "Number Citations": 1,
            "source": "USA",
            "target": "BLR"
        },
        {
            "Number Citations": 1,
            "source": "USA",
            "target": "KAZ"
        },
        {
            "Number Citations": 38,
            "source": "USA",
            "target": "RUS"
        },
        {
            "Number Citations": 2,
            "source": "USA",
            "target": "MLT"
        },
        {
            "Number Citations": 1,
            "source": "USA",
            "target": "AZE"
        },
        {
            "Number Citations": 4,
            "source": "USA",
            "target": "HND"
        },
        {
            "Number Citations": 3,
            "source": "USA",
            "target": "VGB"
        },
        {
            "Number Citations": 2,
            "source": "USA",
            "target": "URY"
        },
        {
            "Number Citations": 1,
            "source": "USA",
            "target": "CZE"
        },
        {
            "Number Citations": 1,
            "source": "USA",
            "target": "SVK"
        },
        {
            "Number Citations": 1,
            "source": "USA",
            "target": "HRV"
        },
        {
            "Number Citations": 2129,
            "source": "CAN",
            "target": "USA"
        },
        {
            "Number Citations": 189,
            "source": "CAN",
            "target": "JPN"
        },
        {
            "Number Citations": 90,
            "source": "CAN",
            "target": "GBR"
        },
        {
            "Number Citations": 4,
            "source": "CAN",
            "target": "BRA"
        },
        {
            "Number Citations": 191,
            "source": "CAN",
            "target": "DEU"
        },
        {
            "Number Citations": 199,
            "source": "CAN",
            "target": "CAN"
        },
        {
            "Number Citations": 95,
            "source": "CAN",
            "target": "FRA"
        },
        {
            "Number Citations": 13,
            "source": "CAN",
            "target": "NLD"
        },
        {
            "Number Citations": 32,
            "source": "CAN",
            "target": "CHE"
        },
        {
            "Number Citations": 9,
            "source": "CAN",
            "target": "USSR"
        },
        {
            "Number Citations": 44,
            "source": "CAN",
            "target": "SWE"
        },
        {
            "Number Citations": 5,
            "source": "CAN",
            "target": "BEL"
        },
        {
            "Number Citations": 5,
            "source": "CAN",
            "target": "ESP"
        },
        {
            "Number Citations": 16,
            "source": "CAN",
            "target": "FIN"
        },
        {
            "Number Citations": 16,
            "source": "CAN",
            "target": "AUT"
        },
        {
            "Number Citations": 5,
            "source": "CAN",
            "target": "ZAF"
        },
        {
            "Number Citations": 34,
            "source": "CAN",
            "target": "ITA"
        },
        {
            "Number Citations": 28,
            "source": "CAN",
            "target": "AUS"
        },
        {
            "Number Citations": 1,
            "source": "CAN",
            "target": "CSK"
        },
        {
            "Number Citations": 1,
            "source": "CAN",
            "target": "IRL"
        },
        {
            "Number Citations": 1,
            "source": "CAN",
            "target": "ROU"
        },
        {
            "Number Citations": 5,
            "source": "CAN",
            "target": "DNK"
        },
        {
            "Number Citations": 3,
            "source": "CAN",
            "target": "HUN"
        },
        {
            "Number Citations": 6,
            "source": "CAN",
            "target": "KOR"
        },
        {
            "Number Citations": 2,
            "source": "CAN",
            "target": "ARG"
        },
        {
            "Number Citations": 6,
            "source": "CAN",
            "target": "NOR"
        },
        {
            "Number Citations": 1,
            "source": "CAN",
            "target": "CHL"
        },
        {
            "Number Citations": 7,
            "source": "CAN",
            "target": "ISR"
        },
        {
            "Number Citations": 14,
            "source": "CAN",
            "target": "TWN"
        },
        {
            "Number Citations": 1,
            "source": "CAN",
            "target": "MEX"
        },
        {
            "Number Citations": 4,
            "source": "CAN",
            "target": "BHS"
        },
        {
            "Number Citations": 1,
            "source": "CAN",
            "target": "BGR"
        },
        {
            "Number Citations": 1,
            "source": "CAN",
            "target": "GRC"
        },
        {
            "Number Citations": 2,
            "source": "CAN",
            "target": "NZL"
        },
        {
            "Number Citations": 2,
            "source": "CAN",
            "target": "HKG"
        },
        {
            "Number Citations": 1,
            "source": "CAN",
            "target": "SAU"
        },
        {
            "Number Citations": 1,
            "source": "CAN",
            "target": "VEN"
        },
        {
            "Number Citations": 1,
            "source": "CAN",
            "target": "ISL"
        },
        {
            "Number Citations": 1,
            "source": "CAN",
            "target": "ATG"
        },
        {
            "Number Citations": 6000,
            "source": "DEU",
            "target": "USA"
        },
        {
            "Number Citations": 1417,
            "source": "DEU",
            "target": "JPN"
        },
        {
            "Number Citations": 352,
            "source": "DEU",
            "target": "GBR"
        },
        {
            "Number Citations": 4,
            "source": "DEU",
            "target": "BRA"
        },
        {
            "Number Citations": 1822,
            "source": "DEU",
            "target": "DEU"
        },
        {
            "Number Citations": 178,
            "source": "DEU",
            "target": "CAN"
        },
        {
            "Number Citations": 337,
            "source": "DEU",
            "target": "FRA"
        },
        {
            "Number Citations": 105,
            "source": "DEU",
            "target": "NLD"
        },
        {
            "Number Citations": 254,
            "source": "DEU",
            "target": "CHE"
        },
        {
            "Number Citations": 36,
            "source": "DEU",
            "target": "USSR"
        },
        {
            "Number Citations": 109,
            "source": "DEU",
            "target": "SWE"
        },
        {
            "Number Citations": 54,
            "source": "DEU",
            "target": "BEL"
        },
        {
            "Number Citations": 17,
            "source": "DEU",
            "target": "ESP"
        },
        {
            "Number Citations": 24,
            "source": "DEU",
            "target": "FIN"
        },
        {
            "Number Citations": 53,
            "source": "DEU",
            "target": "AUT"
        },
        {
            "Number Citations": 8,
            "source": "DEU",
            "target": "ZAF"
        },
        {
            "Number Citations": 157,
            "source": "DEU",
            "target": "ITA"
        },
        {
            "Number Citations": 56,
            "source": "DEU",
            "target": "AUS"
        },
        {
            "Number Citations": 8,
            "source": "DEU",
            "target": "CSK"
        },
        {
            "Number Citations": 5,
            "source": "DEU",
            "target": "POL"
        },
        {
            "Number Citations": 3,
            "source": "DEU",
            "target": "IRL"
        },
        {
            "Number Citations": 2,
            "source": "DEU",
            "target": "ROU"
        },
        {
            "Number Citations": 30,
            "source": "DEU",
            "target": "DNK"
        },
        {
            "Number Citations": 2,
            "source": "DEU",
            "target": "IND"
        },
        {
            "Number Citations": 10,
            "source": "DEU",
            "target": "HUN"
        },
        {
            "Number Citations": 5,
            "source": "DEU",
            "target": "LUX"
        },
        {
            "Number Citations": 13,
            "source": "DEU",
            "target": "KOR"
        },
        {
            "Number Citations": 4,
            "source": "DEU",
            "target": "ARG"
        },
        {
            "Number Citations": 9,
            "source": "DEU",
            "target": "NOR"
        },
        {
            "Number Citations": 2,
            "source": "DEU",
            "target": "CHL"
        },
        {
            "Number Citations": 20,
            "source": "DEU",
            "target": "ISR"
        },
        {
            "Number Citations": 30,
            "source": "DEU",
            "target": "TWN"
        },
        {
            "Number Citations": 7,
            "source": "DEU",
            "target": "MEX"
        },
        {
            "Number Citations": 1,
            "source": "DEU",
            "target": "BGR"
        },
        {
            "Number Citations": 5,
            "source": "DEU",
            "target": "NZL"
        },
        {
            "Number Citations": 4,
            "source": "DEU",
            "target": "MYS"
        },
        {
            "Number Citations": 2,
            "source": "DEU",
            "target": "LIE"
        },
        {
            "Number Citations": 5,
            "source": "DEU",
            "target": "HKG"
        },
        {
            "Number Citations": 2,
            "source": "DEU",
            "target": "YUG"
        },
        {
            "Number Citations": 1,
            "source": "DEU",
            "target": "SGP"
        },
        {
            "Number Citations": 1,
            "source": "DEU",
            "target": "CUB"
        },
        {
            "Number Citations": 2,
            "source": "DEU",
            "target": "VEN"
        },
        {
            "Number Citations": 3,
            "source": "DEU",
            "target": "CHN"
        },
        {
            "Number Citations": 2,
            "source": "DEU",
            "target": "RUS"
        },
        {
            "Number Citations": 1,
            "source": "DEU",
            "target": "CZE"
        },
        {
            "Number Citations": 9,
            "source": "IRL",
            "target": "USA"
        },
        {
            "Number Citations": 1,
            "source": "IRL",
            "target": "JPN"
        },
        {
            "Number Citations": 3,
            "source": "IRL",
            "target": "GBR"
        },
        {
            "Number Citations": 4,
            "source": "IRL",
            "target": "DEU"
        },
        {
            "Number Citations": 2,
            "source": "IRL",
            "target": "CAN"
        },
        {
            "Number Citations": 4295,
            "source": "GBR",
            "target": "USA"
        },
        {
            "Number Citations": 747,
            "source": "GBR",
            "target": "JPN"
        },
        {
            "Number Citations": 502,
            "source": "GBR",
            "target": "GBR"
        },
        {
            "Number Citations": 4,
            "source": "GBR",
            "target": "BRA"
        },
        {
            "Number Citations": 609,
            "source": "GBR",
            "target": "DEU"
        },
        {
            "Number Citations": 142,
            "source": "GBR",
            "target": "CAN"
        },
        {
            "Number Citations": 273,
            "source": "GBR",
            "target": "FRA"
        },
        {
            "Number Citations": 57,
            "source": "GBR",
            "target": "NLD"
        },
        {
            "Number Citations": 120,
            "source": "GBR",
            "target": "CHE"
        },
        {
            "Number Citations": 34,
            "source": "GBR",
            "target": "USSR"
        },
        {
            "Number Citations": 76,
            "source": "GBR",
            "target": "SWE"
        },
        {
            "Number Citations": 29,
            "source": "GBR",
            "target": "BEL"
        },
        {
            "Number Citations": 3,
            "source": "GBR",
            "target": "ESP"
        },
        {
            "Number Citations": 18,
            "source": "GBR",
            "target": "FIN"
        },
        {
            "Number Citations": 15,
            "source": "GBR",
            "target": "AUT"
        },
        {
            "Number Citations": 9,
            "source": "GBR",
            "target": "ZAF"
        },
        {
            "Number Citations": 88,
            "source": "GBR",
            "target": "ITA"
        },
        {
            "Number Citations": 47,
            "source": "GBR",
            "target": "AUS"
        },
        {
            "Number Citations": 7,
            "source": "GBR",
            "target": "CSK"
        },
        {
            "Number Citations": 3,
            "source": "GBR",
            "target": "POL"
        },
        {
            "Number Citations": 2,
            "source": "GBR",
            "target": "IRL"
        },
        {
            "Number Citations": 19,
            "source": "GBR",
            "target": "DNK"
        },
        {
            "Number Citations": 3,
            "source": "GBR",
            "target": "IND"
        },
        {
            "Number Citations": 8,
            "source": "GBR",
            "target": "HUN"
        },
        {
            "Number Citations": 2,
            "source": "GBR",
            "target": "LUX"
        },
        {
            "Number Citations": 9,
            "source": "GBR",
            "target": "KOR"
        },
        {
            "Number Citations": 2,
            "source": "GBR",
            "target": "ARG"
        },
        {
            "Number Citations": 7,
            "source": "GBR",
            "target": "NOR"
        },
        {
            "Number Citations": 1,
            "source": "GBR",
            "target": "TTO"
        },
        {
            "Number Citations": 17,
            "source": "GBR",
            "target": "ISR"
        },
        {
            "Number Citations": 30,
            "source": "GBR",
            "target": "TWN"
        },
        {
            "Number Citations": 3,
            "source": "GBR",
            "target": "MEX"
        },
        {
            "Number Citations": 1,
            "source": "GBR",
            "target": "BHS"
        },
        {
            "Number Citations": 3,
            "source": "GBR",
            "target": "BGR"
        },
        {
            "Number Citations": 3,
            "source": "GBR",
            "target": "NZL"
        },
        {
            "Number Citations": 1,
            "source": "GBR",
            "target": "HKG"
        },
        {
            "Number Citations": 1,
            "source": "GBR",
            "target": "ECU"
        },
        {
            "Number Citations": 2,
            "source": "GBR",
            "target": "CHN"
        },
        {
            "Number Citations": 2,
            "source": "GBR",
            "target": "RUS"
        },
        {
            "Number Citations": 1,
            "source": "GBR",
            "target": "EGY"
        },
        {
            "Number Citations": 1479,
            "source": "JPN",
            "target": "USA"
        },
        {
            "Number Citations": 625,
            "source": "JPN",
            "target": "JPN"
        },
        {
            "Number Citations": 84,
            "source": "JPN",
            "target": "GBR"
        },
        {
            "Number Citations": 230,
            "source": "JPN",
            "target": "DEU"
        },
        {
            "Number Citations": 51,
            "source": "JPN",
            "target": "CAN"
        },
        {
            "Number Citations": 93,
            "source": "JPN",
            "target": "FRA"
        },
        {
            "Number Citations": 34,
            "source": "JPN",
            "target": "NLD"
        },
        {
            "Number Citations": 47,
            "source": "JPN",
            "target": "CHE"
        },
        {
            "Number Citations": 21,
            "source": "JPN",
            "target": "USSR"
        },
        {
            "Number Citations": 33,
            "source": "JPN",
            "target": "SWE"
        },
        {
            "Number Citations": 11,
            "source": "JPN",
            "target": "BEL"
        },
        {
            "Number Citations": 6,
            "source": "JPN",
            "target": "ESP"
        },
        {
            "Number Citations": 9,
            "source": "JPN",
            "target": "FIN"
        },
        {
            "Number Citations": 4,
            "source": "JPN",
            "target": "AUT"
        },
        {
            "Number Citations": 36,
            "source": "JPN",
            "target": "ITA"
        },
        {
            "Number Citations": 20,
            "source": "JPN",
            "target": "AUS"
        },
        {
            "Number Citations": 3,
            "source": "JPN",
            "target": "CSK"
        },
        {
            "Number Citations": 1,
            "source": "JPN",
            "target": "POL"
        },
        {
            "Number Citations": 3,
            "source": "JPN",
            "target": "IRL"
        },
        {
            "Number Citations": 6,
            "source": "JPN",
            "target": "DNK"
        },
        {
            "Number Citations": 1,
            "source": "JPN",
            "target": "IND"
        },
        {
            "Number Citations": 6,
            "source": "JPN",
            "target": "HUN"
        },
        {
            "Number Citations": 7,
            "source": "JPN",
            "target": "KOR"
        },
        {
            "Number Citations": 1,
            "source": "JPN",
            "target": "ARG"
        },
        {
            "Number Citations": 6,
            "source": "JPN",
            "target": "NOR"
        },
        {
            "Number Citations": 5,
            "source": "JPN",
            "target": "ISR"
        },
        {
            "Number Citations": 14,
            "source": "JPN",
            "target": "TWN"
        },
        {
            "Number Citations": 4,
            "source": "JPN",
            "target": "MEX"
        },
        {
            "Number Citations": 1,
            "source": "JPN",
            "target": "BGR"
        },
        {
            "Number Citations": 1,
            "source": "JPN",
            "target": "GRC"
        },
        {
            "Number Citations": 3,
            "source": "JPN",
            "target": "NZL"
        },
        {
            "Number Citations": 1,
            "source": "JPN",
            "target": "HKG"
        },
        {
            "Number Citations": 1,
            "source": "JPN",
            "target": "YUG"
        },
        {
            "Number Citations": 1,
            "source": "JPN",
            "target": "MAR"
        },
        {
            "Number Citations": 1,
            "source": "JPN",
            "target": "VEN"
        },
        {
            "Number Citations": 1,
            "source": "JPN",
            "target": "CHN"
        },
        {
            "Number Citations": 1,
            "source": "JPN",
            "target": "UKR"
        },
        {
            "Number Citations": 2,
            "source": "JPN",
            "target": "RUS"
        },
        {
            "Number Citations": 2405,
            "source": "FRA",
            "target": "USA"
        },
        {
            "Number Citations": 416,
            "source": "FRA",
            "target": "JPN"
        },
        {
            "Number Citations": 154,
            "source": "FRA",
            "target": "GBR"
        },
        {
            "Number Citations": 1,
            "source": "FRA",
            "target": "BRA"
        },
        {
            "Number Citations": 396,
            "source": "FRA",
            "target": "DEU"
        },
        {
            "Number Citations": 70,
            "source": "FRA",
            "target": "CAN"
        },
        {
            "Number Citations": 298,
            "source": "FRA",
            "target": "FRA"
        },
        {
            "Number Citations": 41,
            "source": "FRA",
            "target": "NLD"
        },
        {
            "Number Citations": 98,
            "source": "FRA",
            "target": "CHE"
        },
        {
            "Number Citations": 20,
            "source": "FRA",
            "target": "USSR"
        },
        {
            "Number Citations": 49,
            "source": "FRA",
            "target": "SWE"
        },
        {
            "Number Citations": 19,
            "source": "FRA",
            "target": "BEL"
        },
        {
            "Number Citations": 5,
            "source": "FRA",
            "target": "ESP"
        },
        {
            "Number Citations": 13,
            "source": "FRA",
            "target": "FIN"
        },
        {
            "Number Citations": 25,
            "source": "FRA",
            "target": "AUT"
        },
        {
            "Number Citations": 5,
            "source": "FRA",
            "target": "ZAF"
        },
        {
            "Number Citations": 72,
            "source": "FRA",
            "target": "ITA"
        },
        {
            "Number Citations": 23,
            "source": "FRA",
            "target": "AUS"
        },
        {
            "Number Citations": 4,
            "source": "FRA",
            "target": "CSK"
        },
        {
            "Number Citations": 2,
            "source": "FRA",
            "target": "POL"
        },
        {
            "Number Citations": 1,
            "source": "FRA",
            "target": "IRL"
        },
        {
            "Number Citations": 7,
            "source": "FRA",
            "target": "DNK"
        },
        {
            "Number Citations": 2,
            "source": "FRA",
            "target": "IND"
        },
        {
            "Number Citations": 3,
            "source": "FRA",
            "target": "HUN"
        },
        {
            "Number Citations": 6,
            "source": "FRA",
            "target": "KOR"
        },
        {
            "Number Citations": 7,
            "source": "FRA",
            "target": "NOR"
        },
        {
            "Number Citations": 16,
            "source": "FRA",
            "target": "ISR"
        },
        {
            "Number Citations": 11,
            "source": "FRA",
            "target": "TWN"
        },
        {
            "Number Citations": 2,
            "source": "FRA",
            "target": "MEX"
        },
        {
            "Number Citations": 2,
            "source": "FRA",
            "target": "PER"
        },
        {
            "Number Citations": 2,
            "source": "FRA",
            "target": "NZL"
        },
        {
            "Number Citations": 1,
            "source": "FRA",
            "target": "HKG"
        },
        {
            "Number Citations": 1,
            "source": "FRA",
            "target": "YUG"
        },
        {
            "Number Citations": 1,
            "source": "FRA",
            "target": "SGP"
        },
        {
            "Number Citations": 1,
            "source": "FRA",
            "target": "MCO"
        },
        {
            "Number Citations": 3,
            "source": "FRA",
            "target": "IDN"
        },
        {
            "Number Citations": 1,
            "source": "FRA",
            "target": "VEN"
        },
        {
            "Number Citations": 2,
            "source": "FRA",
            "target": "BLR"
        },
        {
            "Number Citations": 1,
            "source": "FRA",
            "target": "RUS"
        },
        {
            "Number Citations": 794,
            "source": "NLD",
            "target": "USA"
        },
        {
            "Number Citations": 125,
            "source": "NLD",
            "target": "JPN"
        },
        {
            "Number Citations": 35,
            "source": "NLD",
            "target": "GBR"
        },
        {
            "Number Citations": 104,
            "source": "NLD",
            "target": "DEU"
        },
        {
            "Number Citations": 27,
            "source": "NLD",
            "target": "CAN"
        },
        {
            "Number Citations": 30,
            "source": "NLD",
            "target": "FRA"
        },
        {
            "Number Citations": 41,
            "source": "NLD",
            "target": "NLD"
        },
        {
            "Number Citations": 21,
            "source": "NLD",
            "target": "CHE"
        },
        {
            "Number Citations": 4,
            "source": "NLD",
            "target": "USSR"
        },
        {
            "Number Citations": 8,
            "source": "NLD",
            "target": "SWE"
        },
        {
            "Number Citations": 5,
            "source": "NLD",
            "target": "BEL"
        },
        {
            "Number Citations": 2,
            "source": "NLD",
            "target": "ESP"
        },
        {
            "Number Citations": 1,
            "source": "NLD",
            "target": "FIN"
        },
        {
            "Number Citations": 7,
            "source": "NLD",
            "target": "AUT"
        },
        {
            "Number Citations": 13,
            "source": "NLD",
            "target": "ITA"
        },
        {
            "Number Citations": 2,
            "source": "NLD",
            "target": "AUS"
        },
        {
            "Number Citations": 1,
            "source": "NLD",
            "target": "CSK"
        },
        {
            "Number Citations": 2,
            "source": "NLD",
            "target": "DNK"
        },
        {
            "Number Citations": 1,
            "source": "NLD",
            "target": "IND"
        },
        {
            "Number Citations": 2,
            "source": "NLD",
            "target": "HUN"
        },
        {
            "Number Citations": 1,
            "source": "NLD",
            "target": "LUX"
        },
        {
            "Number Citations": 1,
            "source": "NLD",
            "target": "ARG"
        },
        {
            "Number Citations": 2,
            "source": "NLD",
            "target": "NOR"
        },
        {
            "Number Citations": 2,
            "source": "NLD",
            "target": "ISR"
        },
        {
            "Number Citations": 7,
            "source": "NLD",
            "target": "TWN"
        },
        {
            "Number Citations": 3,
            "source": "NLD",
            "target": "NZL"
        },
        {
            "Number Citations": 1,
            "source": "NLD",
            "target": "VEN"
        },
        {
            "Number Citations": 1,
            "source": "NLD",
            "target": "RUS"
        },
        {
            "Number Citations": 363,
            "source": "BEL",
            "target": "USA"
        },
        {
            "Number Citations": 90,
            "source": "BEL",
            "target": "JPN"
        },
        {
            "Number Citations": 23,
            "source": "BEL",
            "target": "GBR"
        },
        {
            "Number Citations": 29,
            "source": "BEL",
            "target": "DEU"
        },
        {
            "Number Citations": 4,
            "source": "BEL",
            "target": "CAN"
        },
        {
            "Number Citations": 21,
            "source": "BEL",
            "target": "FRA"
        },
        {
            "Number Citations": 4,
            "source": "BEL",
            "target": "NLD"
        },
        {
            "Number Citations": 7,
            "source": "BEL",
            "target": "CHE"
        },
        {
            "Number Citations": 1,
            "source": "BEL",
            "target": "USSR"
        },
        {
            "Number Citations": 4,
            "source": "BEL",
            "target": "SWE"
        },
        {
            "Number Citations": 23,
            "source": "BEL",
            "target": "BEL"
        },
        {
            "Number Citations": 2,
            "source": "BEL",
            "target": "FIN"
        },
        {
            "Number Citations": 1,
            "source": "BEL",
            "target": "AUT"
        },
        {
            "Number Citations": 7,
            "source": "BEL",
            "target": "ITA"
        },
        {
            "Number Citations": 3,
            "source": "BEL",
            "target": "AUS"
        },
        {
            "Number Citations": 1,
            "source": "BEL",
            "target": "CSK"
        },
        {
            "Number Citations": 1,
            "source": "BEL",
            "target": "DNK"
        },
        {
            "Number Citations": 1,
            "source": "BEL",
            "target": "KOR"
        },
        {
            "Number Citations": 1282,
            "source": "CHE",
            "target": "USA"
        },
        {
            "Number Citations": 284,
            "source": "CHE",
            "target": "JPN"
        },
        {
            "Number Citations": 87,
            "source": "CHE",
            "target": "GBR"
        },
        {
            "Number Citations": 1,
            "source": "CHE",
            "target": "BRA"
        },
        {
            "Number Citations": 265,
            "source": "CHE",
            "target": "DEU"
        },
        {
            "Number Citations": 33,
            "source": "CHE",
            "target": "CAN"
        },
        {
            "Number Citations": 87,
            "source": "CHE",
            "target": "FRA"
        },
        {
            "Number Citations": 19,
            "source": "CHE",
            "target": "NLD"
        },
        {
            "Number Citations": 259,
            "source": "CHE",
            "target": "CHE"
        },
        {
            "Number Citations": 9,
            "source": "CHE",
            "target": "USSR"
        },
        {
            "Number Citations": 24,
            "source": "CHE",
            "target": "SWE"
        },
        {
            "Number Citations": 12,
            "source": "CHE",
            "target": "BEL"
        },
        {
            "Number Citations": 6,
            "source": "CHE",
            "target": "ESP"
        },
        {
            "Number Citations": 4,
            "source": "CHE",
            "target": "FIN"
        },
        {
            "Number Citations": 27,
            "source": "CHE",
            "target": "AUT"
        },
        {
            "Number Citations": 1,
            "source": "CHE",
            "target": "ZAF"
        },
        {
            "Number Citations": 45,
            "source": "CHE",
            "target": "ITA"
        },
        {
            "Number Citations": 6,
            "source": "CHE",
            "target": "AUS"
        },
        {
            "Number Citations": 10,
            "source": "CHE",
            "target": "CSK"
        },
        {
            "Number Citations": 2,
            "source": "CHE",
            "target": "IRL"
        },
        {
            "Number Citations": 2,
            "source": "CHE",
            "target": "DNK"
        },
        {
            "Number Citations": 1,
            "source": "CHE",
            "target": "IND"
        },
        {
            "Number Citations": 1,
            "source": "CHE",
            "target": "HUN"
        },
        {
            "Number Citations": 1,
            "source": "CHE",
            "target": "LUX"
        },
        {
            "Number Citations": 1,
            "source": "CHE",
            "target": "KOR"
        },
        {
            "Number Citations": 1,
            "source": "CHE",
            "target": "NOR"
        },
        {
            "Number Citations": 1,
            "source": "CHE",
            "target": "CHL"
        },
        {
            "Number Citations": 10,
            "source": "CHE",
            "target": "ISR"
        },
        {
            "Number Citations": 3,
            "source": "CHE",
            "target": "TWN"
        },
        {
            "Number Citations": 1,
            "source": "CHE",
            "target": "MEX"
        },
        {
            "Number Citations": 1,
            "source": "CHE",
            "target": "BGR"
        },
        {
            "Number Citations": 1,
            "source": "CHE",
            "target": "NZL"
        },
        {
            "Number Citations": 4,
            "source": "CHE",
            "target": "HKG"
        },
        {
            "Number Citations": 1,
            "source": "CHE",
            "target": "YUG"
        },
        {
            "Number Citations": 15,
            "source": "CHE",
            "target": "LBN"
        },
        {
            "Number Citations": 1,
            "source": "CHE",
            "target": "CHN"
        },
        {
            "Number Citations": 1,
            "source": "CHE",
            "target": "COD"
        },
        {
            "Number Citations": 639,
            "source": "ITA",
            "target": "USA"
        },
        {
            "Number Citations": 99,
            "source": "ITA",
            "target": "JPN"
        },
        {
            "Number Citations": 24,
            "source": "ITA",
            "target": "GBR"
        },
        {
            "Number Citations": 1,
            "source": "ITA",
            "target": "BRA"
        },
        {
            "Number Citations": 95,
            "source": "ITA",
            "target": "DEU"
        },
        {
            "Number Citations": 19,
            "source": "ITA",
            "target": "CAN"
        },
        {
            "Number Citations": 50,
            "source": "ITA",
            "target": "FRA"
        },
        {
            "Number Citations": 2,
            "source": "ITA",
            "target": "NLD"
        },
        {
            "Number Citations": 36,
            "source": "ITA",
            "target": "CHE"
        },
        {
            "Number Citations": 3,
            "source": "ITA",
            "target": "USSR"
        },
        {
            "Number Citations": 11,
            "source": "ITA",
            "target": "SWE"
        },
        {
            "Number Citations": 7,
            "source": "ITA",
            "target": "BEL"
        },
        {
            "Number Citations": 2,
            "source": "ITA",
            "target": "ESP"
        },
        {
            "Number Citations": 6,
            "source": "ITA",
            "target": "FIN"
        },
        {
            "Number Citations": 18,
            "source": "ITA",
            "target": "AUT"
        },
        {
            "Number Citations": 2,
            "source": "ITA",
            "target": "ZAF"
        },
        {
            "Number Citations": 72,
            "source": "ITA",
            "target": "ITA"
        },
        {
            "Number Citations": 7,
            "source": "ITA",
            "target": "AUS"
        },
        {
            "Number Citations": 2,
            "source": "ITA",
            "target": "CSK"
        },
        {
            "Number Citations": 2,
            "source": "ITA",
            "target": "DNK"
        },
        {
            "Number Citations": 3,
            "source": "ITA",
            "target": "HUN"
        },
        {
            "Number Citations": 4,
            "source": "ITA",
            "target": "NOR"
        },
        {
            "Number Citations": 1,
            "source": "ITA",
            "target": "ISR"
        },
        {
            "Number Citations": 3,
            "source": "ITA",
            "target": "TWN"
        },
        {
            "Number Citations": 1,
            "source": "ITA",
            "target": "PHL"
        },
        {
            "Number Citations": 1,
            "source": "ITA",
            "target": "HKG"
        },
        {
            "Number Citations": 1,
            "source": "ITA",
            "target": "YUG"
        },
        {
            "Number Citations": 1,
            "source": "ITA",
            "target": "MCO"
        },
        {
            "Number Citations": 2,
            "source": "ITA",
            "target": "SVN"
        },
        {
            "Number Citations": 6,
            "source": "IDN",
            "target": "USA"
        },
        {
            "Number Citations": 1,
            "source": "IDN",
            "target": "JPN"
        },
        {
            "Number Citations": 3,
            "source": "IDN",
            "target": "GBR"
        },
        {
            "Number Citations": 1,
            "source": "IDN",
            "target": "DEU"
        },
        {
            "Number Citations": 2,
            "source": "IDN",
            "target": "CAN"
        },
        {
            "Number Citations": 3,
            "source": "IDN",
            "target": "NLD"
        },
        {
            "Number Citations": 2,
            "source": "IDN",
            "target": "CHE"
        },
        {
            "Number Citations": 4,
            "source": "IDN",
            "target": "SWE"
        },
        {
            "Number Citations": 1,
            "source": "IDN",
            "target": "ZAF"
        },
        {
            "Number Citations": 1,
            "source": "IDN",
            "target": "HKG"
        },
        {
            "Number Citations": 115,
            "source": "USSR",
            "target": "USA"
        },
        {
            "Number Citations": 37,
            "source": "USSR",
            "target": "JPN"
        },
        {
            "Number Citations": 4,
            "source": "USSR",
            "target": "GBR"
        },
        {
            "Number Citations": 10,
            "source": "USSR",
            "target": "DEU"
        },
        {
            "Number Citations": 4,
            "source": "USSR",
            "target": "FRA"
        },
        {
            "Number Citations": 1,
            "source": "USSR",
            "target": "NLD"
        },
        {
            "Number Citations": 3,
            "source": "USSR",
            "target": "CHE"
        },
        {
            "Number Citations": 2,
            "source": "USSR",
            "target": "USSR"
        },
        {
            "Number Citations": 1,
            "source": "USSR",
            "target": "BEL"
        },
        {
            "Number Citations": 3,
            "source": "USSR",
            "target": "ESP"
        },
        {
            "Number Citations": 1,
            "source": "USSR",
            "target": "FIN"
        },
        {
            "Number Citations": 1,
            "source": "USSR",
            "target": "AUT"
        },
        {
            "Number Citations": 4,
            "source": "USSR",
            "target": "ITA"
        },
        {
            "Number Citations": 2,
            "source": "USSR",
            "target": "AUS"
        },
        {
            "Number Citations": 1,
            "source": "USSR",
            "target": "DNK"
        },
        {
            "Number Citations": 196,
            "source": "AUT",
            "target": "USA"
        },
        {
            "Number Citations": 32,
            "source": "AUT",
            "target": "JPN"
        },
        {
            "Number Citations": 10,
            "source": "AUT",
            "target": "GBR"
        },
        {
            "Number Citations": 36,
            "source": "AUT",
            "target": "DEU"
        },
        {
            "Number Citations": 9,
            "source": "AUT",
            "target": "CAN"
        },
        {
            "Number Citations": 7,
            "source": "AUT",
            "target": "FRA"
        },
        {
            "Number Citations": 5,
            "source": "AUT",
            "target": "NLD"
        },
        {
            "Number Citations": 10,
            "source": "AUT",
            "target": "CHE"
        },
        {
            "Number Citations": 2,
            "source": "AUT",
            "target": "USSR"
        },
        {
            "Number Citations": 3,
            "source": "AUT",
            "target": "SWE"
        },
        {
            "Number Citations": 1,
            "source": "AUT",
            "target": "BEL"
        },
        {
            "Number Citations": 1,
            "source": "AUT",
            "target": "ESP"
        },
        {
            "Number Citations": 18,
            "source": "AUT",
            "target": "AUT"
        },
        {
            "Number Citations": 2,
            "source": "AUT",
            "target": "ZAF"
        },
        {
            "Number Citations": 1,
            "source": "AUT",
            "target": "ITA"
        },
        {
            "Number Citations": 3,
            "source": "AUT",
            "target": "AUS"
        },
        {
            "Number Citations": 1,
            "source": "AUT",
            "target": "CSK"
        },
        {
            "Number Citations": 3,
            "source": "AUT",
            "target": "DNK"
        },
        {
            "Number Citations": 1,
            "source": "AUT",
            "target": "KOR"
        },
        {
            "Number Citations": 2,
            "source": "AUT",
            "target": "TWN"
        },
        {
            "Number Citations": 203,
            "source": "DNK",
            "target": "USA"
        },
        {
            "Number Citations": 22,
            "source": "DNK",
            "target": "JPN"
        },
        {
            "Number Citations": 15,
            "source": "DNK",
            "target": "GBR"
        },
        {
            "Number Citations": 26,
            "source": "DNK",
            "target": "DEU"
        },
        {
            "Number Citations": 15,
            "source": "DNK",
            "target": "CAN"
        },
        {
            "Number Citations": 6,
            "source": "DNK",
            "target": "FRA"
        },
        {
            "Number Citations": 7,
            "source": "DNK",
            "target": "NLD"
        },
        {
            "Number Citations": 3,
            "source": "DNK",
            "target": "CHE"
        },
        {
            "Number Citations": 4,
            "source": "DNK",
            "target": "SWE"
        },
        {
            "Number Citations": 2,
            "source": "DNK",
            "target": "BEL"
        },
        {
            "Number Citations": 1,
            "source": "DNK",
            "target": "FIN"
        },
        {
            "Number Citations": 1,
            "source": "DNK",
            "target": "AUT"
        },
        {
            "Number Citations": 7,
            "source": "DNK",
            "target": "ITA"
        },
        {
            "Number Citations": 15,
            "source": "DNK",
            "target": "DNK"
        },
        {
            "Number Citations": 1,
            "source": "DNK",
            "target": "KOR"
        },
        {
            "Number Citations": 1,
            "source": "DNK",
            "target": "ARG"
        },
        {
            "Number Citations": 2,
            "source": "DNK",
            "target": "ISR"
        },
        {
            "Number Citations": 1,
            "source": "DNK",
            "target": "TWN"
        },
        {
            "Number Citations": 1,
            "source": "DNK",
            "target": "CHN"
        },
        {
            "Number Citations": 897,
            "source": "SWE",
            "target": "USA"
        },
        {
            "Number Citations": 119,
            "source": "SWE",
            "target": "JPN"
        },
        {
            "Number Citations": 59,
            "source": "SWE",
            "target": "GBR"
        },
        {
            "Number Citations": 1,
            "source": "SWE",
            "target": "BRA"
        },
        {
            "Number Citations": 128,
            "source": "SWE",
            "target": "DEU"
        },
        {
            "Number Citations": 45,
            "source": "SWE",
            "target": "CAN"
        },
        {
            "Number Citations": 51,
            "source": "SWE",
            "target": "FRA"
        },
        {
            "Number Citations": 15,
            "source": "SWE",
            "target": "NLD"
        },
        {
            "Number Citations": 21,
            "source": "SWE",
            "target": "CHE"
        },
        {
            "Number Citations": 9,
            "source": "SWE",
            "target": "USSR"
        },
        {
            "Number Citations": 138,
            "source": "SWE",
            "target": "SWE"
        },
        {
            "Number Citations": 5,
            "source": "SWE",
            "target": "BEL"
        },
        {
            "Number Citations": 5,
            "source": "SWE",
            "target": "ESP"
        },
        {
            "Number Citations": 19,
            "source": "SWE",
            "target": "FIN"
        },
        {
            "Number Citations": 8,
            "source": "SWE",
            "target": "AUT"
        },
        {
            "Number Citations": 1,
            "source": "SWE",
            "target": "ZAF"
        },
        {
            "Number Citations": 17,
            "source": "SWE",
            "target": "ITA"
        },
        {
            "Number Citations": 25,
            "source": "SWE",
            "target": "AUS"
        },
        {
            "Number Citations": 2,
            "source": "SWE",
            "target": "CSK"
        },
        {
            "Number Citations": 1,
            "source": "SWE",
            "target": "POL"
        },
        {
            "Number Citations": 6,
            "source": "SWE",
            "target": "DNK"
        },
        {
            "Number Citations": 3,
            "source": "SWE",
            "target": "HUN"
        },
        {
            "Number Citations": 4,
            "source": "SWE",
            "target": "KOR"
        },
        {
            "Number Citations": 3,
            "source": "SWE",
            "target": "NOR"
        },
        {
            "Number Citations": 3,
            "source": "SWE",
            "target": "ISR"
        },
        {
            "Number Citations": 6,
            "source": "SWE",
            "target": "TWN"
        },
        {
            "Number Citations": 4,
            "source": "SWE",
            "target": "MEX"
        },
        {
            "Number Citations": 1,
            "source": "SWE",
            "target": "BGR"
        },
        {
            "Number Citations": 2,
            "source": "SWE",
            "target": "HKG"
        },
        {
            "Number Citations": 1,
            "source": "SWE",
            "target": "SGP"
        },
        {
            "Number Citations": 1,
            "source": "SWE",
            "target": "TUR"
        },
        {
            "Number Citations": 1,
            "source": "SWE",
            "target": "VEN"
        },
        {
            "Number Citations": 33,
            "source": "HUN",
            "target": "USA"
        },
        {
            "Number Citations": 10,
            "source": "HUN",
            "target": "JPN"
        },
        {
            "Number Citations": 12,
            "source": "HUN",
            "target": "GBR"
        },
        {
            "Number Citations": 6,
            "source": "HUN",
            "target": "DEU"
        },
        {
            "Number Citations": 4,
            "source": "HUN",
            "target": "CAN"
        },
        {
            "Number Citations": 2,
            "source": "HUN",
            "target": "FRA"
        },
        {
            "Number Citations": 2,
            "source": "HUN",
            "target": "CHE"
        },
        {
            "Number Citations": 4,
            "source": "HUN",
            "target": "BEL"
        },
        {
            "Number Citations": 1,
            "source": "HUN",
            "target": "ESP"
        },
        {
            "Number Citations": 1,
            "source": "HUN",
            "target": "AUT"
        },
        {
            "Number Citations": 2,
            "source": "HUN",
            "target": "ITA"
        },
        {
            "Number Citations": 1,
            "source": "HUN",
            "target": "DNK"
        },
        {
            "Number Citations": 3,
            "source": "HUN",
            "target": "HUN"
        },
        {
            "Number Citations": 1,
            "source": "HUN",
            "target": "ISR"
        },
        {
            "Number Citations": 293,
            "source": "AUS",
            "target": "USA"
        },
        {
            "Number Citations": 36,
            "source": "AUS",
            "target": "JPN"
        },
        {
            "Number Citations": 9,
            "source": "AUS",
            "target": "GBR"
        },
        {
            "Number Citations": 20,
            "source": "AUS",
            "target": "DEU"
        },
        {
            "Number Citations": 10,
            "source": "AUS",
            "target": "CAN"
        },
        {
            "Number Citations": 13,
            "source": "AUS",
            "target": "FRA"
        },
        {
            "Number Citations": 2,
            "source": "AUS",
            "target": "NLD"
        },
        {
            "Number Citations": 6,
            "source": "AUS",
            "target": "CHE"
        },
        {
            "Number Citations": 5,
            "source": "AUS",
            "target": "SWE"
        },
        {
            "Number Citations": 1,
            "source": "AUS",
            "target": "FIN"
        },
        {
            "Number Citations": 1,
            "source": "AUS",
            "target": "ZAF"
        },
        {
            "Number Citations": 6,
            "source": "AUS",
            "target": "ITA"
        },
        {
            "Number Citations": 15,
            "source": "AUS",
            "target": "AUS"
        },
        {
            "Number Citations": 1,
            "source": "AUS",
            "target": "DNK"
        },
        {
            "Number Citations": 1,
            "source": "AUS",
            "target": "KOR"
        },
        {
            "Number Citations": 1,
            "source": "AUS",
            "target": "TWN"
        },
        {
            "Number Citations": 91,
            "source": "NOR",
            "target": "USA"
        },
        {
            "Number Citations": 8,
            "source": "NOR",
            "target": "JPN"
        },
        {
            "Number Citations": 6,
            "source": "NOR",
            "target": "GBR"
        },
        {
            "Number Citations": 11,
            "source": "NOR",
            "target": "DEU"
        },
        {
            "Number Citations": 6,
            "source": "NOR",
            "target": "CAN"
        },
        {
            "Number Citations": 3,
            "source": "NOR",
            "target": "FRA"
        },
        {
            "Number Citations": 2,
            "source": "NOR",
            "target": "NLD"
        },
        {
            "Number Citations": 4,
            "source": "NOR",
            "target": "CHE"
        },
        {
            "Number Citations": 3,
            "source": "NOR",
            "target": "USSR"
        },
        {
            "Number Citations": 3,
            "source": "NOR",
            "target": "SWE"
        },
        {
            "Number Citations": 2,
            "source": "NOR",
            "target": "AUT"
        },
        {
            "Number Citations": 4,
            "source": "NOR",
            "target": "ITA"
        },
        {
            "Number Citations": 2,
            "source": "NOR",
            "target": "DNK"
        },
        {
            "Number Citations": 5,
            "source": "NOR",
            "target": "NOR"
        },
        {
            "Number Citations": 1,
            "source": "NOR",
            "target": "ISR"
        },
        {
            "Number Citations": 4,
            "source": "NOR",
            "target": "TWN"
        },
        {
            "Number Citations": 16,
            "source": "LIE",
            "target": "USA"
        },
        {
            "Number Citations": 3,
            "source": "LIE",
            "target": "JPN"
        },
        {
            "Number Citations": 4,
            "source": "LIE",
            "target": "GBR"
        },
        {
            "Number Citations": 3,
            "source": "LIE",
            "target": "DEU"
        },
        {
            "Number Citations": 3,
            "source": "LIE",
            "target": "FRA"
        },
        {
            "Number Citations": 1,
            "source": "LIE",
            "target": "BEL"
        },
        {
            "Number Citations": 2,
            "source": "LIE",
            "target": "LIE"
        },
        {
            "Number Citations": 104,
            "source": "ZAF",
            "target": "USA"
        },
        {
            "Number Citations": 9,
            "source": "ZAF",
            "target": "JPN"
        },
        {
            "Number Citations": 3,
            "source": "ZAF",
            "target": "GBR"
        },
        {
            "Number Citations": 3,
            "source": "ZAF",
            "target": "DEU"
        },
        {
            "Number Citations": 1,
            "source": "ZAF",
            "target": "CAN"
        },
        {
            "Number Citations": 1,
            "source": "ZAF",
            "target": "USSR"
        },
        {
            "Number Citations": 4,
            "source": "ZAF",
            "target": "SWE"
        },
        {
            "Number Citations": 1,
            "source": "ZAF",
            "target": "AUT"
        },
        {
            "Number Citations": 9,
            "source": "ZAF",
            "target": "ZAF"
        },
        {
            "Number Citations": 1,
            "source": "ZAF",
            "target": "ITA"
        },
        {
            "Number Citations": 1,
            "source": "ZAF",
            "target": "AUS"
        },
        {
            "Number Citations": 1,
            "source": "ZAF",
            "target": "HUN"
        },
        {
            "Number Citations": 1,
            "source": "ZAF",
            "target": "TWN"
        },
        {
            "Number Citations": 50,
            "source": "ESP",
            "target": "USA"
        },
        {
            "Number Citations": 17,
            "source": "ESP",
            "target": "JPN"
        },
        {
            "Number Citations": 3,
            "source": "ESP",
            "target": "GBR"
        },
        {
            "Number Citations": 2,
            "source": "ESP",
            "target": "DEU"
        },
        {
            "Number Citations": 3,
            "source": "ESP",
            "target": "CAN"
        },
        {
            "Number Citations": 3,
            "source": "ESP",
            "target": "FRA"
        },
        {
            "Number Citations": 2,
            "source": "ESP",
            "target": "NLD"
        },
        {
            "Number Citations": 3,
            "source": "ESP",
            "target": "CHE"
        },
        {
            "Number Citations": 1,
            "source": "ESP",
            "target": "SWE"
        },
        {
            "Number Citations": 2,
            "source": "ESP",
            "target": "ITA"
        },
        {
            "Number Citations": 1,
            "source": "ESP",
            "target": "TWN"
        },
        {
            "Number Citations": 31,
            "source": "ARG",
            "target": "USA"
        },
        {
            "Number Citations": 1,
            "source": "ARG",
            "target": "JPN"
        },
        {
            "Number Citations": 1,
            "source": "ARG",
            "target": "GBR"
        },
        {
            "Number Citations": 1,
            "source": "ARG",
            "target": "DEU"
        },
        {
            "Number Citations": 4,
            "source": "ARG",
            "target": "CAN"
        },
        {
            "Number Citations": 1,
            "source": "ARG",
            "target": "FRA"
        },
        {
            "Number Citations": 1,
            "source": "ARG",
            "target": "SWE"
        },
        {
            "Number Citations": 1,
            "source": "ARG",
            "target": "BEL"
        },
        {
            "Number Citations": 1,
            "source": "ARG",
            "target": "AUS"
        },
        {
            "Number Citations": 1,
            "source": "ARG",
            "target": "HUN"
        },
        {
            "Number Citations": 1,
            "source": "ARG",
            "target": "ISR"
        },
        {
            "Number Citations": 88,
            "source": "MEX",
            "target": "USA"
        },
        {
            "Number Citations": 6,
            "source": "MEX",
            "target": "JPN"
        },
        {
            "Number Citations": 2,
            "source": "MEX",
            "target": "GBR"
        },
        {
            "Number Citations": 9,
            "source": "MEX",
            "target": "DEU"
        },
        {
            "Number Citations": 4,
            "source": "MEX",
            "target": "CAN"
        },
        {
            "Number Citations": 6,
            "source": "MEX",
            "target": "FRA"
        },
        {
            "Number Citations": 2,
            "source": "MEX",
            "target": "NLD"
        },
        {
            "Number Citations": 1,
            "source": "MEX",
            "target": "USSR"
        },
        {
            "Number Citations": 4,
            "source": "MEX",
            "target": "SWE"
        },
        {
            "Number Citations": 1,
            "source": "MEX",
            "target": "BEL"
        },
        {
            "Number Citations": 1,
            "source": "MEX",
            "target": "ESP"
        },
        {
            "Number Citations": 1,
            "source": "MEX",
            "target": "KOR"
        },
        {
            "Number Citations": 6,
            "source": "MEX",
            "target": "TWN"
        },
        {
            "Number Citations": 5,
            "source": "MEX",
            "target": "MEX"
        },
        {
            "Number Citations": 67,
            "source": "ISR",
            "target": "USA"
        },
        {
            "Number Citations": 13,
            "source": "ISR",
            "target": "JPN"
        },
        {
            "Number Citations": 2,
            "source": "ISR",
            "target": "DEU"
        },
        {
            "Number Citations": 1,
            "source": "ISR",
            "target": "CAN"
        },
        {
            "Number Citations": 2,
            "source": "ISR",
            "target": "FRA"
        },
        {
            "Number Citations": 3,
            "source": "ISR",
            "target": "NLD"
        },
        {
            "Number Citations": 4,
            "source": "ISR",
            "target": "CHE"
        },
        {
            "Number Citations": 2,
            "source": "ISR",
            "target": "SWE"
        },
        {
            "Number Citations": 1,
            "source": "ISR",
            "target": "ESP"
        },
        {
            "Number Citations": 1,
            "source": "ISR",
            "target": "FIN"
        },
        {
            "Number Citations": 2,
            "source": "ISR",
            "target": "ITA"
        },
        {
            "Number Citations": 1,
            "source": "ISR",
            "target": "AUS"
        },
        {
            "Number Citations": 1,
            "source": "ISR",
            "target": "ISR"
        },
        {
            "Number Citations": 6,
            "source": "YUG",
            "target": "USA"
        },
        {
            "Number Citations": 2,
            "source": "YUG",
            "target": "DEU"
        },
        {
            "Number Citations": 65,
            "source": "COL",
            "target": "USA"
        },
        {
            "Number Citations": 2,
            "source": "COL",
            "target": "JPN"
        },
        {
            "Number Citations": 3,
            "source": "COL",
            "target": "GBR"
        },
        {
            "Number Citations": 4,
            "source": "COL",
            "target": "DEU"
        },
        {
            "Number Citations": 1,
            "source": "COL",
            "target": "CAN"
        },
        {
            "Number Citations": 3,
            "source": "COL",
            "target": "FRA"
        },
        {
            "Number Citations": 1,
            "source": "COL",
            "target": "NLD"
        },
        {
            "Number Citations": 1,
            "source": "COL",
            "target": "ESP"
        },
        {
            "Number Citations": 1,
            "source": "COL",
            "target": "AUS"
        },
        {
            "Number Citations": 1,
            "source": "COL",
            "target": "MEX"
        },
        {
            "Number Citations": 3,
            "source": "COL",
            "target": "COL"
        },
        {
            "Number Citations": 6,
            "source": "GTM",
            "target": "USA"
        },
        {
            "Number Citations": 3,
            "source": "GTM",
            "target": "JPN"
        },
        {
            "Number Citations": 1,
            "source": "GTM",
            "target": "DEU"
        },
        {
            "Number Citations": 1,
            "source": "GTM",
            "target": "CHE"
        },
        {
            "Number Citations": 2,
            "source": "GTM",
            "target": "BMU"
        },
        {
            "Number Citations": 20,
            "source": "PHL",
            "target": "USA"
        },
        {
            "Number Citations": 1,
            "source": "PHL",
            "target": "JPN"
        },
        {
            "Number Citations": 1,
            "source": "PHL",
            "target": "DEU"
        },
        {
            "Number Citations": 2,
            "source": "PHL",
            "target": "CAN"
        },
        {
            "Number Citations": 2,
            "source": "PHL",
            "target": "FRA"
        },
        {
            "Number Citations": 1,
            "source": "PHL",
            "target": "SWE"
        },
        {
            "Number Citations": 1,
            "source": "PHL",
            "target": "BEL"
        },
        {
            "Number Citations": 1,
            "source": "PHL",
            "target": "IRL"
        },
        {
            "Number Citations": 1,
            "source": "PHL",
            "target": "MEX"
        },
        {
            "Number Citations": 2,
            "source": "PHL",
            "target": "PHL"
        },
        {
            "Number Citations": 54,
            "source": "CSK",
            "target": "USA"
        },
        {
            "Number Citations": 15,
            "source": "CSK",
            "target": "JPN"
        },
        {
            "Number Citations": 3,
            "source": "CSK",
            "target": "GBR"
        },
        {
            "Number Citations": 19,
            "source": "CSK",
            "target": "DEU"
        },
        {
            "Number Citations": 3,
            "source": "CSK",
            "target": "CAN"
        },
        {
            "Number Citations": 4,
            "source": "CSK",
            "target": "FRA"
        },
        {
            "Number Citations": 2,
            "source": "CSK",
            "target": "CHE"
        },
        {
            "Number Citations": 1,
            "source": "CSK",
            "target": "SWE"
        },
        {
            "Number Citations": 4,
            "source": "CSK",
            "target": "BEL"
        },
        {
            "Number Citations": 1,
            "source": "CSK",
            "target": "ESP"
        },
        {
            "Number Citations": 1,
            "source": "CSK",
            "target": "FIN"
        },
        {
            "Number Citations": 1,
            "source": "CSK",
            "target": "AUT"
        },
        {
            "Number Citations": 3,
            "source": "CSK",
            "target": "ITA"
        },
        {
            "Number Citations": 3,
            "source": "CSK",
            "target": "CSK"
        },
        {
            "Number Citations": 1,
            "source": "CSK",
            "target": "HUN"
        },
        {
            "Number Citations": 1,
            "source": "CSK",
            "target": "GRC"
        },
        {
            "Number Citations": 1,
            "source": "CSK",
            "target": "RUS"
        },
        {
            "Number Citations": 31,
            "source": "FIN",
            "target": "USA"
        },
        {
            "Number Citations": 5,
            "source": "FIN",
            "target": "JPN"
        },
        {
            "Number Citations": 2,
            "source": "FIN",
            "target": "GBR"
        },
        {
            "Number Citations": 5,
            "source": "FIN",
            "target": "DEU"
        },
        {
            "Number Citations": 1,
            "source": "FIN",
            "target": "CAN"
        },
        {
            "Number Citations": 3,
            "source": "FIN",
            "target": "FRA"
        },
        {
            "Number Citations": 1,
            "source": "FIN",
            "target": "NLD"
        },
        {
            "Number Citations": 1,
            "source": "FIN",
            "target": "CHE"
        },
        {
            "Number Citations": 3,
            "source": "FIN",
            "target": "SWE"
        },
        {
            "Number Citations": 1,
            "source": "FIN",
            "target": "BEL"
        },
        {
            "Number Citations": 3,
            "source": "FIN",
            "target": "FIN"
        },
        {
            "Number Citations": 2,
            "source": "FIN",
            "target": "ITA"
        },
        {
            "Number Citations": 1,
            "source": "FIN",
            "target": "ISL"
        },
        {
            "Number Citations": 11,
            "source": "MLI",
            "target": "USA"
        },
        {
            "Number Citations": 1,
            "source": "MLI",
            "target": "JPN"
        },
        {
            "Number Citations": 30,
            "source": "NZL",
            "target": "USA"
        },
        {
            "Number Citations": 3,
            "source": "NZL",
            "target": "JPN"
        },
        {
            "Number Citations": 2,
            "source": "NZL",
            "target": "GBR"
        },
        {
            "Number Citations": 4,
            "source": "NZL",
            "target": "DEU"
        },
        {
            "Number Citations": 2,
            "source": "NZL",
            "target": "FRA"
        },
        {
            "Number Citations": 1,
            "source": "NZL",
            "target": "NLD"
        },
        {
            "Number Citations": 1,
            "source": "NZL",
            "target": "CHE"
        },
        {
            "Number Citations": 2,
            "source": "NZL",
            "target": "FIN"
        },
        {
            "Number Citations": 1,
            "source": "NZL",
            "target": "AUS"
        },
        {
            "Number Citations": 14,
            "source": "HKG",
            "target": "USA"
        },
        {
            "Number Citations": 3,
            "source": "HKG",
            "target": "DEU"
        },
        {
            "Number Citations": 2,
            "source": "HKG",
            "target": "CAN"
        },
        {
            "Number Citations": 1,
            "source": "HKG",
            "target": "CHE"
        },
        {
            "Number Citations": 1,
            "source": "HKG",
            "target": "AUS"
        },
        {
            "Number Citations": 1,
            "source": "HKG",
            "target": "HKG"
        },
        {
            "Number Citations": 23,
            "source": "BRA",
            "target": "USA"
        },
        {
            "Number Citations": 9,
            "source": "BRA",
            "target": "JPN"
        },
        {
            "Number Citations": 4,
            "source": "BRA",
            "target": "DEU"
        },
        {
            "Number Citations": 3,
            "source": "BRA",
            "target": "FRA"
        },
        {
            "Number Citations": 2,
            "source": "BRA",
            "target": "DNK"
        },
        {
            "Number Citations": 5,
            "source": "BRA",
            "target": "HUN"
        },
        {
            "Number Citations": 1,
            "source": "EGY",
            "target": "USA"
        },
        {
            "Number Citations": 2,
            "source": "EGY",
            "target": "FRA"
        },
        {
            "Number Citations": 1,
            "source": "EGY",
            "target": "CHE"
        },
        {
            "Number Citations": 1,
            "source": "EGY",
            "target": "TWN"
        },
        {
            "Number Citations": 11,
            "source": "VEN",
            "target": "USA"
        },
        {
            "Number Citations": 1,
            "source": "VEN",
            "target": "JPN"
        },
        {
            "Number Citations": 4,
            "source": "VEN",
            "target": "FRA"
        },
        {
            "Number Citations": 1,
            "source": "VEN",
            "target": "USSR"
        },
        {
            "Number Citations": 1,
            "source": "VEN",
            "target": "DNK"
        },
        {
            "Number Citations": 3,
            "source": "PAK",
            "target": "USA"
        },
        {
            "Number Citations": 1,
            "source": "PAK",
            "target": "DEU"
        },
        {
            "Number Citations": 11,
            "source": "TTO",
            "target": "USA"
        },
        {
            "Number Citations": 1,
            "source": "TTO",
            "target": "ITA"
        },
        {
            "Number Citations": 4,
            "source": "TUR",
            "target": "USA"
        },
        {
            "Number Citations": 1,
            "source": "TUR",
            "target": "GBR"
        },
        {
            "Number Citations": 4,
            "source": "KOR",
            "target": "USA"
        },
        {
            "Number Citations": 1,
            "source": "KOR",
            "target": "CAN"
        },
        {
            "Number Citations": 1,
            "source": "KOR",
            "target": "CHE"
        },
        {
            "Number Citations": 10,
            "source": "HTI",
            "target": "USA"
        },
        {
            "Number Citations": 1,
            "source": "HTI",
            "target": "DEU"
        },
        {
            "Number Citations": 5,
            "source": "ROU",
            "target": "USA"
        },
        {
            "Number Citations": 1,
            "source": "ROU",
            "target": "DEU"
        },
        {
            "Number Citations": 1,
            "source": "ROU",
            "target": "FRA"
        },
        {
            "Number Citations": 18,
            "source": "LUX",
            "target": "USA"
        },
        {
            "Number Citations": 1,
            "source": "LUX",
            "target": "GBR"
        },
        {
            "Number Citations": 5,
            "source": "LUX",
            "target": "DEU"
        },
        {
            "Number Citations": 1,
            "source": "LUX",
            "target": "FRA"
        },
        {
            "Number Citations": 1,
            "source": "LUX",
            "target": "AUT"
        },
        {
            "Number Citations": 1,
            "source": "LUX",
            "target": "LUX"
        },
        {
            "Number Citations": 1,
            "source": "LUX",
            "target": "TWN"
        },
        {
            "Number Citations": 5,
            "source": "IND",
            "target": "USA"
        },
        {
            "Number Citations": 1,
            "source": "IND",
            "target": "DEU"
        },
        {
            "Number Citations": 1,
            "source": "IND",
            "target": "FRA"
        },
        {
            "Number Citations": 1,
            "source": "IND",
            "target": "NLD"
        },
        {
            "Number Citations": 2,
            "source": "LBN",
            "target": "USA"
        },
        {
            "Number Citations": 1,
            "source": "LBN",
            "target": "SWE"
        },
        {
            "Number Citations": 6,
            "source": "POL",
            "target": "USA"
        },
        {
            "Number Citations": 1,
            "source": "POL",
            "target": "JPN"
        },
        {
            "Number Citations": 1,
            "source": "POL",
            "target": "DEU"
        },
        {
            "Number Citations": 1,
            "source": "POL",
            "target": "CAN"
        },
        {
            "Number Citations": 1,
            "source": "POL",
            "target": "AUT"
        },
        {
            "Number Citations": 1,
            "source": "POL",
            "target": "AUS"
        },
        {
            "Number Citations": 4,
            "source": "POL",
            "target": "IDN"
        },
        {
            "Number Citations": 4,
            "source": "PRT",
            "target": "USA"
        },
        {
            "Number Citations": 1,
            "source": "PRT",
            "target": "JPN"
        },
        {
            "Number Citations": 1,
            "source": "PRT",
            "target": "SWE"
        },
        {
            "Number Citations": 1,
            "source": "PRT",
            "target": "PRT"
        },
        {
            "Number Citations": 2,
            "source": "CMR",
            "target": "USA"
        },
        {
            "Number Citations": 1,
            "source": "CMR",
            "target": "JPN"
        },
        {
            "Number Citations": 1,
            "source": "CMR",
            "target": "FRA"
        },
        {
            "Number Citations": 5,
            "source": "BHS",
            "target": "USA"
        },
        {
            "Number Citations": 1,
            "source": "BHS",
            "target": "JPN"
        },
        {
            "Number Citations": 1,
            "source": "BHS",
            "target": "DEU"
        },
        {
            "Number Citations": 8,
            "source": "MAR",
            "target": "USA"
        },
        {
            "Number Citations": 1,
            "source": "MAR",
            "target": "JPN"
        },
        {
            "Number Citations": 1,
            "source": "MAR",
            "target": "ISR"
        },
        {
            "Number Citations": 4,
            "source": "SAU",
            "target": "USA"
        },
        {
            "Number Citations": 4,
            "source": "ISL",
            "target": "USA"
        },
        {
            "Number Citations": 2,
            "source": "MYS",
            "target": "USA"
        },
        {
            "Number Citations": 2,
            "source": "MYS",
            "target": "GBR"
        },
        {
            "Number Citations": 1,
            "source": "MYS",
            "target": "FRA"
        },
        {
            "Number Citations": 1,
            "source": "MYS",
            "target": "POL"
        },
        {
            "Number Citations": 1,
            "source": "MYS",
            "target": "NOR"
        },
        {
            "Number Citations": 9,
            "source": "MCO",
            "target": "USA"
        },
        {
            "Number Citations": 1,
            "source": "MCO",
            "target": "GBR"
        },
        {
            "Number Citations": 1,
            "source": "MCO",
            "target": "NLD"
        },
        {
            "Number Citations": 1,
            "source": "MCO",
            "target": "CHE"
        },
        {
            "Number Citations": 2,
            "source": "CHL",
            "target": "USA"
        },
        {
            "Number Citations": 1,
            "source": "CHL",
            "target": "JPN"
        },
        {
            "Number Citations": 1,
            "source": "CHL",
            "target": "CAN"
        },
        {
            "Number Citations": 1,
            "source": "SLV",
            "target": "USA"
        },
        {
            "Number Citations": 4,
            "source": "PAN",
            "target": "USA"
        },
        {
            "Number Citations": 1,
            "source": "CHN",
            "target": "USA"
        },
        {
            "Number Citations": 1,
            "source": "PER",
            "target": "USA"
        },
        {
            "Number Citations": 2,
            "source": "PER",
            "target": "PER"
        },
        {
            "Number Citations": 2,
            "source": "GRC",
            "target": "USA"
        },
        {
            "Number Citations": 2,
            "source": "GRC",
            "target": "DEU"
        },
        {
            "Number Citations": 1,
            "source": "IRN",
            "target": "USA"
        },
        {
            "Number Citations": 1,
            "source": "IRN",
            "target": "JPN"
        },
        {
            "Number Citations": 1,
            "source": "IRN",
            "target": "FRA"
        },
        {
            "Number Citations": 4,
            "source": "IRN",
            "target": "SWE"
        },
        {
            "Number Citations": 3,
            "source": "NIC",
            "target": "USA"
        },
        {
            "Number Citations": 1,
            "source": "NIC",
            "target": "GBR"
        },
        {
            "Number Citations": 1,
            "source": "NIC",
            "target": "DEU"
        },
        {
            "Number Citations": 1,
            "source": "NIC",
            "target": "NOR"
        },
        {
            "Number Citations": 1,
            "source": "KEN",
            "target": "GBR"
        },
        {
            "Number Citations": 1,
            "source": "SEN",
            "target": "GBR"
        },
        {
            "Number Citations": 1,
            "source": "ZWE",
            "target": "DEU"
        }
    ]
}