{
    "directed": true,
    "multigraph": false,
    "graph": {
        "year": 1965
    },
    "nodes": [
        {
            "id": "USA"
        },
        {
            "id": "FRA"
        },
        {
            "id": "DEU"
        },
        {
            "id": "GBR"
        },
        {
            "id": "CHE"
        },
        {
            "id": "SWE"
        },
        {
            "id": "MLI"
        },
        {
            "id": "CAN"
        },
        {
            "id": "JPN"
        },
        {
            "id": "NLD"
        },
        {
            "id": "BEL"
        },
        {
            "id": "ITA"
        },
        {
            "id": "DNK"
        },
        {
            "id": "HUN"
        },
        {
            "id": "AUT"
        },
        {
            "id": "CHN"
        },
        {
            "id": "AUS"
        },
        {
            "id": "CRI"
        },
        {
            "id": "NOR"
        },
        {
            "id": "HKG"
        },
        {
            "id": "CSK"
        },
        {
            "id": "MEX"
        },
        {
            "id": "ZAF"
        },
        {
            "id": "FIN"
        },
        {
            "id": "PRT"
        },
        {
            "id": "MAR"
        },
        {
            "id": "USSR"
        },
        {
            "id": "YUG"
        },
        {
            "id": "IRL"
        },
        {
            "id": "ESP"
        },
        {
            "id": "POL"
        },
        {
            "id": "LIE"
        },
        {
            "id": "VEN"
        },
        {
            "id": "NZL"
        },
        {
            "id": "ISR"
        },
        {
            "id": "URY"
        },
        {
            "id": "IND"
        },
        {
            "id": "PHL"
        },
        {
            "id": "BRA"
        },
        {
            "id": "KOR"
        },
        {
            "id": "SLV"
        },
        {
            "id": "LUX"
        },
        {
            "id": "MCO"
        },
        {
            "id": "ARG"
        },
        {
            "id": "CHL"
        },
        {
            "id": "TTO"
        },
        {
            "id": "COL"
        },
        {
            "id": "LBY"
        },
        {
            "id": "BHS"
        },
        {
            "id": "PAN"
        },
        {
            "id": "GRC"
        },
        {
            "id": "MYS"
        },
        {
            "id": "IRN"
        },
        {
            "id": "ISL"
        },
        {
            "id": "CUB"
        },
        {
            "id": "PER"
        },
        {
            "id": "ZMB"
        },
        {
            "id": "EGY"
        },
        {
            "id": "TUN"
        },
        {
            "id": "GTM"
        },
        {
            "id": "BGR"
        },
        {
            "id": "MTQ"
        },
        {
            "id": "ROU"
        },
        {
            "id": "BRB"
        },
        {
            "id": "DOM"
        },
        {
            "id": "TWN"
        },
        {
            "id": "SYR"
        },
        {
            "id": "VNM"
        },
        {
            "id": "ECU"
        },
        {
            "id": "KEN"
        },
        {
            "id": "ZWE"
        },
        {
            "id": "JAM"
        },
        {
            "id": "IRQ"
        },
        {
            "id": "TUR"
        },
        {
            "id": "BOL"
        },
        {
            "id": "LBN"
        },
        {
            "id": "SEN"
        },
        {
            "id": "CYP"
        },
        {
            "id": "SGP"
        },
        {
            "id": "ANT"
        },
        {
            "id": "LBR"
        },
        {
            "id": "SAU"
        },
        {
            "id": "GRL"
        },
        {
            "id": "ARE"
        },
        {
            "id": "KWT"
        },
        {
            "id": "NFK"
        },
        {
            "id": "BRN"
        },
        {
            "id": "BMU"
        },
        {
            "id": "AND"
        },
        {
            "id": "CYM"
        },
        {
            "id": "LKA"
        },
        {
            "id": "IDN"
        },
        {
            "id": "THA"
        },
        {
            "id": "NGA"
        },
        {
            "id": "FRO"
        },
        {
            "id": "UKR"
        },
        {
            "id": "YEM"
        },
        {
            "id": "RUS"
        },
        {
            "id": "MAC"
        },
        {
            "id": "BLR"
        },
        {
            "id": "VGB"
        },
        {
            "id": "LTU"
        },
        {
            "id": "SVN"
        },
        {
            "id": "CZE"
        },
        {
            "id": "KNA"
        },
        {
            "id": "TCA"
        },
        {
            "id": "AIA"
        },
        {
            "id": "HRV"
        }
    ],
    "links": [
        {
            "Number Citations": 4187,
            "source": "USA",
            "target": "FRA"
        },
        {
            "Number Citations": 120286,
            "source": "USA",
            "target": "USA"
        },
        {
            "Number Citations": 4566,
            "source": "USA",
            "target": "GBR"
        },
        {
            "Number Citations": 1588,
            "source": "USA",
            "target": "SWE"
        },
        {
            "Number Citations": 436,
            "source": "USA",
            "target": "USSR"
        },
        {
            "Number Citations": 12803,
            "source": "USA",
            "target": "JPN"
        },
        {
            "Number Citations": 33,
            "source": "USA",
            "target": "BGR"
        },
        {
            "Number Citations": 207,
            "source": "USA",
            "target": "ESP"
        },
        {
            "Number Citations": 9881,
            "source": "USA",
            "target": "DEU"
        },
        {
            "Number Citations": 434,
            "source": "USA",
            "target": "ISR"
        },
        {
            "Number Citations": 3845,
            "source": "USA",
            "target": "CAN"
        },
        {
            "Number Citations": 1740,
            "source": "USA",
            "target": "CHE"
        },
        {
            "Number Citations": 223,
            "source": "USA",
            "target": "ZAF"
        },
        {
            "Number Citations": 220,
            "source": "USA",
            "target": "NOR"
        },
        {
            "Number Citations": 403,
            "source": "USA",
            "target": "FIN"
        },
        {
            "Number Citations": 1445,
            "source": "USA",
            "target": "ITA"
        },
        {
            "Number Citations": 387,
            "source": "USA",
            "target": "AUT"
        },
        {
            "Number Citations": 842,
            "source": "USA",
            "target": "AUS"
        },
        {
            "Number Citations": 477,
            "source": "USA",
            "target": "BEL"
        },
        {
            "Number Citations": 377,
            "source": "USA",
            "target": "DNK"
        },
        {
            "Number Citations": 19,
            "source": "USA",
            "target": "ROU"
        },
        {
            "Number Citations": 61,
            "source": "USA",
            "target": "CSK"
        },
        {
            "Number Citations": 1158,
            "source": "USA",
            "target": "NLD"
        },
        {
            "Number Citations": 94,
            "source": "USA",
            "target": "HUN"
        },
        {
            "Number Citations": 1,
            "source": "USA",
            "target": "BRB"
        },
        {
            "Number Citations": 24,
            "source": "USA",
            "target": "IND"
        },
        {
            "Number Citations": 31,
            "source": "USA",
            "target": "LIE"
        },
        {
            "Number Citations": 30,
            "source": "USA",
            "target": "ARG"
        },
        {
            "Number Citations": 94,
            "source": "USA",
            "target": "MEX"
        },
        {
            "Number Citations": 36,
            "source": "USA",
            "target": "POL"
        },
        {
            "Number Citations": 1,
            "source": "USA",
            "target": "DOM"
        },
        {
            "Number Citations": 6,
            "source": "USA",
            "target": "PHL"
        },
        {
            "Number Citations": 21,
            "source": "USA",
            "target": "GRC"
        },
        {
            "Number Citations": 715,
            "source": "USA",
            "target": "TWN"
        },
        {
            "Number Citations": 14,
            "source": "USA",
            "target": "PRT"
        },
        {
            "Number Citations": 13,
            "source": "USA",
            "target": "BHS"
        },
        {
            "Number Citations": 84,
            "source": "USA",
            "target": "NZL"
        },
        {
            "Number Citations": 68,
            "source": "USA",
            "target": "HKG"
        },
        {
            "Number Citations": 76,
            "source": "USA",
            "target": "BRA"
        },
        {
            "Number Citations": 2,
            "source": "USA",
            "target": "SYR"
        },
        {
            "Number Citations": 51,
            "source": "USA",
            "target": "LUX"
        },
        {
            "Number Citations": 62,
            "source": "USA",
            "target": "IRL"
        },
        {
            "Number Citations": 6,
            "source": "USA",
            "target": "MCO"
        },
        {
            "Number Citations": 1,
            "source": "USA",
            "target": "VNM"
        },
        {
            "Number Citations": 1,
            "source": "USA",
            "target": "ECU"
        },
        {
            "Number Citations": 1,
            "source": "USA",
            "target": "KEN"
        },
        {
            "Number Citations": 11,
            "source": "USA",
            "target": "PER"
        },
        {
            "Number Citations": 22,
            "source": "USA",
            "target": "YUG"
        },
        {
            "Number Citations": 249,
            "source": "USA",
            "target": "KOR"
        },
        {
            "Number Citations": 8,
            "source": "USA",
            "target": "COL"
        },
        {
            "Number Citations": 1,
            "source": "USA",
            "target": "TUN"
        },
        {
            "Number Citations": 10,
            "source": "USA",
            "target": "CHL"
        },
        {
            "Number Citations": 2,
            "source": "USA",
            "target": "ZWE"
        },
        {
            "Number Citations": 2,
            "source": "USA",
            "target": "MAR"
        },
        {
            "Number Citations": 3,
            "source": "USA",
            "target": "JAM"
        },
        {
            "Number Citations": 7,
            "source": "USA",
            "target": "MYS"
        },
        {
            "Number Citations": 6,
            "source": "USA",
            "target": "IRN"
        },
        {
            "Number Citations": 7,
            "source": "USA",
            "target": "CRI"
        },
        {
            "Number Citations": 3,
            "source": "USA",
            "target": "TUR"
        },
        {
            "Number Citations": 6,
            "source": "USA",
            "target": "ISL"
        },
        {
            "Number Citations": 4,
            "source": "USA",
            "target": "TTO"
        },
        {
            "Number Citations": 3,
            "source": "USA",
            "target": "BOL"
        },
        {
            "Number Citations": 1,
            "source": "USA",
            "target": "LBN"
        },
        {
            "Number Citations": 34,
            "source": "USA",
            "target": "VEN"
        },
        {
            "Number Citations": 1,
            "source": "USA",
            "target": "SEN"
        },
        {
            "Number Citations": 1,
            "source": "USA",
            "target": "CYP"
        },
        {
            "Number Citations": 26,
            "source": "USA",
            "target": "SGP"
        },
        {
            "Number Citations": 4,
            "source": "USA",
            "target": "ANT"
        },
        {
            "Number Citations": 30,
            "source": "USA",
            "target": "CHN"
        },
        {
            "Number Citations": 1,
            "source": "USA",
            "target": "LBR"
        },
        {
            "Number Citations": 17,
            "source": "USA",
            "target": "SAU"
        },
        {
            "Number Citations": 1,
            "source": "USA",
            "target": "GTM"
        },
        {
            "Number Citations": 1,
            "source": "USA",
            "target": "GRL"
        },
        {
            "Number Citations": 3,
            "source": "USA",
            "target": "PAN"
        },
        {
            "Number Citations": 4,
            "source": "USA",
            "target": "ARE"
        },
        {
            "Number Citations": 2,
            "source": "USA",
            "target": "KWT"
        },
        {
            "Number Citations": 2,
            "source": "USA",
            "target": "NFK"
        },
        {
            "Number Citations": 1,
            "source": "USA",
            "target": "BRN"
        },
        {
            "Number Citations": 5,
            "source": "USA",
            "target": "BMU"
        },
        {
            "Number Citations": 1,
            "source": "USA",
            "target": "AND"
        },
        {
            "Number Citations": 1,
            "source": "USA",
            "target": "EGY"
        },
        {
            "Number Citations": 4,
            "source": "USA",
            "target": "CYM"
        },
        {
            "Number Citations": 1,
            "source": "USA",
            "target": "LKA"
        },
        {
            "Number Citations": 6,
            "source": "USA",
            "target": "URY"
        },
        {
            "Number Citations": 3,
            "source": "USA",
            "target": "IDN"
        },
        {
            "Number Citations": 13,
            "source": "USA",
            "target": "THA"
        },
        {
            "Number Citations": 1,
            "source": "USA",
            "target": "NGA"
        },
        {
            "Number Citations": 3,
            "source": "USA",
            "target": "UKR"
        },
        {
            "Number Citations": 1,
            "source": "USA",
            "target": "YEM"
        },
        {
            "Number Citations": 25,
            "source": "USA",
            "target": "RUS"
        },
        {
            "Number Citations": 1,
            "source": "USA",
            "target": "MAC"
        },
        {
            "Number Citations": 1,
            "source": "USA",
            "target": "BLR"
        },
        {
            "Number Citations": 1,
            "source": "USA",
            "target": "VGB"
        },
        {
            "Number Citations": 1,
            "source": "USA",
            "target": "LTU"
        },
        {
            "Number Citations": 4,
            "source": "USA",
            "target": "SVN"
        },
        {
            "Number Citations": 1,
            "source": "USA",
            "target": "KNA"
        },
        {
            "Number Citations": 1,
            "source": "USA",
            "target": "TCA"
        },
        {
            "Number Citations": 1,
            "source": "USA",
            "target": "AIA"
        },
        {
            "Number Citations": 1,
            "source": "USA",
            "target": "HRV"
        },
        {
            "Number Citations": 215,
            "source": "FRA",
            "target": "FRA"
        },
        {
            "Number Citations": 2097,
            "source": "FRA",
            "target": "USA"
        },
        {
            "Number Citations": 138,
            "source": "FRA",
            "target": "GBR"
        },
        {
            "Number Citations": 39,
            "source": "FRA",
            "target": "SWE"
        },
        {
            "Number Citations": 17,
            "source": "FRA",
            "target": "USSR"
        },
        {
            "Number Citations": 343,
            "source": "FRA",
            "target": "JPN"
        },
        {
            "Number Citations": 1,
            "source": "FRA",
            "target": "BGR"
        },
        {
            "Number Citations": 9,
            "source": "FRA",
            "target": "ESP"
        },
        {
            "Number Citations": 389,
            "source": "FRA",
            "target": "DEU"
        },
        {
            "Number Citations": 25,
            "source": "FRA",
            "target": "ISR"
        },
        {
            "Number Citations": 90,
            "source": "FRA",
            "target": "CAN"
        },
        {
            "Number Citations": 56,
            "source": "FRA",
            "target": "CHE"
        },
        {
            "Number Citations": 6,
            "source": "FRA",
            "target": "ZAF"
        },
        {
            "Number Citations": 7,
            "source": "FRA",
            "target": "NOR"
        },
        {
            "Number Citations": 8,
            "source": "FRA",
            "target": "FIN"
        },
        {
            "Number Citations": 57,
            "source": "FRA",
            "target": "ITA"
        },
        {
            "Number Citations": 24,
            "source": "FRA",
            "target": "AUT"
        },
        {
            "Number Citations": 20,
            "source": "FRA",
            "target": "AUS"
        },
        {
            "Number Citations": 9,
            "source": "FRA",
            "target": "BEL"
        },
        {
            "Number Citations": 7,
            "source": "FRA",
            "target": "DNK"
        },
        {
            "Number Citations": 1,
            "source": "FRA",
            "target": "ROU"
        },
        {
            "Number Citations": 21,
            "source": "FRA",
            "target": "NLD"
        },
        {
            "Number Citations": 3,
            "source": "FRA",
            "target": "HUN"
        },
        {
            "Number Citations": 1,
            "source": "FRA",
            "target": "IND"
        },
        {
            "Number Citations": 1,
            "source": "FRA",
            "target": "ARG"
        },
        {
            "Number Citations": 2,
            "source": "FRA",
            "target": "MEX"
        },
        {
            "Number Citations": 1,
            "source": "FRA",
            "target": "POL"
        },
        {
            "Number Citations": 9,
            "source": "FRA",
            "target": "TWN"
        },
        {
            "Number Citations": 1,
            "source": "FRA",
            "target": "LUX"
        },
        {
            "Number Citations": 7,
            "source": "FRA",
            "target": "IRL"
        },
        {
            "Number Citations": 1,
            "source": "FRA",
            "target": "YUG"
        },
        {
            "Number Citations": 7,
            "source": "FRA",
            "target": "KOR"
        },
        {
            "Number Citations": 1,
            "source": "FRA",
            "target": "MYS"
        },
        {
            "Number Citations": 4,
            "source": "FRA",
            "target": "VEN"
        },
        {
            "Number Citations": 2,
            "source": "FRA",
            "target": "CHN"
        },
        {
            "Number Citations": 1,
            "source": "FRA",
            "target": "RUS"
        },
        {
            "Number Citations": 1,
            "source": "FRA",
            "target": "BLR"
        },
        {
            "Number Citations": 282,
            "source": "DEU",
            "target": "FRA"
        },
        {
            "Number Citations": 4995,
            "source": "DEU",
            "target": "USA"
        },
        {
            "Number Citations": 275,
            "source": "DEU",
            "target": "GBR"
        },
        {
            "Number Citations": 103,
            "source": "DEU",
            "target": "SWE"
        },
        {
            "Number Citations": 36,
            "source": "DEU",
            "target": "USSR"
        },
        {
            "Number Citations": 1279,
            "source": "DEU",
            "target": "JPN"
        },
        {
            "Number Citations": 5,
            "source": "DEU",
            "target": "BGR"
        },
        {
            "Number Citations": 14,
            "source": "DEU",
            "target": "ESP"
        },
        {
            "Number Citations": 1531,
            "source": "DEU",
            "target": "DEU"
        },
        {
            "Number Citations": 16,
            "source": "DEU",
            "target": "ISR"
        },
        {
            "Number Citations": 207,
            "source": "DEU",
            "target": "CAN"
        },
        {
            "Number Citations": 213,
            "source": "DEU",
            "target": "CHE"
        },
        {
            "Number Citations": 14,
            "source": "DEU",
            "target": "ZAF"
        },
        {
            "Number Citations": 10,
            "source": "DEU",
            "target": "NOR"
        },
        {
            "Number Citations": 31,
            "source": "DEU",
            "target": "FIN"
        },
        {
            "Number Citations": 140,
            "source": "DEU",
            "target": "ITA"
        },
        {
            "Number Citations": 40,
            "source": "DEU",
            "target": "AUT"
        },
        {
            "Number Citations": 36,
            "source": "DEU",
            "target": "AUS"
        },
        {
            "Number Citations": 42,
            "source": "DEU",
            "target": "BEL"
        },
        {
            "Number Citations": 19,
            "source": "DEU",
            "target": "DNK"
        },
        {
            "Number Citations": 8,
            "source": "DEU",
            "target": "CSK"
        },
        {
            "Number Citations": 73,
            "source": "DEU",
            "target": "NLD"
        },
        {
            "Number Citations": 6,
            "source": "DEU",
            "target": "HUN"
        },
        {
            "Number Citations": 2,
            "source": "DEU",
            "target": "LIE"
        },
        {
            "Number Citations": 1,
            "source": "DEU",
            "target": "ARG"
        },
        {
            "Number Citations": 11,
            "source": "DEU",
            "target": "MEX"
        },
        {
            "Number Citations": 2,
            "source": "DEU",
            "target": "POL"
        },
        {
            "Number Citations": 2,
            "source": "DEU",
            "target": "GRC"
        },
        {
            "Number Citations": 25,
            "source": "DEU",
            "target": "TWN"
        },
        {
            "Number Citations": 1,
            "source": "DEU",
            "target": "PRT"
        },
        {
            "Number Citations": 4,
            "source": "DEU",
            "target": "NZL"
        },
        {
            "Number Citations": 6,
            "source": "DEU",
            "target": "HKG"
        },
        {
            "Number Citations": 3,
            "source": "DEU",
            "target": "BRA"
        },
        {
            "Number Citations": 7,
            "source": "DEU",
            "target": "LUX"
        },
        {
            "Number Citations": 1,
            "source": "DEU",
            "target": "IRL"
        },
        {
            "Number Citations": 4,
            "source": "DEU",
            "target": "MCO"
        },
        {
            "Number Citations": 16,
            "source": "DEU",
            "target": "KOR"
        },
        {
            "Number Citations": 2,
            "source": "DEU",
            "target": "MYS"
        },
        {
            "Number Citations": 1,
            "source": "DEU",
            "target": "CRI"
        },
        {
            "Number Citations": 1,
            "source": "DEU",
            "target": "ISL"
        },
        {
            "Number Citations": 2,
            "source": "DEU",
            "target": "VEN"
        },
        {
            "Number Citations": 1,
            "source": "DEU",
            "target": "CYP"
        },
        {
            "Number Citations": 1,
            "source": "DEU",
            "target": "SGP"
        },
        {
            "Number Citations": 2,
            "source": "DEU",
            "target": "CHN"
        },
        {
            "Number Citations": 1,
            "source": "DEU",
            "target": "SLV"
        },
        {
            "Number Citations": 1,
            "source": "DEU",
            "target": "SAU"
        },
        {
            "Number Citations": 1,
            "source": "DEU",
            "target": "PAN"
        },
        {
            "Number Citations": 4,
            "source": "DEU",
            "target": "IDN"
        },
        {
            "Number Citations": 4,
            "source": "DEU",
            "target": "RUS"
        },
        {
            "Number Citations": 1,
            "source": "DEU",
            "target": "AIA"
        },
        {
            "Number Citations": 241,
            "source": "GBR",
            "target": "FRA"
        },
        {
            "Number Citations": 3945,
            "source": "GBR",
            "target": "USA"
        },
        {
            "Number Citations": 364,
            "source": "GBR",
            "target": "GBR"
        },
        {
            "Number Citations": 84,
            "source": "GBR",
            "target": "SWE"
        },
        {
            "Number Citations": 30,
            "source": "GBR",
            "target": "USSR"
        },
        {
            "Number Citations": 638,
            "source": "GBR",
            "target": "JPN"
        },
        {
            "Number Citations": 1,
            "source": "GBR",
            "target": "BGR"
        },
        {
            "Number Citations": 18,
            "source": "GBR",
            "target": "ESP"
        },
        {
            "Number Citations": 609,
            "source": "GBR",
            "target": "DEU"
        },
        {
            "Number Citations": 25,
            "source": "GBR",
            "target": "ISR"
        },
        {
            "Number Citations": 122,
            "source": "GBR",
            "target": "CAN"
        },
        {
            "Number Citations": 120,
            "source": "GBR",
            "target": "CHE"
        },
        {
            "Number Citations": 9,
            "source": "GBR",
            "target": "ZAF"
        },
        {
            "Number Citations": 14,
            "source": "GBR",
            "target": "NOR"
        },
        {
            "Number Citations": 16,
            "source": "GBR",
            "target": "FIN"
        },
        {
            "Number Citations": 88,
            "source": "GBR",
            "target": "ITA"
        },
        {
            "Number Citations": 15,
            "source": "GBR",
            "target": "AUT"
        },
        {
            "Number Citations": 32,
            "source": "GBR",
            "target": "AUS"
        },
        {
            "Number Citations": 20,
            "source": "GBR",
            "target": "BEL"
        },
        {
            "Number Citations": 12,
            "source": "GBR",
            "target": "DNK"
        },
        {
            "Number Citations": 1,
            "source": "GBR",
            "target": "ROU"
        },
        {
            "Number Citations": 3,
            "source": "GBR",
            "target": "CSK"
        },
        {
            "Number Citations": 53,
            "source": "GBR",
            "target": "NLD"
        },
        {
            "Number Citations": 13,
            "source": "GBR",
            "target": "HUN"
        },
        {
            "Number Citations": 1,
            "source": "GBR",
            "target": "BRB"
        },
        {
            "Number Citations": 2,
            "source": "GBR",
            "target": "ARG"
        },
        {
            "Number Citations": 2,
            "source": "GBR",
            "target": "POL"
        },
        {
            "Number Citations": 23,
            "source": "GBR",
            "target": "TWN"
        },
        {
            "Number Citations": 6,
            "source": "GBR",
            "target": "BHS"
        },
        {
            "Number Citations": 4,
            "source": "GBR",
            "target": "NZL"
        },
        {
            "Number Citations": 1,
            "source": "GBR",
            "target": "HKG"
        },
        {
            "Number Citations": 1,
            "source": "GBR",
            "target": "BRA"
        },
        {
            "Number Citations": 3,
            "source": "GBR",
            "target": "LUX"
        },
        {
            "Number Citations": 1,
            "source": "GBR",
            "target": "IRL"
        },
        {
            "Number Citations": 2,
            "source": "GBR",
            "target": "YUG"
        },
        {
            "Number Citations": 8,
            "source": "GBR",
            "target": "KOR"
        },
        {
            "Number Citations": 1,
            "source": "GBR",
            "target": "COL"
        },
        {
            "Number Citations": 2,
            "source": "GBR",
            "target": "MAR"
        },
        {
            "Number Citations": 2,
            "source": "GBR",
            "target": "IRQ"
        },
        {
            "Number Citations": 3,
            "source": "GBR",
            "target": "VEN"
        },
        {
            "Number Citations": 4,
            "source": "GBR",
            "target": "SGP"
        },
        {
            "Number Citations": 2,
            "source": "GBR",
            "target": "CHN"
        },
        {
            "Number Citations": 1,
            "source": "GBR",
            "target": "SAU"
        },
        {
            "Number Citations": 1,
            "source": "GBR",
            "target": "CZE"
        },
        {
            "Number Citations": 77,
            "source": "CHE",
            "target": "FRA"
        },
        {
            "Number Citations": 1022,
            "source": "CHE",
            "target": "USA"
        },
        {
            "Number Citations": 84,
            "source": "CHE",
            "target": "GBR"
        },
        {
            "Number Citations": 22,
            "source": "CHE",
            "target": "SWE"
        },
        {
            "Number Citations": 14,
            "source": "CHE",
            "target": "USSR"
        },
        {
            "Number Citations": 176,
            "source": "CHE",
            "target": "JPN"
        },
        {
            "Number Citations": 6,
            "source": "CHE",
            "target": "ESP"
        },
        {
            "Number Citations": 246,
            "source": "CHE",
            "target": "DEU"
        },
        {
            "Number Citations": 3,
            "source": "CHE",
            "target": "ISR"
        },
        {
            "Number Citations": 32,
            "source": "CHE",
            "target": "CAN"
        },
        {
            "Number Citations": 165,
            "source": "CHE",
            "target": "CHE"
        },
        {
            "Number Citations": 5,
            "source": "CHE",
            "target": "ZAF"
        },
        {
            "Number Citations": 7,
            "source": "CHE",
            "target": "NOR"
        },
        {
            "Number Citations": 10,
            "source": "CHE",
            "target": "FIN"
        },
        {
            "Number Citations": 41,
            "source": "CHE",
            "target": "ITA"
        },
        {
            "Number Citations": 10,
            "source": "CHE",
            "target": "AUT"
        },
        {
            "Number Citations": 10,
            "source": "CHE",
            "target": "AUS"
        },
        {
            "Number Citations": 13,
            "source": "CHE",
            "target": "BEL"
        },
        {
            "Number Citations": 4,
            "source": "CHE",
            "target": "DNK"
        },
        {
            "Number Citations": 4,
            "source": "CHE",
            "target": "CSK"
        },
        {
            "Number Citations": 13,
            "source": "CHE",
            "target": "NLD"
        },
        {
            "Number Citations": 6,
            "source": "CHE",
            "target": "HUN"
        },
        {
            "Number Citations": 4,
            "source": "CHE",
            "target": "LIE"
        },
        {
            "Number Citations": 6,
            "source": "CHE",
            "target": "TWN"
        },
        {
            "Number Citations": 2,
            "source": "CHE",
            "target": "NZL"
        },
        {
            "Number Citations": 1,
            "source": "CHE",
            "target": "PER"
        },
        {
            "Number Citations": 1,
            "source": "CHE",
            "target": "YUG"
        },
        {
            "Number Citations": 2,
            "source": "CHE",
            "target": "KOR"
        },
        {
            "Number Citations": 1,
            "source": "CHE",
            "target": "CHL"
        },
        {
            "Number Citations": 5,
            "source": "CHE",
            "target": "LBN"
        },
        {
            "Number Citations": 47,
            "source": "SWE",
            "target": "FRA"
        },
        {
            "Number Citations": 952,
            "source": "SWE",
            "target": "USA"
        },
        {
            "Number Citations": 52,
            "source": "SWE",
            "target": "GBR"
        },
        {
            "Number Citations": 109,
            "source": "SWE",
            "target": "SWE"
        },
        {
            "Number Citations": 9,
            "source": "SWE",
            "target": "USSR"
        },
        {
            "Number Citations": 136,
            "source": "SWE",
            "target": "JPN"
        },
        {
            "Number Citations": 6,
            "source": "SWE",
            "target": "ESP"
        },
        {
            "Number Citations": 136,
            "source": "SWE",
            "target": "DEU"
        },
        {
            "Number Citations": 6,
            "source": "SWE",
            "target": "ISR"
        },
        {
            "Number Citations": 38,
            "source": "SWE",
            "target": "CAN"
        },
        {
            "Number Citations": 40,
            "source": "SWE",
            "target": "CHE"
        },
        {
            "Number Citations": 4,
            "source": "SWE",
            "target": "ZAF"
        },
        {
            "Number Citations": 6,
            "source": "SWE",
            "target": "NOR"
        },
        {
            "Number Citations": 14,
            "source": "SWE",
            "target": "FIN"
        },
        {
            "Number Citations": 14,
            "source": "SWE",
            "target": "ITA"
        },
        {
            "Number Citations": 6,
            "source": "SWE",
            "target": "AUT"
        },
        {
            "Number Citations": 17,
            "source": "SWE",
            "target": "AUS"
        },
        {
            "Number Citations": 5,
            "source": "SWE",
            "target": "BEL"
        },
        {
            "Number Citations": 5,
            "source": "SWE",
            "target": "DNK"
        },
        {
            "Number Citations": 1,
            "source": "SWE",
            "target": "ROU"
        },
        {
            "Number Citations": 2,
            "source": "SWE",
            "target": "CSK"
        },
        {
            "Number Citations": 17,
            "source": "SWE",
            "target": "NLD"
        },
        {
            "Number Citations": 2,
            "source": "SWE",
            "target": "POL"
        },
        {
            "Number Citations": 5,
            "source": "SWE",
            "target": "TWN"
        },
        {
            "Number Citations": 1,
            "source": "SWE",
            "target": "YUG"
        },
        {
            "Number Citations": 1,
            "source": "SWE",
            "target": "KOR"
        },
        {
            "Number Citations": 1,
            "source": "SWE",
            "target": "CRI"
        },
        {
            "Number Citations": 1,
            "source": "SWE",
            "target": "VEN"
        },
        {
            "Number Citations": 2,
            "source": "SWE",
            "target": "SGP"
        },
        {
            "Number Citations": 1,
            "source": "SWE",
            "target": "VGB"
        },
        {
            "Number Citations": 3,
            "source": "MLI",
            "target": "FRA"
        },
        {
            "Number Citations": 36,
            "source": "MLI",
            "target": "USA"
        },
        {
            "Number Citations": 2,
            "source": "MLI",
            "target": "GBR"
        },
        {
            "Number Citations": 1,
            "source": "MLI",
            "target": "SWE"
        },
        {
            "Number Citations": 4,
            "source": "MLI",
            "target": "JPN"
        },
        {
            "Number Citations": 12,
            "source": "MLI",
            "target": "DEU"
        },
        {
            "Number Citations": 3,
            "source": "MLI",
            "target": "CAN"
        },
        {
            "Number Citations": 1,
            "source": "MLI",
            "target": "HUN"
        },
        {
            "Number Citations": 61,
            "source": "CAN",
            "target": "FRA"
        },
        {
            "Number Citations": 1861,
            "source": "CAN",
            "target": "USA"
        },
        {
            "Number Citations": 65,
            "source": "CAN",
            "target": "GBR"
        },
        {
            "Number Citations": 37,
            "source": "CAN",
            "target": "SWE"
        },
        {
            "Number Citations": 4,
            "source": "CAN",
            "target": "USSR"
        },
        {
            "Number Citations": 157,
            "source": "CAN",
            "target": "JPN"
        },
        {
            "Number Citations": 1,
            "source": "CAN",
            "target": "BGR"
        },
        {
            "Number Citations": 3,
            "source": "CAN",
            "target": "ESP"
        },
        {
            "Number Citations": 128,
            "source": "CAN",
            "target": "DEU"
        },
        {
            "Number Citations": 5,
            "source": "CAN",
            "target": "ISR"
        },
        {
            "Number Citations": 168,
            "source": "CAN",
            "target": "CAN"
        },
        {
            "Number Citations": 26,
            "source": "CAN",
            "target": "CHE"
        },
        {
            "Number Citations": 7,
            "source": "CAN",
            "target": "ZAF"
        },
        {
            "Number Citations": 3,
            "source": "CAN",
            "target": "NOR"
        },
        {
            "Number Citations": 14,
            "source": "CAN",
            "target": "FIN"
        },
        {
            "Number Citations": 25,
            "source": "CAN",
            "target": "ITA"
        },
        {
            "Number Citations": 13,
            "source": "CAN",
            "target": "AUT"
        },
        {
            "Number Citations": 24,
            "source": "CAN",
            "target": "AUS"
        },
        {
            "Number Citations": 7,
            "source": "CAN",
            "target": "BEL"
        },
        {
            "Number Citations": 4,
            "source": "CAN",
            "target": "DNK"
        },
        {
            "Number Citations": 1,
            "source": "CAN",
            "target": "ROU"
        },
        {
            "Number Citations": 2,
            "source": "CAN",
            "target": "CSK"
        },
        {
            "Number Citations": 17,
            "source": "CAN",
            "target": "NLD"
        },
        {
            "Number Citations": 3,
            "source": "CAN",
            "target": "HUN"
        },
        {
            "Number Citations": 1,
            "source": "CAN",
            "target": "IND"
        },
        {
            "Number Citations": 2,
            "source": "CAN",
            "target": "ARG"
        },
        {
            "Number Citations": 3,
            "source": "CAN",
            "target": "MEX"
        },
        {
            "Number Citations": 2,
            "source": "CAN",
            "target": "GRC"
        },
        {
            "Number Citations": 19,
            "source": "CAN",
            "target": "TWN"
        },
        {
            "Number Citations": 2,
            "source": "CAN",
            "target": "HKG"
        },
        {
            "Number Citations": 2,
            "source": "CAN",
            "target": "IRL"
        },
        {
            "Number Citations": 2,
            "source": "CAN",
            "target": "KOR"
        },
        {
            "Number Citations": 1,
            "source": "CAN",
            "target": "SGP"
        },
        {
            "Number Citations": 1,
            "source": "CAN",
            "target": "CHN"
        },
        {
            "Number Citations": 1,
            "source": "CAN",
            "target": "FRO"
        },
        {
            "Number Citations": 58,
            "source": "JPN",
            "target": "FRA"
        },
        {
            "Number Citations": 1365,
            "source": "JPN",
            "target": "USA"
        },
        {
            "Number Citations": 64,
            "source": "JPN",
            "target": "GBR"
        },
        {
            "Number Citations": 20,
            "source": "JPN",
            "target": "SWE"
        },
        {
            "Number Citations": 8,
            "source": "JPN",
            "target": "USSR"
        },
        {
            "Number Citations": 415,
            "source": "JPN",
            "target": "JPN"
        },
        {
            "Number Citations": 3,
            "source": "JPN",
            "target": "BGR"
        },
        {
            "Number Citations": 4,
            "source": "JPN",
            "target": "ESP"
        },
        {
            "Number Citations": 197,
            "source": "JPN",
            "target": "DEU"
        },
        {
            "Number Citations": 4,
            "source": "JPN",
            "target": "ISR"
        },
        {
            "Number Citations": 46,
            "source": "JPN",
            "target": "CAN"
        },
        {
            "Number Citations": 34,
            "source": "JPN",
            "target": "CHE"
        },
        {
            "Number Citations": 9,
            "source": "JPN",
            "target": "ZAF"
        },
        {
            "Number Citations": 3,
            "source": "JPN",
            "target": "NOR"
        },
        {
            "Number Citations": 6,
            "source": "JPN",
            "target": "FIN"
        },
        {
            "Number Citations": 42,
            "source": "JPN",
            "target": "ITA"
        },
        {
            "Number Citations": 9,
            "source": "JPN",
            "target": "AUT"
        },
        {
            "Number Citations": 3,
            "source": "JPN",
            "target": "AUS"
        },
        {
            "Number Citations": 12,
            "source": "JPN",
            "target": "BEL"
        },
        {
            "Number Citations": 8,
            "source": "JPN",
            "target": "DNK"
        },
        {
            "Number Citations": 5,
            "source": "JPN",
            "target": "CSK"
        },
        {
            "Number Citations": 25,
            "source": "JPN",
            "target": "NLD"
        },
        {
            "Number Citations": 5,
            "source": "JPN",
            "target": "HUN"
        },
        {
            "Number Citations": 1,
            "source": "JPN",
            "target": "IND"
        },
        {
            "Number Citations": 1,
            "source": "JPN",
            "target": "LIE"
        },
        {
            "Number Citations": 2,
            "source": "JPN",
            "target": "ARG"
        },
        {
            "Number Citations": 2,
            "source": "JPN",
            "target": "POL"
        },
        {
            "Number Citations": 2,
            "source": "JPN",
            "target": "PHL"
        },
        {
            "Number Citations": 14,
            "source": "JPN",
            "target": "TWN"
        },
        {
            "Number Citations": 1,
            "source": "JPN",
            "target": "NZL"
        },
        {
            "Number Citations": 4,
            "source": "JPN",
            "target": "HKG"
        },
        {
            "Number Citations": 2,
            "source": "JPN",
            "target": "LUX"
        },
        {
            "Number Citations": 1,
            "source": "JPN",
            "target": "IRL"
        },
        {
            "Number Citations": 6,
            "source": "JPN",
            "target": "KOR"
        },
        {
            "Number Citations": 1,
            "source": "JPN",
            "target": "COL"
        },
        {
            "Number Citations": 1,
            "source": "JPN",
            "target": "TUN"
        },
        {
            "Number Citations": 1,
            "source": "JPN",
            "target": "MYS"
        },
        {
            "Number Citations": 1,
            "source": "JPN",
            "target": "BOL"
        },
        {
            "Number Citations": 1,
            "source": "JPN",
            "target": "VEN"
        },
        {
            "Number Citations": 2,
            "source": "JPN",
            "target": "CHN"
        },
        {
            "Number Citations": 1,
            "source": "JPN",
            "target": "RUS"
        },
        {
            "Number Citations": 48,
            "source": "NLD",
            "target": "FRA"
        },
        {
            "Number Citations": 680,
            "source": "NLD",
            "target": "USA"
        },
        {
            "Number Citations": 40,
            "source": "NLD",
            "target": "GBR"
        },
        {
            "Number Citations": 13,
            "source": "NLD",
            "target": "SWE"
        },
        {
            "Number Citations": 7,
            "source": "NLD",
            "target": "USSR"
        },
        {
            "Number Citations": 132,
            "source": "NLD",
            "target": "JPN"
        },
        {
            "Number Citations": 1,
            "source": "NLD",
            "target": "BGR"
        },
        {
            "Number Citations": 1,
            "source": "NLD",
            "target": "ESP"
        },
        {
            "Number Citations": 134,
            "source": "NLD",
            "target": "DEU"
        },
        {
            "Number Citations": 8,
            "source": "NLD",
            "target": "ISR"
        },
        {
            "Number Citations": 27,
            "source": "NLD",
            "target": "CAN"
        },
        {
            "Number Citations": 20,
            "source": "NLD",
            "target": "CHE"
        },
        {
            "Number Citations": 2,
            "source": "NLD",
            "target": "ZAF"
        },
        {
            "Number Citations": 3,
            "source": "NLD",
            "target": "NOR"
        },
        {
            "Number Citations": 1,
            "source": "NLD",
            "target": "FIN"
        },
        {
            "Number Citations": 22,
            "source": "NLD",
            "target": "ITA"
        },
        {
            "Number Citations": 2,
            "source": "NLD",
            "target": "AUT"
        },
        {
            "Number Citations": 2,
            "source": "NLD",
            "target": "AUS"
        },
        {
            "Number Citations": 6,
            "source": "NLD",
            "target": "BEL"
        },
        {
            "Number Citations": 2,
            "source": "NLD",
            "target": "DNK"
        },
        {
            "Number Citations": 54,
            "source": "NLD",
            "target": "NLD"
        },
        {
            "Number Citations": 1,
            "source": "NLD",
            "target": "HUN"
        },
        {
            "Number Citations": 2,
            "source": "NLD",
            "target": "IND"
        },
        {
            "Number Citations": 1,
            "source": "NLD",
            "target": "LIE"
        },
        {
            "Number Citations": 3,
            "source": "NLD",
            "target": "MEX"
        },
        {
            "Number Citations": 1,
            "source": "NLD",
            "target": "POL"
        },
        {
            "Number Citations": 2,
            "source": "NLD",
            "target": "TWN"
        },
        {
            "Number Citations": 1,
            "source": "NLD",
            "target": "BHS"
        },
        {
            "Number Citations": 1,
            "source": "NLD",
            "target": "BRA"
        },
        {
            "Number Citations": 4,
            "source": "NLD",
            "target": "KOR"
        },
        {
            "Number Citations": 1,
            "source": "NLD",
            "target": "VEN"
        },
        {
            "Number Citations": 3,
            "source": "NLD",
            "target": "CHN"
        },
        {
            "Number Citations": 18,
            "source": "BEL",
            "target": "FRA"
        },
        {
            "Number Citations": 261,
            "source": "BEL",
            "target": "USA"
        },
        {
            "Number Citations": 22,
            "source": "BEL",
            "target": "GBR"
        },
        {
            "Number Citations": 9,
            "source": "BEL",
            "target": "SWE"
        },
        {
            "Number Citations": 4,
            "source": "BEL",
            "target": "USSR"
        },
        {
            "Number Citations": 53,
            "source": "BEL",
            "target": "JPN"
        },
        {
            "Number Citations": 1,
            "source": "BEL",
            "target": "ESP"
        },
        {
            "Number Citations": 38,
            "source": "BEL",
            "target": "DEU"
        },
        {
            "Number Citations": 3,
            "source": "BEL",
            "target": "CAN"
        },
        {
            "Number Citations": 5,
            "source": "BEL",
            "target": "CHE"
        },
        {
            "Number Citations": 4,
            "source": "BEL",
            "target": "NOR"
        },
        {
            "Number Citations": 1,
            "source": "BEL",
            "target": "FIN"
        },
        {
            "Number Citations": 2,
            "source": "BEL",
            "target": "ITA"
        },
        {
            "Number Citations": 7,
            "source": "BEL",
            "target": "AUT"
        },
        {
            "Number Citations": 1,
            "source": "BEL",
            "target": "AUS"
        },
        {
            "Number Citations": 29,
            "source": "BEL",
            "target": "BEL"
        },
        {
            "Number Citations": 1,
            "source": "BEL",
            "target": "DNK"
        },
        {
            "Number Citations": 6,
            "source": "BEL",
            "target": "NLD"
        },
        {
            "Number Citations": 1,
            "source": "BEL",
            "target": "MEX"
        },
        {
            "Number Citations": 2,
            "source": "BEL",
            "target": "TWN"
        },
        {
            "Number Citations": 1,
            "source": "BEL",
            "target": "KOR"
        },
        {
            "Number Citations": 1,
            "source": "BEL",
            "target": "CHN"
        },
        {
            "Number Citations": 32,
            "source": "ITA",
            "target": "FRA"
        },
        {
            "Number Citations": 564,
            "source": "ITA",
            "target": "USA"
        },
        {
            "Number Citations": 45,
            "source": "ITA",
            "target": "GBR"
        },
        {
            "Number Citations": 7,
            "source": "ITA",
            "target": "SWE"
        },
        {
            "Number Citations": 4,
            "source": "ITA",
            "target": "USSR"
        },
        {
            "Number Citations": 105,
            "source": "ITA",
            "target": "JPN"
        },
        {
            "Number Citations": 1,
            "source": "ITA",
            "target": "ESP"
        },
        {
            "Number Citations": 91,
            "source": "ITA",
            "target": "DEU"
        },
        {
            "Number Citations": 3,
            "source": "ITA",
            "target": "ISR"
        },
        {
            "Number Citations": 17,
            "source": "ITA",
            "target": "CAN"
        },
        {
            "Number Citations": 22,
            "source": "ITA",
            "target": "CHE"
        },
        {
            "Number Citations": 2,
            "source": "ITA",
            "target": "ZAF"
        },
        {
            "Number Citations": 3,
            "source": "ITA",
            "target": "NOR"
        },
        {
            "Number Citations": 3,
            "source": "ITA",
            "target": "FIN"
        },
        {
            "Number Citations": 47,
            "source": "ITA",
            "target": "ITA"
        },
        {
            "Number Citations": 4,
            "source": "ITA",
            "target": "AUT"
        },
        {
            "Number Citations": 6,
            "source": "ITA",
            "target": "AUS"
        },
        {
            "Number Citations": 6,
            "source": "ITA",
            "target": "BEL"
        },
        {
            "Number Citations": 3,
            "source": "ITA",
            "target": "DNK"
        },
        {
            "Number Citations": 13,
            "source": "ITA",
            "target": "NLD"
        },
        {
            "Number Citations": 1,
            "source": "ITA",
            "target": "HUN"
        },
        {
            "Number Citations": 1,
            "source": "ITA",
            "target": "LIE"
        },
        {
            "Number Citations": 2,
            "source": "ITA",
            "target": "POL"
        },
        {
            "Number Citations": 7,
            "source": "ITA",
            "target": "TWN"
        },
        {
            "Number Citations": 2,
            "source": "ITA",
            "target": "LUX"
        },
        {
            "Number Citations": 1,
            "source": "ITA",
            "target": "IRL"
        },
        {
            "Number Citations": 3,
            "source": "ITA",
            "target": "KOR"
        },
        {
            "Number Citations": 2,
            "source": "ITA",
            "target": "RUS"
        },
        {
            "Number Citations": 10,
            "source": "DNK",
            "target": "FRA"
        },
        {
            "Number Citations": 143,
            "source": "DNK",
            "target": "USA"
        },
        {
            "Number Citations": 4,
            "source": "DNK",
            "target": "GBR"
        },
        {
            "Number Citations": 2,
            "source": "DNK",
            "target": "SWE"
        },
        {
            "Number Citations": 18,
            "source": "DNK",
            "target": "JPN"
        },
        {
            "Number Citations": 1,
            "source": "DNK",
            "target": "ESP"
        },
        {
            "Number Citations": 24,
            "source": "DNK",
            "target": "DEU"
        },
        {
            "Number Citations": 2,
            "source": "DNK",
            "target": "CAN"
        },
        {
            "Number Citations": 5,
            "source": "DNK",
            "target": "CHE"
        },
        {
            "Number Citations": 2,
            "source": "DNK",
            "target": "FIN"
        },
        {
            "Number Citations": 3,
            "source": "DNK",
            "target": "ITA"
        },
        {
            "Number Citations": 1,
            "source": "DNK",
            "target": "AUT"
        },
        {
            "Number Citations": 3,
            "source": "DNK",
            "target": "AUS"
        },
        {
            "Number Citations": 8,
            "source": "DNK",
            "target": "DNK"
        },
        {
            "Number Citations": 2,
            "source": "DNK",
            "target": "NLD"
        },
        {
            "Number Citations": 2,
            "source": "DNK",
            "target": "TWN"
        },
        {
            "Number Citations": 1,
            "source": "DNK",
            "target": "BRA"
        },
        {
            "Number Citations": 2,
            "source": "DNK",
            "target": "KOR"
        },
        {
            "Number Citations": 1,
            "source": "DNK",
            "target": "MYS"
        },
        {
            "Number Citations": 3,
            "source": "HUN",
            "target": "FRA"
        },
        {
            "Number Citations": 11,
            "source": "HUN",
            "target": "USA"
        },
        {
            "Number Citations": 2,
            "source": "HUN",
            "target": "GBR"
        },
        {
            "Number Citations": 3,
            "source": "HUN",
            "target": "JPN"
        },
        {
            "Number Citations": 1,
            "source": "HUN",
            "target": "DEU"
        },
        {
            "Number Citations": 6,
            "source": "HUN",
            "target": "CHE"
        },
        {
            "Number Citations": 2,
            "source": "HUN",
            "target": "ITA"
        },
        {
            "Number Citations": 14,
            "source": "AUT",
            "target": "FRA"
        },
        {
            "Number Citations": 178,
            "source": "AUT",
            "target": "USA"
        },
        {
            "Number Citations": 5,
            "source": "AUT",
            "target": "GBR"
        },
        {
            "Number Citations": 8,
            "source": "AUT",
            "target": "SWE"
        },
        {
            "Number Citations": 3,
            "source": "AUT",
            "target": "USSR"
        },
        {
            "Number Citations": 38,
            "source": "AUT",
            "target": "JPN"
        },
        {
            "Number Citations": 1,
            "source": "AUT",
            "target": "ESP"
        },
        {
            "Number Citations": 35,
            "source": "AUT",
            "target": "DEU"
        },
        {
            "Number Citations": 19,
            "source": "AUT",
            "target": "CAN"
        },
        {
            "Number Citations": 5,
            "source": "AUT",
            "target": "CHE"
        },
        {
            "Number Citations": 1,
            "source": "AUT",
            "target": "ZAF"
        },
        {
            "Number Citations": 1,
            "source": "AUT",
            "target": "NOR"
        },
        {
            "Number Citations": 1,
            "source": "AUT",
            "target": "FIN"
        },
        {
            "Number Citations": 4,
            "source": "AUT",
            "target": "ITA"
        },
        {
            "Number Citations": 24,
            "source": "AUT",
            "target": "AUT"
        },
        {
            "Number Citations": 2,
            "source": "AUT",
            "target": "AUS"
        },
        {
            "Number Citations": 1,
            "source": "AUT",
            "target": "BEL"
        },
        {
            "Number Citations": 2,
            "source": "AUT",
            "target": "NLD"
        },
        {
            "Number Citations": 1,
            "source": "AUT",
            "target": "MEX"
        },
        {
            "Number Citations": 3,
            "source": "AUT",
            "target": "TWN"
        },
        {
            "Number Citations": 1,
            "source": "AUT",
            "target": "LUX"
        },
        {
            "Number Citations": 1,
            "source": "AUT",
            "target": "CHN"
        },
        {
            "Number Citations": 2,
            "source": "CHN",
            "target": "FRA"
        },
        {
            "Number Citations": 11,
            "source": "CHN",
            "target": "USA"
        },
        {
            "Number Citations": 1,
            "source": "CHN",
            "target": "GBR"
        },
        {
            "Number Citations": 1,
            "source": "CHN",
            "target": "JPN"
        },
        {
            "Number Citations": 1,
            "source": "CHN",
            "target": "DEU"
        },
        {
            "Number Citations": 1,
            "source": "CHN",
            "target": "CHE"
        },
        {
            "Number Citations": 11,
            "source": "AUS",
            "target": "FRA"
        },
        {
            "Number Citations": 201,
            "source": "AUS",
            "target": "USA"
        },
        {
            "Number Citations": 12,
            "source": "AUS",
            "target": "GBR"
        },
        {
            "Number Citations": 10,
            "source": "AUS",
            "target": "SWE"
        },
        {
            "Number Citations": 19,
            "source": "AUS",
            "target": "JPN"
        },
        {
            "Number Citations": 3,
            "source": "AUS",
            "target": "ESP"
        },
        {
            "Number Citations": 27,
            "source": "AUS",
            "target": "DEU"
        },
        {
            "Number Citations": 3,
            "source": "AUS",
            "target": "ISR"
        },
        {
            "Number Citations": 7,
            "source": "AUS",
            "target": "CAN"
        },
        {
            "Number Citations": 1,
            "source": "AUS",
            "target": "CHE"
        },
        {
            "Number Citations": 1,
            "source": "AUS",
            "target": "ZAF"
        },
        {
            "Number Citations": 4,
            "source": "AUS",
            "target": "FIN"
        },
        {
            "Number Citations": 6,
            "source": "AUS",
            "target": "ITA"
        },
        {
            "Number Citations": 2,
            "source": "AUS",
            "target": "AUT"
        },
        {
            "Number Citations": 10,
            "source": "AUS",
            "target": "AUS"
        },
        {
            "Number Citations": 2,
            "source": "AUS",
            "target": "DNK"
        },
        {
            "Number Citations": 9,
            "source": "AUS",
            "target": "NLD"
        },
        {
            "Number Citations": 1,
            "source": "AUS",
            "target": "HUN"
        },
        {
            "Number Citations": 1,
            "source": "AUS",
            "target": "IND"
        },
        {
            "Number Citations": 1,
            "source": "AUS",
            "target": "MEX"
        },
        {
            "Number Citations": 2,
            "source": "AUS",
            "target": "NZL"
        },
        {
            "Number Citations": 1,
            "source": "AUS",
            "target": "HKG"
        },
        {
            "Number Citations": 1,
            "source": "AUS",
            "target": "LUX"
        },
        {
            "Number Citations": 1,
            "source": "AUS",
            "target": "KOR"
        },
        {
            "Number Citations": 1,
            "source": "AUS",
            "target": "VEN"
        },
        {
            "Number Citations": 1,
            "source": "CRI",
            "target": "FRA"
        },
        {
            "Number Citations": 18,
            "source": "CRI",
            "target": "USA"
        },
        {
            "Number Citations": 1,
            "source": "CRI",
            "target": "GBR"
        },
        {
            "Number Citations": 1,
            "source": "CRI",
            "target": "JPN"
        },
        {
            "Number Citations": 1,
            "source": "CRI",
            "target": "CAN"
        },
        {
            "Number Citations": 1,
            "source": "CRI",
            "target": "BEL"
        },
        {
            "Number Citations": 10,
            "source": "NOR",
            "target": "FRA"
        },
        {
            "Number Citations": 96,
            "source": "NOR",
            "target": "USA"
        },
        {
            "Number Citations": 1,
            "source": "NOR",
            "target": "GBR"
        },
        {
            "Number Citations": 9,
            "source": "NOR",
            "target": "SWE"
        },
        {
            "Number Citations": 1,
            "source": "NOR",
            "target": "USSR"
        },
        {
            "Number Citations": 7,
            "source": "NOR",
            "target": "JPN"
        },
        {
            "Number Citations": 19,
            "source": "NOR",
            "target": "DEU"
        },
        {
            "Number Citations": 8,
            "source": "NOR",
            "target": "CAN"
        },
        {
            "Number Citations": 2,
            "source": "NOR",
            "target": "CHE"
        },
        {
            "Number Citations": 2,
            "source": "NOR",
            "target": "NOR"
        },
        {
            "Number Citations": 1,
            "source": "NOR",
            "target": "ITA"
        },
        {
            "Number Citations": 2,
            "source": "NOR",
            "target": "AUT"
        },
        {
            "Number Citations": 4,
            "source": "NOR",
            "target": "AUS"
        },
        {
            "Number Citations": 1,
            "source": "NOR",
            "target": "BEL"
        },
        {
            "Number Citations": 1,
            "source": "NOR",
            "target": "DNK"
        },
        {
            "Number Citations": 1,
            "source": "NOR",
            "target": "NLD"
        },
        {
            "Number Citations": 1,
            "source": "NOR",
            "target": "TWN"
        },
        {
            "Number Citations": 2,
            "source": "HKG",
            "target": "FRA"
        },
        {
            "Number Citations": 13,
            "source": "HKG",
            "target": "USA"
        },
        {
            "Number Citations": 1,
            "source": "HKG",
            "target": "DEU"
        },
        {
            "Number Citations": 1,
            "source": "HKG",
            "target": "TWN"
        },
        {
            "Number Citations": 4,
            "source": "CSK",
            "target": "FRA"
        },
        {
            "Number Citations": 147,
            "source": "CSK",
            "target": "USA"
        },
        {
            "Number Citations": 12,
            "source": "CSK",
            "target": "GBR"
        },
        {
            "Number Citations": 1,
            "source": "CSK",
            "target": "SWE"
        },
        {
            "Number Citations": 1,
            "source": "CSK",
            "target": "USSR"
        },
        {
            "Number Citations": 11,
            "source": "CSK",
            "target": "JPN"
        },
        {
            "Number Citations": 2,
            "source": "CSK",
            "target": "ESP"
        },
        {
            "Number Citations": 22,
            "source": "CSK",
            "target": "DEU"
        },
        {
            "Number Citations": 1,
            "source": "CSK",
            "target": "ISR"
        },
        {
            "Number Citations": 1,
            "source": "CSK",
            "target": "CAN"
        },
        {
            "Number Citations": 5,
            "source": "CSK",
            "target": "CHE"
        },
        {
            "Number Citations": 2,
            "source": "CSK",
            "target": "ITA"
        },
        {
            "Number Citations": 2,
            "source": "CSK",
            "target": "AUT"
        },
        {
            "Number Citations": 2,
            "source": "CSK",
            "target": "AUS"
        },
        {
            "Number Citations": 2,
            "source": "CSK",
            "target": "DNK"
        },
        {
            "Number Citations": 15,
            "source": "CSK",
            "target": "CSK"
        },
        {
            "Number Citations": 1,
            "source": "CSK",
            "target": "TUR"
        },
        {
            "Number Citations": 6,
            "source": "MEX",
            "target": "FRA"
        },
        {
            "Number Citations": 48,
            "source": "MEX",
            "target": "USA"
        },
        {
            "Number Citations": 1,
            "source": "MEX",
            "target": "SWE"
        },
        {
            "Number Citations": 3,
            "source": "MEX",
            "target": "JPN"
        },
        {
            "Number Citations": 5,
            "source": "MEX",
            "target": "DEU"
        },
        {
            "Number Citations": 1,
            "source": "MEX",
            "target": "CAN"
        },
        {
            "Number Citations": 1,
            "source": "MEX",
            "target": "ITA"
        },
        {
            "Number Citations": 4,
            "source": "MEX",
            "target": "BEL"
        },
        {
            "Number Citations": 2,
            "source": "MEX",
            "target": "NLD"
        },
        {
            "Number Citations": 2,
            "source": "MEX",
            "target": "HUN"
        },
        {
            "Number Citations": 7,
            "source": "ZAF",
            "target": "FRA"
        },
        {
            "Number Citations": 133,
            "source": "ZAF",
            "target": "USA"
        },
        {
            "Number Citations": 9,
            "source": "ZAF",
            "target": "GBR"
        },
        {
            "Number Citations": 5,
            "source": "ZAF",
            "target": "SWE"
        },
        {
            "Number Citations": 1,
            "source": "ZAF",
            "target": "USSR"
        },
        {
            "Number Citations": 7,
            "source": "ZAF",
            "target": "JPN"
        },
        {
            "Number Citations": 11,
            "source": "ZAF",
            "target": "DEU"
        },
        {
            "Number Citations": 4,
            "source": "ZAF",
            "target": "CAN"
        },
        {
            "Number Citations": 1,
            "source": "ZAF",
            "target": "ZAF"
        },
        {
            "Number Citations": 1,
            "source": "ZAF",
            "target": "FIN"
        },
        {
            "Number Citations": 2,
            "source": "ZAF",
            "target": "ITA"
        },
        {
            "Number Citations": 4,
            "source": "ZAF",
            "target": "AUS"
        },
        {
            "Number Citations": 1,
            "source": "ZAF",
            "target": "BEL"
        },
        {
            "Number Citations": 1,
            "source": "ZAF",
            "target": "DNK"
        },
        {
            "Number Citations": 3,
            "source": "ZAF",
            "target": "NLD"
        },
        {
            "Number Citations": 1,
            "source": "ZAF",
            "target": "HUN"
        },
        {
            "Number Citations": 1,
            "source": "ZAF",
            "target": "MEX"
        },
        {
            "Number Citations": 2,
            "source": "ZAF",
            "target": "POL"
        },
        {
            "Number Citations": 1,
            "source": "ZAF",
            "target": "GRC"
        },
        {
            "Number Citations": 1,
            "source": "ZAF",
            "target": "KEN"
        },
        {
            "Number Citations": 2,
            "source": "FIN",
            "target": "FRA"
        },
        {
            "Number Citations": 26,
            "source": "FIN",
            "target": "USA"
        },
        {
            "Number Citations": 2,
            "source": "FIN",
            "target": "GBR"
        },
        {
            "Number Citations": 2,
            "source": "FIN",
            "target": "SWE"
        },
        {
            "Number Citations": 3,
            "source": "FIN",
            "target": "JPN"
        },
        {
            "Number Citations": 3,
            "source": "FIN",
            "target": "DEU"
        },
        {
            "Number Citations": 4,
            "source": "FIN",
            "target": "CAN"
        },
        {
            "Number Citations": 1,
            "source": "FIN",
            "target": "FIN"
        },
        {
            "Number Citations": 1,
            "source": "FIN",
            "target": "AUS"
        },
        {
            "Number Citations": 1,
            "source": "PRT",
            "target": "FRA"
        },
        {
            "Number Citations": 4,
            "source": "PRT",
            "target": "USA"
        },
        {
            "Number Citations": 1,
            "source": "PRT",
            "target": "BGR"
        },
        {
            "Number Citations": 2,
            "source": "PRT",
            "target": "DEU"
        },
        {
            "Number Citations": 1,
            "source": "PRT",
            "target": "HUN"
        },
        {
            "Number Citations": 1,
            "source": "MAR",
            "target": "FRA"
        },
        {
            "Number Citations": 5,
            "source": "MAR",
            "target": "USA"
        },
        {
            "Number Citations": 1,
            "source": "MAR",
            "target": "JPN"
        },
        {
            "Number Citations": 1,
            "source": "MAR",
            "target": "CAN"
        },
        {
            "Number Citations": 1,
            "source": "MAR",
            "target": "CHE"
        },
        {
            "Number Citations": 1,
            "source": "MAR",
            "target": "AUS"
        },
        {
            "Number Citations": 2,
            "source": "USSR",
            "target": "FRA"
        },
        {
            "Number Citations": 70,
            "source": "USSR",
            "target": "USA"
        },
        {
            "Number Citations": 2,
            "source": "USSR",
            "target": "SWE"
        },
        {
            "Number Citations": 7,
            "source": "USSR",
            "target": "USSR"
        },
        {
            "Number Citations": 12,
            "source": "USSR",
            "target": "JPN"
        },
        {
            "Number Citations": 7,
            "source": "USSR",
            "target": "DEU"
        },
        {
            "Number Citations": 1,
            "source": "USSR",
            "target": "AUT"
        },
        {
            "Number Citations": 1,
            "source": "YUG",
            "target": "FRA"
        },
        {
            "Number Citations": 6,
            "source": "YUG",
            "target": "USA"
        },
        {
            "Number Citations": 6,
            "source": "YUG",
            "target": "JPN"
        },
        {
            "Number Citations": 2,
            "source": "YUG",
            "target": "HUN"
        },
        {
            "Number Citations": 1,
            "source": "YUG",
            "target": "MYS"
        },
        {
            "Number Citations": 1,
            "source": "YUG",
            "target": "CHN"
        },
        {
            "Number Citations": 1,
            "source": "IRL",
            "target": "FRA"
        },
        {
            "Number Citations": 10,
            "source": "IRL",
            "target": "USA"
        },
        {
            "Number Citations": 1,
            "source": "IRL",
            "target": "JPN"
        },
        {
            "Number Citations": 1,
            "source": "IRL",
            "target": "DEU"
        },
        {
            "Number Citations": 1,
            "source": "IRL",
            "target": "ISR"
        },
        {
            "Number Citations": 1,
            "source": "IRL",
            "target": "CAN"
        },
        {
            "Number Citations": 1,
            "source": "IRL",
            "target": "FIN"
        },
        {
            "Number Citations": 2,
            "source": "ESP",
            "target": "FRA"
        },
        {
            "Number Citations": 68,
            "source": "ESP",
            "target": "USA"
        },
        {
            "Number Citations": 4,
            "source": "ESP",
            "target": "GBR"
        },
        {
            "Number Citations": 1,
            "source": "ESP",
            "target": "SWE"
        },
        {
            "Number Citations": 11,
            "source": "ESP",
            "target": "JPN"
        },
        {
            "Number Citations": 2,
            "source": "ESP",
            "target": "ESP"
        },
        {
            "Number Citations": 4,
            "source": "ESP",
            "target": "DEU"
        },
        {
            "Number Citations": 2,
            "source": "ESP",
            "target": "CAN"
        },
        {
            "Number Citations": 4,
            "source": "ESP",
            "target": "CHE"
        },
        {
            "Number Citations": 3,
            "source": "ESP",
            "target": "FIN"
        },
        {
            "Number Citations": 4,
            "source": "ESP",
            "target": "ITA"
        },
        {
            "Number Citations": 3,
            "source": "ESP",
            "target": "DNK"
        },
        {
            "Number Citations": 1,
            "source": "ESP",
            "target": "CSK"
        },
        {
            "Number Citations": 3,
            "source": "ESP",
            "target": "NLD"
        },
        {
            "Number Citations": 2,
            "source": "ESP",
            "target": "TWN"
        },
        {
            "Number Citations": 1,
            "source": "ESP",
            "target": "VEN"
        },
        {
            "Number Citations": 1,
            "source": "POL",
            "target": "FRA"
        },
        {
            "Number Citations": 11,
            "source": "POL",
            "target": "USA"
        },
        {
            "Number Citations": 2,
            "source": "POL",
            "target": "JPN"
        },
        {
            "Number Citations": 1,
            "source": "POL",
            "target": "DEU"
        },
        {
            "Number Citations": 1,
            "source": "LIE",
            "target": "FRA"
        },
        {
            "Number Citations": 25,
            "source": "LIE",
            "target": "USA"
        },
        {
            "Number Citations": 1,
            "source": "LIE",
            "target": "USSR"
        },
        {
            "Number Citations": 7,
            "source": "LIE",
            "target": "JPN"
        },
        {
            "Number Citations": 4,
            "source": "LIE",
            "target": "DEU"
        },
        {
            "Number Citations": 1,
            "source": "LIE",
            "target": "CHE"
        },
        {
            "Number Citations": 1,
            "source": "LIE",
            "target": "ZAF"
        },
        {
            "Number Citations": 1,
            "source": "LIE",
            "target": "ITA"
        },
        {
            "Number Citations": 1,
            "source": "LIE",
            "target": "AUS"
        },
        {
            "Number Citations": 3,
            "source": "LIE",
            "target": "LIE"
        },
        {
            "Number Citations": 25,
            "source": "VEN",
            "target": "USA"
        },
        {
            "Number Citations": 1,
            "source": "VEN",
            "target": "GBR"
        },
        {
            "Number Citations": 1,
            "source": "VEN",
            "target": "SWE"
        },
        {
            "Number Citations": 1,
            "source": "VEN",
            "target": "JPN"
        },
        {
            "Number Citations": 1,
            "source": "VEN",
            "target": "DEU"
        },
        {
            "Number Citations": 1,
            "source": "VEN",
            "target": "NOR"
        },
        {
            "Number Citations": 1,
            "source": "VEN",
            "target": "ITA"
        },
        {
            "Number Citations": 1,
            "source": "VEN",
            "target": "AUS"
        },
        {
            "Number Citations": 20,
            "source": "NZL",
            "target": "USA"
        },
        {
            "Number Citations": 7,
            "source": "NZL",
            "target": "JPN"
        },
        {
            "Number Citations": 3,
            "source": "NZL",
            "target": "DEU"
        },
        {
            "Number Citations": 5,
            "source": "NZL",
            "target": "CAN"
        },
        {
            "Number Citations": 1,
            "source": "NZL",
            "target": "CHE"
        },
        {
            "Number Citations": 1,
            "source": "NZL",
            "target": "ITA"
        },
        {
            "Number Citations": 1,
            "source": "NZL",
            "target": "MEX"
        },
        {
            "Number Citations": 53,
            "source": "ISR",
            "target": "USA"
        },
        {
            "Number Citations": 3,
            "source": "ISR",
            "target": "GBR"
        },
        {
            "Number Citations": 1,
            "source": "ISR",
            "target": "SWE"
        },
        {
            "Number Citations": 3,
            "source": "ISR",
            "target": "JPN"
        },
        {
            "Number Citations": 4,
            "source": "ISR",
            "target": "DEU"
        },
        {
            "Number Citations": 3,
            "source": "ISR",
            "target": "CAN"
        },
        {
            "Number Citations": 4,
            "source": "ISR",
            "target": "CHE"
        },
        {
            "Number Citations": 1,
            "source": "ISR",
            "target": "ZAF"
        },
        {
            "Number Citations": 1,
            "source": "ISR",
            "target": "NOR"
        },
        {
            "Number Citations": 1,
            "source": "ISR",
            "target": "ITA"
        },
        {
            "Number Citations": 1,
            "source": "ISR",
            "target": "CHL"
        },
        {
            "Number Citations": 19,
            "source": "URY",
            "target": "USA"
        },
        {
            "Number Citations": 1,
            "source": "URY",
            "target": "GBR"
        },
        {
            "Number Citations": 2,
            "source": "URY",
            "target": "JPN"
        },
        {
            "Number Citations": 1,
            "source": "URY",
            "target": "DEU"
        },
        {
            "Number Citations": 1,
            "source": "URY",
            "target": "CHE"
        },
        {
            "Number Citations": 1,
            "source": "URY",
            "target": "AUS"
        },
        {
            "Number Citations": 1,
            "source": "URY",
            "target": "KOR"
        },
        {
            "Number Citations": 14,
            "source": "IND",
            "target": "USA"
        },
        {
            "Number Citations": 1,
            "source": "IND",
            "target": "SWE"
        },
        {
            "Number Citations": 2,
            "source": "IND",
            "target": "JPN"
        },
        {
            "Number Citations": 1,
            "source": "IND",
            "target": "TWN"
        },
        {
            "Number Citations": 3,
            "source": "PHL",
            "target": "USA"
        },
        {
            "Number Citations": 21,
            "source": "BRA",
            "target": "USA"
        },
        {
            "Number Citations": 1,
            "source": "BRA",
            "target": "GBR"
        },
        {
            "Number Citations": 1,
            "source": "BRA",
            "target": "USSR"
        },
        {
            "Number Citations": 1,
            "source": "BRA",
            "target": "JPN"
        },
        {
            "Number Citations": 1,
            "source": "BRA",
            "target": "DEU"
        },
        {
            "Number Citations": 1,
            "source": "BRA",
            "target": "ITA"
        },
        {
            "Number Citations": 2,
            "source": "BRA",
            "target": "AUS"
        },
        {
            "Number Citations": 2,
            "source": "KOR",
            "target": "USA"
        },
        {
            "Number Citations": 1,
            "source": "KOR",
            "target": "CHE"
        },
        {
            "Number Citations": 1,
            "source": "KOR",
            "target": "ZAF"
        },
        {
            "Number Citations": 6,
            "source": "SLV",
            "target": "USA"
        },
        {
            "Number Citations": 5,
            "source": "LUX",
            "target": "USA"
        },
        {
            "Number Citations": 1,
            "source": "LUX",
            "target": "DEU"
        },
        {
            "Number Citations": 4,
            "source": "MCO",
            "target": "USA"
        },
        {
            "Number Citations": 29,
            "source": "ARG",
            "target": "USA"
        },
        {
            "Number Citations": 1,
            "source": "ARG",
            "target": "JPN"
        },
        {
            "Number Citations": 1,
            "source": "ARG",
            "target": "DEU"
        },
        {
            "Number Citations": 4,
            "source": "ARG",
            "target": "ITA"
        },
        {
            "Number Citations": 3,
            "source": "CHL",
            "target": "USA"
        },
        {
            "Number Citations": 1,
            "source": "CHL",
            "target": "ITA"
        },
        {
            "Number Citations": 1,
            "source": "TTO",
            "target": "USA"
        },
        {
            "Number Citations": 5,
            "source": "COL",
            "target": "USA"
        },
        {
            "Number Citations": 2,
            "source": "COL",
            "target": "DEU"
        },
        {
            "Number Citations": 1,
            "source": "COL",
            "target": "NOR"
        },
        {
            "Number Citations": 1,
            "source": "COL",
            "target": "AUS"
        },
        {
            "Number Citations": 1,
            "source": "COL",
            "target": "BEL"
        },
        {
            "Number Citations": 3,
            "source": "LBY",
            "target": "USA"
        },
        {
            "Number Citations": 3,
            "source": "BHS",
            "target": "USA"
        },
        {
            "Number Citations": 1,
            "source": "BHS",
            "target": "ITA"
        },
        {
            "Number Citations": 1,
            "source": "PAN",
            "target": "USA"
        },
        {
            "Number Citations": 5,
            "source": "GRC",
            "target": "USA"
        },
        {
            "Number Citations": 1,
            "source": "GRC",
            "target": "JPN"
        },
        {
            "Number Citations": 3,
            "source": "GRC",
            "target": "DEU"
        },
        {
            "Number Citations": 1,
            "source": "MYS",
            "target": "USA"
        },
        {
            "Number Citations": 1,
            "source": "MYS",
            "target": "NOR"
        },
        {
            "Number Citations": 1,
            "source": "MYS",
            "target": "DNK"
        },
        {
            "Number Citations": 4,
            "source": "IRN",
            "target": "USA"
        },
        {
            "Number Citations": 1,
            "source": "IRN",
            "target": "JPN"
        },
        {
            "Number Citations": 1,
            "source": "ISL",
            "target": "USA"
        },
        {
            "Number Citations": 1,
            "source": "ISL",
            "target": "GBR"
        },
        {
            "Number Citations": 1,
            "source": "ISL",
            "target": "SWE"
        },
        {
            "Number Citations": 1,
            "source": "ISL",
            "target": "DEU"
        },
        {
            "Number Citations": 1,
            "source": "ISL",
            "target": "CAN"
        },
        {
            "Number Citations": 1,
            "source": "ISL",
            "target": "FIN"
        },
        {
            "Number Citations": 1,
            "source": "CUB",
            "target": "USA"
        },
        {
            "Number Citations": 1,
            "source": "CUB",
            "target": "DEU"
        },
        {
            "Number Citations": 8,
            "source": "PER",
            "target": "USA"
        },
        {
            "Number Citations": 1,
            "source": "PER",
            "target": "SWE"
        },
        {
            "Number Citations": 4,
            "source": "PER",
            "target": "JPN"
        },
        {
            "Number Citations": 2,
            "source": "PER",
            "target": "DEU"
        },
        {
            "Number Citations": 2,
            "source": "PER",
            "target": "CAN"
        },
        {
            "Number Citations": 5,
            "source": "ZMB",
            "target": "USA"
        },
        {
            "Number Citations": 1,
            "source": "ZMB",
            "target": "DNK"
        },
        {
            "Number Citations": 1,
            "source": "EGY",
            "target": "USA"
        },
        {
            "Number Citations": 2,
            "source": "TUN",
            "target": "USA"
        },
        {
            "Number Citations": 1,
            "source": "TUN",
            "target": "CAN"
        },
        {
            "Number Citations": 2,
            "source": "GTM",
            "target": "USA"
        },
        {
            "Number Citations": 3,
            "source": "BGR",
            "target": "BGR"
        },
        {
            "Number Citations": 1,
            "source": "MTQ",
            "target": "DEU"
        },
        {
            "Number Citations": 2,
            "source": "MTQ",
            "target": "CAN"
        }
    ]
}