{
    "directed": true,
    "multigraph": false,
    "graph": {
        "year": 1997
    },
    "nodes": [
        {
            "id": "JPN"
        },
        {
            "id": "USA"
        },
        {
            "id": "ZAF"
        },
        {
            "id": "FRA"
        },
        {
            "id": "ESP"
        },
        {
            "id": "CAN"
        },
        {
            "id": "DEU"
        },
        {
            "id": "ITA"
        },
        {
            "id": "SWE"
        },
        {
            "id": "ISR"
        },
        {
            "id": "LUX"
        },
        {
            "id": "TWN"
        },
        {
            "id": "SGP"
        },
        {
            "id": "BEL"
        },
        {
            "id": "DNK"
        },
        {
            "id": "GBR"
        },
        {
            "id": "KOR"
        },
        {
            "id": "NZL"
        },
        {
            "id": "MYS"
        },
        {
            "id": "AUT"
        },
        {
            "id": "CHE"
        },
        {
            "id": "FIN"
        },
        {
            "id": "NLD"
        },
        {
            "id": "IND"
        },
        {
            "id": "AUS"
        },
        {
            "id": "IRL"
        },
        {
            "id": "PRT"
        },
        {
            "id": "USSR"
        },
        {
            "id": "BHS"
        },
        {
            "id": "BRA"
        },
        {
            "id": "HKG"
        },
        {
            "id": "ARG"
        },
        {
            "id": "SAU"
        },
        {
            "id": "EGY"
        },
        {
            "id": "BLR"
        },
        {
            "id": "VEN"
        },
        {
            "id": "CYP"
        },
        {
            "id": "GTM"
        },
        {
            "id": "SVN"
        },
        {
            "id": "NOR"
        },
        {
            "id": "RUS"
        },
        {
            "id": "MEX"
        },
        {
            "id": "CHN"
        },
        {
            "id": "POL"
        },
        {
            "id": "CSK"
        },
        {
            "id": "CRI"
        },
        {
            "id": "GRC"
        },
        {
            "id": "PHL"
        },
        {
            "id": "HUN"
        },
        {
            "id": "SLV"
        },
        {
            "id": "THA"
        },
        {
            "id": "LBN"
        },
        {
            "id": "COL"
        },
        {
            "id": "IDN"
        },
        {
            "id": "VGB"
        },
        {
            "id": "YUG"
        },
        {
            "id": "BGR"
        },
        {
            "id": "JOR"
        },
        {
            "id": "CYM"
        },
        {
            "id": "NGA"
        },
        {
            "id": "LIE"
        },
        {
            "id": "CUB"
        },
        {
            "id": "CHL"
        },
        {
            "id": "SVK"
        },
        {
            "id": "HTI"
        },
        {
            "id": "TUR"
        },
        {
            "id": "CZE"
        },
        {
            "id": "UKR"
        },
        {
            "id": "LTU"
        },
        {
            "id": "HRV"
        },
        {
            "id": "MCO"
        },
        {
            "id": "ISL"
        },
        {
            "id": "ANT"
        },
        {
            "id": "ECU"
        },
        {
            "id": "PAK"
        },
        {
            "id": "URY"
        },
        {
            "id": "PER"
        },
        {
            "id": "ROU"
        },
        {
            "id": "JAM"
        },
        {
            "id": "MHL"
        },
        {
            "id": "ARE"
        },
        {
            "id": "KAZ"
        },
        {
            "id": "KWT"
        },
        {
            "id": "BRB"
        },
        {
            "id": "SUR"
        },
        {
            "id": "BMU"
        },
        {
            "id": "TTO"
        },
        {
            "id": "SYR"
        },
        {
            "id": "VNM"
        }
    ],
    "links": [
        {
            "Number Citations": 9634,
            "source": "JPN",
            "target": "USA"
        },
        {
            "Number Citations": 868,
            "source": "JPN",
            "target": "DEU"
        },
        {
            "Number Citations": 16355,
            "source": "JPN",
            "target": "JPN"
        },
        {
            "Number Citations": 156,
            "source": "JPN",
            "target": "ITA"
        },
        {
            "Number Citations": 4,
            "source": "JPN",
            "target": "MEX"
        },
        {
            "Number Citations": 57,
            "source": "JPN",
            "target": "CHE"
        },
        {
            "Number Citations": 614,
            "source": "JPN",
            "target": "TWN"
        },
        {
            "Number Citations": 148,
            "source": "JPN",
            "target": "SWE"
        },
        {
            "Number Citations": 302,
            "source": "JPN",
            "target": "FRA"
        },
        {
            "Number Citations": 11,
            "source": "JPN",
            "target": "RUS"
        },
        {
            "Number Citations": 87,
            "source": "JPN",
            "target": "ISR"
        },
        {
            "Number Citations": 290,
            "source": "JPN",
            "target": "GBR"
        },
        {
            "Number Citations": 28,
            "source": "JPN",
            "target": "AUT"
        },
        {
            "Number Citations": 1286,
            "source": "JPN",
            "target": "KOR"
        },
        {
            "Number Citations": 54,
            "source": "JPN",
            "target": "FIN"
        },
        {
            "Number Citations": 218,
            "source": "JPN",
            "target": "CAN"
        },
        {
            "Number Citations": 60,
            "source": "JPN",
            "target": "BEL"
        },
        {
            "Number Citations": 13,
            "source": "JPN",
            "target": "ESP"
        },
        {
            "Number Citations": 1,
            "source": "JPN",
            "target": "POL"
        },
        {
            "Number Citations": 38,
            "source": "JPN",
            "target": "SGP"
        },
        {
            "Number Citations": 35,
            "source": "JPN",
            "target": "AUS"
        },
        {
            "Number Citations": 150,
            "source": "JPN",
            "target": "NLD"
        },
        {
            "Number Citations": 8,
            "source": "JPN",
            "target": "CHN"
        },
        {
            "Number Citations": 4,
            "source": "JPN",
            "target": "BRA"
        },
        {
            "Number Citations": 8,
            "source": "JPN",
            "target": "NOR"
        },
        {
            "Number Citations": 8,
            "source": "JPN",
            "target": "HKG"
        },
        {
            "Number Citations": 24,
            "source": "JPN",
            "target": "DNK"
        },
        {
            "Number Citations": 1,
            "source": "JPN",
            "target": "COL"
        },
        {
            "Number Citations": 4,
            "source": "JPN",
            "target": "NZL"
        },
        {
            "Number Citations": 11,
            "source": "JPN",
            "target": "IND"
        },
        {
            "Number Citations": 1,
            "source": "JPN",
            "target": "CHL"
        },
        {
            "Number Citations": 3,
            "source": "JPN",
            "target": "ZAF"
        },
        {
            "Number Citations": 1,
            "source": "JPN",
            "target": "PHL"
        },
        {
            "Number Citations": 1,
            "source": "JPN",
            "target": "LUX"
        },
        {
            "Number Citations": 7,
            "source": "JPN",
            "target": "IRL"
        },
        {
            "Number Citations": 4,
            "source": "JPN",
            "target": "MYS"
        },
        {
            "Number Citations": 1,
            "source": "JPN",
            "target": "HUN"
        },
        {
            "Number Citations": 1,
            "source": "JPN",
            "target": "CZE"
        },
        {
            "Number Citations": 2,
            "source": "JPN",
            "target": "THA"
        },
        {
            "Number Citations": 2,
            "source": "JPN",
            "target": "CSK"
        },
        {
            "Number Citations": 1,
            "source": "JPN",
            "target": "ISL"
        },
        {
            "Number Citations": 1,
            "source": "JPN",
            "target": "EGY"
        },
        {
            "Number Citations": 1,
            "source": "JPN",
            "target": "TUR"
        },
        {
            "Number Citations": 1,
            "source": "JPN",
            "target": "USSR"
        },
        {
            "Number Citations": 67581,
            "source": "USA",
            "target": "USA"
        },
        {
            "Number Citations": 1918,
            "source": "USA",
            "target": "DEU"
        },
        {
            "Number Citations": 8153,
            "source": "USA",
            "target": "JPN"
        },
        {
            "Number Citations": 335,
            "source": "USA",
            "target": "ITA"
        },
        {
            "Number Citations": 21,
            "source": "USA",
            "target": "MEX"
        },
        {
            "Number Citations": 299,
            "source": "USA",
            "target": "CHE"
        },
        {
            "Number Citations": 1484,
            "source": "USA",
            "target": "TWN"
        },
        {
            "Number Citations": 421,
            "source": "USA",
            "target": "SWE"
        },
        {
            "Number Citations": 1015,
            "source": "USA",
            "target": "FRA"
        },
        {
            "Number Citations": 48,
            "source": "USA",
            "target": "RUS"
        },
        {
            "Number Citations": 438,
            "source": "USA",
            "target": "ISR"
        },
        {
            "Number Citations": 1152,
            "source": "USA",
            "target": "GBR"
        },
        {
            "Number Citations": 91,
            "source": "USA",
            "target": "AUT"
        },
        {
            "Number Citations": 1406,
            "source": "USA",
            "target": "KOR"
        },
        {
            "Number Citations": 217,
            "source": "USA",
            "target": "FIN"
        },
        {
            "Number Citations": 1375,
            "source": "USA",
            "target": "CAN"
        },
        {
            "Number Citations": 170,
            "source": "USA",
            "target": "BEL"
        },
        {
            "Number Citations": 67,
            "source": "USA",
            "target": "ESP"
        },
        {
            "Number Citations": 2,
            "source": "USA",
            "target": "POL"
        },
        {
            "Number Citations": 67,
            "source": "USA",
            "target": "SGP"
        },
        {
            "Number Citations": 213,
            "source": "USA",
            "target": "AUS"
        },
        {
            "Number Citations": 375,
            "source": "USA",
            "target": "NLD"
        },
        {
            "Number Citations": 31,
            "source": "USA",
            "target": "CHN"
        },
        {
            "Number Citations": 18,
            "source": "USA",
            "target": "BRA"
        },
        {
            "Number Citations": 39,
            "source": "USA",
            "target": "NOR"
        },
        {
            "Number Citations": 70,
            "source": "USA",
            "target": "HKG"
        },
        {
            "Number Citations": 102,
            "source": "USA",
            "target": "DNK"
        },
        {
            "Number Citations": 6,
            "source": "USA",
            "target": "COL"
        },
        {
            "Number Citations": 30,
            "source": "USA",
            "target": "NZL"
        },
        {
            "Number Citations": 32,
            "source": "USA",
            "target": "IND"
        },
        {
            "Number Citations": 1,
            "source": "USA",
            "target": "CHL"
        },
        {
            "Number Citations": 17,
            "source": "USA",
            "target": "ARG"
        },
        {
            "Number Citations": 22,
            "source": "USA",
            "target": "ZAF"
        },
        {
            "Number Citations": 3,
            "source": "USA",
            "target": "PHL"
        },
        {
            "Number Citations": 12,
            "source": "USA",
            "target": "GRC"
        },
        {
            "Number Citations": 1,
            "source": "USA",
            "target": "IDN"
        },
        {
            "Number Citations": 1,
            "source": "USA",
            "target": "JOR"
        },
        {
            "Number Citations": 1,
            "source": "USA",
            "target": "LUX"
        },
        {
            "Number Citations": 45,
            "source": "USA",
            "target": "IRL"
        },
        {
            "Number Citations": 11,
            "source": "USA",
            "target": "VEN"
        },
        {
            "Number Citations": 3,
            "source": "USA",
            "target": "SAU"
        },
        {
            "Number Citations": 4,
            "source": "USA",
            "target": "SVN"
        },
        {
            "Number Citations": 14,
            "source": "USA",
            "target": "MYS"
        },
        {
            "Number Citations": 3,
            "source": "USA",
            "target": "LIE"
        },
        {
            "Number Citations": 7,
            "source": "USA",
            "target": "HUN"
        },
        {
            "Number Citations": 6,
            "source": "USA",
            "target": "CZE"
        },
        {
            "Number Citations": 6,
            "source": "USA",
            "target": "BHS"
        },
        {
            "Number Citations": 1,
            "source": "USA",
            "target": "PER"
        },
        {
            "Number Citations": 3,
            "source": "USA",
            "target": "THA"
        },
        {
            "Number Citations": 2,
            "source": "USA",
            "target": "UKR"
        },
        {
            "Number Citations": 3,
            "source": "USA",
            "target": "CSK"
        },
        {
            "Number Citations": 10,
            "source": "USA",
            "target": "ISL"
        },
        {
            "Number Citations": 2,
            "source": "USA",
            "target": "PRT"
        },
        {
            "Number Citations": 1,
            "source": "USA",
            "target": "ROU"
        },
        {
            "Number Citations": 3,
            "source": "USA",
            "target": "JAM"
        },
        {
            "Number Citations": 1,
            "source": "USA",
            "target": "MHL"
        },
        {
            "Number Citations": 2,
            "source": "USA",
            "target": "ARE"
        },
        {
            "Number Citations": 2,
            "source": "USA",
            "target": "MCO"
        },
        {
            "Number Citations": 1,
            "source": "USA",
            "target": "BGR"
        },
        {
            "Number Citations": 3,
            "source": "USA",
            "target": "HRV"
        },
        {
            "Number Citations": 7,
            "source": "USA",
            "target": "CRI"
        },
        {
            "Number Citations": 1,
            "source": "USA",
            "target": "BRB"
        },
        {
            "Number Citations": 1,
            "source": "USA",
            "target": "SUR"
        },
        {
            "Number Citations": 1,
            "source": "USA",
            "target": "GTM"
        },
        {
            "Number Citations": 1,
            "source": "USA",
            "target": "TTO"
        },
        {
            "Number Citations": 2,
            "source": "USA",
            "target": "SYR"
        },
        {
            "Number Citations": 1,
            "source": "USA",
            "target": "USSR"
        },
        {
            "Number Citations": 4,
            "source": "USA",
            "target": "VNM"
        },
        {
            "Number Citations": 33,
            "source": "ZAF",
            "target": "USA"
        },
        {
            "Number Citations": 1,
            "source": "ZAF",
            "target": "DEU"
        },
        {
            "Number Citations": 4,
            "source": "ZAF",
            "target": "JPN"
        },
        {
            "Number Citations": 1,
            "source": "ZAF",
            "target": "CHE"
        },
        {
            "Number Citations": 3,
            "source": "ZAF",
            "target": "FRA"
        },
        {
            "Number Citations": 1,
            "source": "ZAF",
            "target": "GBR"
        },
        {
            "Number Citations": 7,
            "source": "ZAF",
            "target": "ZAF"
        },
        {
            "Number Citations": 1101,
            "source": "FRA",
            "target": "USA"
        },
        {
            "Number Citations": 129,
            "source": "FRA",
            "target": "DEU"
        },
        {
            "Number Citations": 315,
            "source": "FRA",
            "target": "JPN"
        },
        {
            "Number Citations": 35,
            "source": "FRA",
            "target": "ITA"
        },
        {
            "Number Citations": 24,
            "source": "FRA",
            "target": "CHE"
        },
        {
            "Number Citations": 26,
            "source": "FRA",
            "target": "TWN"
        },
        {
            "Number Citations": 22,
            "source": "FRA",
            "target": "SWE"
        },
        {
            "Number Citations": 554,
            "source": "FRA",
            "target": "FRA"
        },
        {
            "Number Citations": 3,
            "source": "FRA",
            "target": "RUS"
        },
        {
            "Number Citations": 8,
            "source": "FRA",
            "target": "ISR"
        },
        {
            "Number Citations": 39,
            "source": "FRA",
            "target": "GBR"
        },
        {
            "Number Citations": 10,
            "source": "FRA",
            "target": "AUT"
        },
        {
            "Number Citations": 35,
            "source": "FRA",
            "target": "KOR"
        },
        {
            "Number Citations": 12,
            "source": "FRA",
            "target": "FIN"
        },
        {
            "Number Citations": 49,
            "source": "FRA",
            "target": "CAN"
        },
        {
            "Number Citations": 9,
            "source": "FRA",
            "target": "BEL"
        },
        {
            "Number Citations": 1,
            "source": "FRA",
            "target": "ESP"
        },
        {
            "Number Citations": 2,
            "source": "FRA",
            "target": "SGP"
        },
        {
            "Number Citations": 5,
            "source": "FRA",
            "target": "AUS"
        },
        {
            "Number Citations": 19,
            "source": "FRA",
            "target": "NLD"
        },
        {
            "Number Citations": 2,
            "source": "FRA",
            "target": "CHN"
        },
        {
            "Number Citations": 1,
            "source": "FRA",
            "target": "BRA"
        },
        {
            "Number Citations": 5,
            "source": "FRA",
            "target": "NOR"
        },
        {
            "Number Citations": 1,
            "source": "FRA",
            "target": "HKG"
        },
        {
            "Number Citations": 4,
            "source": "FRA",
            "target": "DNK"
        },
        {
            "Number Citations": 1,
            "source": "FRA",
            "target": "NZL"
        },
        {
            "Number Citations": 1,
            "source": "FRA",
            "target": "VEN"
        },
        {
            "Number Citations": 1,
            "source": "FRA",
            "target": "PAK"
        },
        {
            "Number Citations": 1,
            "source": "FRA",
            "target": "THA"
        },
        {
            "Number Citations": 1,
            "source": "FRA",
            "target": "PRT"
        },
        {
            "Number Citations": 1,
            "source": "FRA",
            "target": "TTO"
        },
        {
            "Number Citations": 1,
            "source": "FRA",
            "target": "SVK"
        },
        {
            "Number Citations": 50,
            "source": "ESP",
            "target": "USA"
        },
        {
            "Number Citations": 6,
            "source": "ESP",
            "target": "DEU"
        },
        {
            "Number Citations": 17,
            "source": "ESP",
            "target": "JPN"
        },
        {
            "Number Citations": 1,
            "source": "ESP",
            "target": "ITA"
        },
        {
            "Number Citations": 2,
            "source": "ESP",
            "target": "CHE"
        },
        {
            "Number Citations": 3,
            "source": "ESP",
            "target": "TWN"
        },
        {
            "Number Citations": 1,
            "source": "ESP",
            "target": "SWE"
        },
        {
            "Number Citations": 4,
            "source": "ESP",
            "target": "FRA"
        },
        {
            "Number Citations": 2,
            "source": "ESP",
            "target": "GBR"
        },
        {
            "Number Citations": 4,
            "source": "ESP",
            "target": "CAN"
        },
        {
            "Number Citations": 7,
            "source": "ESP",
            "target": "ESP"
        },
        {
            "Number Citations": 1,
            "source": "ESP",
            "target": "LUX"
        },
        {
            "Number Citations": 1535,
            "source": "CAN",
            "target": "USA"
        },
        {
            "Number Citations": 77,
            "source": "CAN",
            "target": "DEU"
        },
        {
            "Number Citations": 169,
            "source": "CAN",
            "target": "JPN"
        },
        {
            "Number Citations": 18,
            "source": "CAN",
            "target": "ITA"
        },
        {
            "Number Citations": 1,
            "source": "CAN",
            "target": "MEX"
        },
        {
            "Number Citations": 8,
            "source": "CAN",
            "target": "CHE"
        },
        {
            "Number Citations": 48,
            "source": "CAN",
            "target": "TWN"
        },
        {
            "Number Citations": 30,
            "source": "CAN",
            "target": "SWE"
        },
        {
            "Number Citations": 34,
            "source": "CAN",
            "target": "FRA"
        },
        {
            "Number Citations": 1,
            "source": "CAN",
            "target": "RUS"
        },
        {
            "Number Citations": 11,
            "source": "CAN",
            "target": "ISR"
        },
        {
            "Number Citations": 32,
            "source": "CAN",
            "target": "GBR"
        },
        {
            "Number Citations": 1,
            "source": "CAN",
            "target": "AUT"
        },
        {
            "Number Citations": 24,
            "source": "CAN",
            "target": "KOR"
        },
        {
            "Number Citations": 23,
            "source": "CAN",
            "target": "FIN"
        },
        {
            "Number Citations": 517,
            "source": "CAN",
            "target": "CAN"
        },
        {
            "Number Citations": 3,
            "source": "CAN",
            "target": "BEL"
        },
        {
            "Number Citations": 4,
            "source": "CAN",
            "target": "ESP"
        },
        {
            "Number Citations": 3,
            "source": "CAN",
            "target": "SGP"
        },
        {
            "Number Citations": 9,
            "source": "CAN",
            "target": "AUS"
        },
        {
            "Number Citations": 13,
            "source": "CAN",
            "target": "NLD"
        },
        {
            "Number Citations": 1,
            "source": "CAN",
            "target": "CHN"
        },
        {
            "Number Citations": 1,
            "source": "CAN",
            "target": "BRA"
        },
        {
            "Number Citations": 5,
            "source": "CAN",
            "target": "NOR"
        },
        {
            "Number Citations": 3,
            "source": "CAN",
            "target": "HKG"
        },
        {
            "Number Citations": 4,
            "source": "CAN",
            "target": "DNK"
        },
        {
            "Number Citations": 1,
            "source": "CAN",
            "target": "NZL"
        },
        {
            "Number Citations": 3,
            "source": "CAN",
            "target": "ZAF"
        },
        {
            "Number Citations": 2,
            "source": "CAN",
            "target": "ECU"
        },
        {
            "Number Citations": 1,
            "source": "CAN",
            "target": "VEN"
        },
        {
            "Number Citations": 1,
            "source": "CAN",
            "target": "SVN"
        },
        {
            "Number Citations": 1,
            "source": "CAN",
            "target": "HUN"
        },
        {
            "Number Citations": 1,
            "source": "CAN",
            "target": "PER"
        },
        {
            "Number Citations": 2,
            "source": "CAN",
            "target": "ISL"
        },
        {
            "Number Citations": 1,
            "source": "CAN",
            "target": "ANT"
        },
        {
            "Number Citations": 1,
            "source": "CAN",
            "target": "TUR"
        },
        {
            "Number Citations": 1988,
            "source": "DEU",
            "target": "USA"
        },
        {
            "Number Citations": 1611,
            "source": "DEU",
            "target": "DEU"
        },
        {
            "Number Citations": 715,
            "source": "DEU",
            "target": "JPN"
        },
        {
            "Number Citations": 58,
            "source": "DEU",
            "target": "ITA"
        },
        {
            "Number Citations": 2,
            "source": "DEU",
            "target": "MEX"
        },
        {
            "Number Citations": 60,
            "source": "DEU",
            "target": "CHE"
        },
        {
            "Number Citations": 64,
            "source": "DEU",
            "target": "TWN"
        },
        {
            "Number Citations": 37,
            "source": "DEU",
            "target": "SWE"
        },
        {
            "Number Citations": 147,
            "source": "DEU",
            "target": "FRA"
        },
        {
            "Number Citations": 2,
            "source": "DEU",
            "target": "RUS"
        },
        {
            "Number Citations": 19,
            "source": "DEU",
            "target": "ISR"
        },
        {
            "Number Citations": 92,
            "source": "DEU",
            "target": "GBR"
        },
        {
            "Number Citations": 21,
            "source": "DEU",
            "target": "AUT"
        },
        {
            "Number Citations": 54,
            "source": "DEU",
            "target": "KOR"
        },
        {
            "Number Citations": 18,
            "source": "DEU",
            "target": "FIN"
        },
        {
            "Number Citations": 84,
            "source": "DEU",
            "target": "CAN"
        },
        {
            "Number Citations": 24,
            "source": "DEU",
            "target": "BEL"
        },
        {
            "Number Citations": 8,
            "source": "DEU",
            "target": "ESP"
        },
        {
            "Number Citations": 1,
            "source": "DEU",
            "target": "SGP"
        },
        {
            "Number Citations": 17,
            "source": "DEU",
            "target": "AUS"
        },
        {
            "Number Citations": 33,
            "source": "DEU",
            "target": "NLD"
        },
        {
            "Number Citations": 2,
            "source": "DEU",
            "target": "CHN"
        },
        {
            "Number Citations": 3,
            "source": "DEU",
            "target": "BRA"
        },
        {
            "Number Citations": 3,
            "source": "DEU",
            "target": "HKG"
        },
        {
            "Number Citations": 13,
            "source": "DEU",
            "target": "DNK"
        },
        {
            "Number Citations": 1,
            "source": "DEU",
            "target": "NZL"
        },
        {
            "Number Citations": 2,
            "source": "DEU",
            "target": "IND"
        },
        {
            "Number Citations": 2,
            "source": "DEU",
            "target": "CHL"
        },
        {
            "Number Citations": 1,
            "source": "DEU",
            "target": "ARG"
        },
        {
            "Number Citations": 2,
            "source": "DEU",
            "target": "ZAF"
        },
        {
            "Number Citations": 1,
            "source": "DEU",
            "target": "ECU"
        },
        {
            "Number Citations": 1,
            "source": "DEU",
            "target": "IDN"
        },
        {
            "Number Citations": 2,
            "source": "DEU",
            "target": "IRL"
        },
        {
            "Number Citations": 2,
            "source": "DEU",
            "target": "SAU"
        },
        {
            "Number Citations": 3,
            "source": "DEU",
            "target": "HUN"
        },
        {
            "Number Citations": 2,
            "source": "DEU",
            "target": "CZE"
        },
        {
            "Number Citations": 3,
            "source": "DEU",
            "target": "THA"
        },
        {
            "Number Citations": 1,
            "source": "DEU",
            "target": "CSK"
        },
        {
            "Number Citations": 1,
            "source": "DEU",
            "target": "GTM"
        },
        {
            "Number Citations": 1,
            "source": "DEU",
            "target": "LBN"
        },
        {
            "Number Citations": 419,
            "source": "ITA",
            "target": "USA"
        },
        {
            "Number Citations": 56,
            "source": "ITA",
            "target": "DEU"
        },
        {
            "Number Citations": 107,
            "source": "ITA",
            "target": "JPN"
        },
        {
            "Number Citations": 187,
            "source": "ITA",
            "target": "ITA"
        },
        {
            "Number Citations": 9,
            "source": "ITA",
            "target": "CHE"
        },
        {
            "Number Citations": 24,
            "source": "ITA",
            "target": "TWN"
        },
        {
            "Number Citations": 6,
            "source": "ITA",
            "target": "SWE"
        },
        {
            "Number Citations": 21,
            "source": "ITA",
            "target": "FRA"
        },
        {
            "Number Citations": 6,
            "source": "ITA",
            "target": "ISR"
        },
        {
            "Number Citations": 27,
            "source": "ITA",
            "target": "GBR"
        },
        {
            "Number Citations": 3,
            "source": "ITA",
            "target": "AUT"
        },
        {
            "Number Citations": 22,
            "source": "ITA",
            "target": "KOR"
        },
        {
            "Number Citations": 9,
            "source": "ITA",
            "target": "FIN"
        },
        {
            "Number Citations": 15,
            "source": "ITA",
            "target": "CAN"
        },
        {
            "Number Citations": 5,
            "source": "ITA",
            "target": "BEL"
        },
        {
            "Number Citations": 2,
            "source": "ITA",
            "target": "ESP"
        },
        {
            "Number Citations": 4,
            "source": "ITA",
            "target": "AUS"
        },
        {
            "Number Citations": 12,
            "source": "ITA",
            "target": "NLD"
        },
        {
            "Number Citations": 2,
            "source": "ITA",
            "target": "CHN"
        },
        {
            "Number Citations": 3,
            "source": "ITA",
            "target": "HKG"
        },
        {
            "Number Citations": 2,
            "source": "ITA",
            "target": "DNK"
        },
        {
            "Number Citations": 1,
            "source": "ITA",
            "target": "ZAF"
        },
        {
            "Number Citations": 1,
            "source": "ITA",
            "target": "IRL"
        },
        {
            "Number Citations": 1,
            "source": "ITA",
            "target": "PER"
        },
        {
            "Number Citations": 435,
            "source": "SWE",
            "target": "USA"
        },
        {
            "Number Citations": 37,
            "source": "SWE",
            "target": "DEU"
        },
        {
            "Number Citations": 77,
            "source": "SWE",
            "target": "JPN"
        },
        {
            "Number Citations": 7,
            "source": "SWE",
            "target": "ITA"
        },
        {
            "Number Citations": 4,
            "source": "SWE",
            "target": "CHE"
        },
        {
            "Number Citations": 6,
            "source": "SWE",
            "target": "TWN"
        },
        {
            "Number Citations": 164,
            "source": "SWE",
            "target": "SWE"
        },
        {
            "Number Citations": 21,
            "source": "SWE",
            "target": "FRA"
        },
        {
            "Number Citations": 8,
            "source": "SWE",
            "target": "ISR"
        },
        {
            "Number Citations": 12,
            "source": "SWE",
            "target": "GBR"
        },
        {
            "Number Citations": 1,
            "source": "SWE",
            "target": "AUT"
        },
        {
            "Number Citations": 17,
            "source": "SWE",
            "target": "KOR"
        },
        {
            "Number Citations": 10,
            "source": "SWE",
            "target": "FIN"
        },
        {
            "Number Citations": 25,
            "source": "SWE",
            "target": "CAN"
        },
        {
            "Number Citations": 1,
            "source": "SWE",
            "target": "BEL"
        },
        {
            "Number Citations": 3,
            "source": "SWE",
            "target": "AUS"
        },
        {
            "Number Citations": 5,
            "source": "SWE",
            "target": "NLD"
        },
        {
            "Number Citations": 1,
            "source": "SWE",
            "target": "NOR"
        },
        {
            "Number Citations": 3,
            "source": "SWE",
            "target": "DNK"
        },
        {
            "Number Citations": 1,
            "source": "SWE",
            "target": "NZL"
        },
        {
            "Number Citations": 1,
            "source": "SWE",
            "target": "SVN"
        },
        {
            "Number Citations": 1,
            "source": "SWE",
            "target": "UKR"
        },
        {
            "Number Citations": 483,
            "source": "ISR",
            "target": "USA"
        },
        {
            "Number Citations": 29,
            "source": "ISR",
            "target": "DEU"
        },
        {
            "Number Citations": 87,
            "source": "ISR",
            "target": "JPN"
        },
        {
            "Number Citations": 4,
            "source": "ISR",
            "target": "ITA"
        },
        {
            "Number Citations": 4,
            "source": "ISR",
            "target": "CHE"
        },
        {
            "Number Citations": 14,
            "source": "ISR",
            "target": "TWN"
        },
        {
            "Number Citations": 23,
            "source": "ISR",
            "target": "SWE"
        },
        {
            "Number Citations": 16,
            "source": "ISR",
            "target": "FRA"
        },
        {
            "Number Citations": 1,
            "source": "ISR",
            "target": "RUS"
        },
        {
            "Number Citations": 62,
            "source": "ISR",
            "target": "ISR"
        },
        {
            "Number Citations": 14,
            "source": "ISR",
            "target": "GBR"
        },
        {
            "Number Citations": 3,
            "source": "ISR",
            "target": "AUT"
        },
        {
            "Number Citations": 9,
            "source": "ISR",
            "target": "KOR"
        },
        {
            "Number Citations": 2,
            "source": "ISR",
            "target": "FIN"
        },
        {
            "Number Citations": 15,
            "source": "ISR",
            "target": "CAN"
        },
        {
            "Number Citations": 1,
            "source": "ISR",
            "target": "ESP"
        },
        {
            "Number Citations": 4,
            "source": "ISR",
            "target": "AUS"
        },
        {
            "Number Citations": 6,
            "source": "ISR",
            "target": "NLD"
        },
        {
            "Number Citations": 1,
            "source": "ISR",
            "target": "NOR"
        },
        {
            "Number Citations": 3,
            "source": "ISR",
            "target": "HKG"
        },
        {
            "Number Citations": 1,
            "source": "ISR",
            "target": "DNK"
        },
        {
            "Number Citations": 2,
            "source": "ISR",
            "target": "ZAF"
        },
        {
            "Number Citations": 17,
            "source": "LUX",
            "target": "USA"
        },
        {
            "Number Citations": 5,
            "source": "LUX",
            "target": "JPN"
        },
        {
            "Number Citations": 6,
            "source": "LUX",
            "target": "CAN"
        },
        {
            "Number Citations": 1,
            "source": "LUX",
            "target": "BEL"
        },
        {
            "Number Citations": 2,
            "source": "LUX",
            "target": "LUX"
        },
        {
            "Number Citations": 1098,
            "source": "TWN",
            "target": "USA"
        },
        {
            "Number Citations": 58,
            "source": "TWN",
            "target": "DEU"
        },
        {
            "Number Citations": 268,
            "source": "TWN",
            "target": "JPN"
        },
        {
            "Number Citations": 20,
            "source": "TWN",
            "target": "ITA"
        },
        {
            "Number Citations": 5,
            "source": "TWN",
            "target": "CHE"
        },
        {
            "Number Citations": 1145,
            "source": "TWN",
            "target": "TWN"
        },
        {
            "Number Citations": 2,
            "source": "TWN",
            "target": "SWE"
        },
        {
            "Number Citations": 22,
            "source": "TWN",
            "target": "FRA"
        },
        {
            "Number Citations": 1,
            "source": "TWN",
            "target": "RUS"
        },
        {
            "Number Citations": 5,
            "source": "TWN",
            "target": "ISR"
        },
        {
            "Number Citations": 7,
            "source": "TWN",
            "target": "GBR"
        },
        {
            "Number Citations": 133,
            "source": "TWN",
            "target": "KOR"
        },
        {
            "Number Citations": 5,
            "source": "TWN",
            "target": "FIN"
        },
        {
            "Number Citations": 29,
            "source": "TWN",
            "target": "CAN"
        },
        {
            "Number Citations": 3,
            "source": "TWN",
            "target": "BEL"
        },
        {
            "Number Citations": 2,
            "source": "TWN",
            "target": "ESP"
        },
        {
            "Number Citations": 22,
            "source": "TWN",
            "target": "SGP"
        },
        {
            "Number Citations": 5,
            "source": "TWN",
            "target": "AUS"
        },
        {
            "Number Citations": 12,
            "source": "TWN",
            "target": "NLD"
        },
        {
            "Number Citations": 6,
            "source": "TWN",
            "target": "CHN"
        },
        {
            "Number Citations": 1,
            "source": "TWN",
            "target": "BRA"
        },
        {
            "Number Citations": 1,
            "source": "TWN",
            "target": "NOR"
        },
        {
            "Number Citations": 12,
            "source": "TWN",
            "target": "HKG"
        },
        {
            "Number Citations": 1,
            "source": "TWN",
            "target": "DNK"
        },
        {
            "Number Citations": 1,
            "source": "TWN",
            "target": "ARG"
        },
        {
            "Number Citations": 3,
            "source": "TWN",
            "target": "ZAF"
        },
        {
            "Number Citations": 1,
            "source": "TWN",
            "target": "SVN"
        },
        {
            "Number Citations": 1,
            "source": "TWN",
            "target": "MYS"
        },
        {
            "Number Citations": 1,
            "source": "TWN",
            "target": "LIE"
        },
        {
            "Number Citations": 1,
            "source": "TWN",
            "target": "HUN"
        },
        {
            "Number Citations": 1,
            "source": "TWN",
            "target": "THA"
        },
        {
            "Number Citations": 1,
            "source": "TWN",
            "target": "TUR"
        },
        {
            "Number Citations": 2,
            "source": "TWN",
            "target": "CRI"
        },
        {
            "Number Citations": 109,
            "source": "SGP",
            "target": "USA"
        },
        {
            "Number Citations": 2,
            "source": "SGP",
            "target": "DEU"
        },
        {
            "Number Citations": 28,
            "source": "SGP",
            "target": "JPN"
        },
        {
            "Number Citations": 1,
            "source": "SGP",
            "target": "ITA"
        },
        {
            "Number Citations": 27,
            "source": "SGP",
            "target": "TWN"
        },
        {
            "Number Citations": 2,
            "source": "SGP",
            "target": "FRA"
        },
        {
            "Number Citations": 2,
            "source": "SGP",
            "target": "GBR"
        },
        {
            "Number Citations": 13,
            "source": "SGP",
            "target": "KOR"
        },
        {
            "Number Citations": 1,
            "source": "SGP",
            "target": "FIN"
        },
        {
            "Number Citations": 4,
            "source": "SGP",
            "target": "CAN"
        },
        {
            "Number Citations": 9,
            "source": "SGP",
            "target": "SGP"
        },
        {
            "Number Citations": 180,
            "source": "BEL",
            "target": "USA"
        },
        {
            "Number Citations": 23,
            "source": "BEL",
            "target": "DEU"
        },
        {
            "Number Citations": 67,
            "source": "BEL",
            "target": "JPN"
        },
        {
            "Number Citations": 3,
            "source": "BEL",
            "target": "ITA"
        },
        {
            "Number Citations": 1,
            "source": "BEL",
            "target": "MEX"
        },
        {
            "Number Citations": 2,
            "source": "BEL",
            "target": "CHE"
        },
        {
            "Number Citations": 4,
            "source": "BEL",
            "target": "TWN"
        },
        {
            "Number Citations": 2,
            "source": "BEL",
            "target": "SWE"
        },
        {
            "Number Citations": 17,
            "source": "BEL",
            "target": "FRA"
        },
        {
            "Number Citations": 4,
            "source": "BEL",
            "target": "ISR"
        },
        {
            "Number Citations": 11,
            "source": "BEL",
            "target": "GBR"
        },
        {
            "Number Citations": 1,
            "source": "BEL",
            "target": "KOR"
        },
        {
            "Number Citations": 1,
            "source": "BEL",
            "target": "FIN"
        },
        {
            "Number Citations": 6,
            "source": "BEL",
            "target": "CAN"
        },
        {
            "Number Citations": 125,
            "source": "BEL",
            "target": "BEL"
        },
        {
            "Number Citations": 5,
            "source": "BEL",
            "target": "NLD"
        },
        {
            "Number Citations": 1,
            "source": "BEL",
            "target": "NOR"
        },
        {
            "Number Citations": 3,
            "source": "BEL",
            "target": "DNK"
        },
        {
            "Number Citations": 1,
            "source": "BEL",
            "target": "IND"
        },
        {
            "Number Citations": 97,
            "source": "DNK",
            "target": "USA"
        },
        {
            "Number Citations": 17,
            "source": "DNK",
            "target": "DEU"
        },
        {
            "Number Citations": 23,
            "source": "DNK",
            "target": "JPN"
        },
        {
            "Number Citations": 2,
            "source": "DNK",
            "target": "ITA"
        },
        {
            "Number Citations": 3,
            "source": "DNK",
            "target": "CHE"
        },
        {
            "Number Citations": 1,
            "source": "DNK",
            "target": "TWN"
        },
        {
            "Number Citations": 1,
            "source": "DNK",
            "target": "FRA"
        },
        {
            "Number Citations": 1,
            "source": "DNK",
            "target": "ISR"
        },
        {
            "Number Citations": 8,
            "source": "DNK",
            "target": "GBR"
        },
        {
            "Number Citations": 1,
            "source": "DNK",
            "target": "AUT"
        },
        {
            "Number Citations": 2,
            "source": "DNK",
            "target": "KOR"
        },
        {
            "Number Citations": 1,
            "source": "DNK",
            "target": "FIN"
        },
        {
            "Number Citations": 5,
            "source": "DNK",
            "target": "CAN"
        },
        {
            "Number Citations": 3,
            "source": "DNK",
            "target": "BEL"
        },
        {
            "Number Citations": 2,
            "source": "DNK",
            "target": "SGP"
        },
        {
            "Number Citations": 1,
            "source": "DNK",
            "target": "AUS"
        },
        {
            "Number Citations": 2,
            "source": "DNK",
            "target": "NLD"
        },
        {
            "Number Citations": 53,
            "source": "DNK",
            "target": "DNK"
        },
        {
            "Number Citations": 1352,
            "source": "GBR",
            "target": "USA"
        },
        {
            "Number Citations": 108,
            "source": "GBR",
            "target": "DEU"
        },
        {
            "Number Citations": 313,
            "source": "GBR",
            "target": "JPN"
        },
        {
            "Number Citations": 28,
            "source": "GBR",
            "target": "ITA"
        },
        {
            "Number Citations": 1,
            "source": "GBR",
            "target": "MEX"
        },
        {
            "Number Citations": 7,
            "source": "GBR",
            "target": "CHE"
        },
        {
            "Number Citations": 27,
            "source": "GBR",
            "target": "TWN"
        },
        {
            "Number Citations": 37,
            "source": "GBR",
            "target": "SWE"
        },
        {
            "Number Citations": 64,
            "source": "GBR",
            "target": "FRA"
        },
        {
            "Number Citations": 11,
            "source": "GBR",
            "target": "RUS"
        },
        {
            "Number Citations": 14,
            "source": "GBR",
            "target": "ISR"
        },
        {
            "Number Citations": 469,
            "source": "GBR",
            "target": "GBR"
        },
        {
            "Number Citations": 4,
            "source": "GBR",
            "target": "AUT"
        },
        {
            "Number Citations": 36,
            "source": "GBR",
            "target": "KOR"
        },
        {
            "Number Citations": 10,
            "source": "GBR",
            "target": "FIN"
        },
        {
            "Number Citations": 42,
            "source": "GBR",
            "target": "CAN"
        },
        {
            "Number Citations": 15,
            "source": "GBR",
            "target": "BEL"
        },
        {
            "Number Citations": 2,
            "source": "GBR",
            "target": "POL"
        },
        {
            "Number Citations": 1,
            "source": "GBR",
            "target": "SGP"
        },
        {
            "Number Citations": 17,
            "source": "GBR",
            "target": "AUS"
        },
        {
            "Number Citations": 17,
            "source": "GBR",
            "target": "NLD"
        },
        {
            "Number Citations": 2,
            "source": "GBR",
            "target": "CHN"
        },
        {
            "Number Citations": 3,
            "source": "GBR",
            "target": "NOR"
        },
        {
            "Number Citations": 7,
            "source": "GBR",
            "target": "DNK"
        },
        {
            "Number Citations": 3,
            "source": "GBR",
            "target": "NZL"
        },
        {
            "Number Citations": 2,
            "source": "GBR",
            "target": "IND"
        },
        {
            "Number Citations": 1,
            "source": "GBR",
            "target": "ARG"
        },
        {
            "Number Citations": 4,
            "source": "GBR",
            "target": "ZAF"
        },
        {
            "Number Citations": 1,
            "source": "GBR",
            "target": "JOR"
        },
        {
            "Number Citations": 1,
            "source": "GBR",
            "target": "LUX"
        },
        {
            "Number Citations": 2,
            "source": "GBR",
            "target": "IRL"
        },
        {
            "Number Citations": 1,
            "source": "GBR",
            "target": "VEN"
        },
        {
            "Number Citations": 1,
            "source": "GBR",
            "target": "THA"
        },
        {
            "Number Citations": 2,
            "source": "GBR",
            "target": "ARE"
        },
        {
            "Number Citations": 1,
            "source": "GBR",
            "target": "CRI"
        },
        {
            "Number Citations": 1,
            "source": "GBR",
            "target": "VNM"
        },
        {
            "Number Citations": 771,
            "source": "KOR",
            "target": "USA"
        },
        {
            "Number Citations": 48,
            "source": "KOR",
            "target": "DEU"
        },
        {
            "Number Citations": 566,
            "source": "KOR",
            "target": "JPN"
        },
        {
            "Number Citations": 19,
            "source": "KOR",
            "target": "ITA"
        },
        {
            "Number Citations": 1,
            "source": "KOR",
            "target": "CHE"
        },
        {
            "Number Citations": 169,
            "source": "KOR",
            "target": "TWN"
        },
        {
            "Number Citations": 9,
            "source": "KOR",
            "target": "SWE"
        },
        {
            "Number Citations": 13,
            "source": "KOR",
            "target": "FRA"
        },
        {
            "Number Citations": 2,
            "source": "KOR",
            "target": "ISR"
        },
        {
            "Number Citations": 13,
            "source": "KOR",
            "target": "GBR"
        },
        {
            "Number Citations": 676,
            "source": "KOR",
            "target": "KOR"
        },
        {
            "Number Citations": 5,
            "source": "KOR",
            "target": "FIN"
        },
        {
            "Number Citations": 21,
            "source": "KOR",
            "target": "CAN"
        },
        {
            "Number Citations": 4,
            "source": "KOR",
            "target": "BEL"
        },
        {
            "Number Citations": 2,
            "source": "KOR",
            "target": "ESP"
        },
        {
            "Number Citations": 8,
            "source": "KOR",
            "target": "SGP"
        },
        {
            "Number Citations": 2,
            "source": "KOR",
            "target": "AUS"
        },
        {
            "Number Citations": 20,
            "source": "KOR",
            "target": "NLD"
        },
        {
            "Number Citations": 1,
            "source": "KOR",
            "target": "DNK"
        },
        {
            "Number Citations": 2,
            "source": "KOR",
            "target": "IND"
        },
        {
            "Number Citations": 1,
            "source": "KOR",
            "target": "CHL"
        },
        {
            "Number Citations": 2,
            "source": "KOR",
            "target": "PHL"
        },
        {
            "Number Citations": 31,
            "source": "NZL",
            "target": "USA"
        },
        {
            "Number Citations": 1,
            "source": "NZL",
            "target": "DEU"
        },
        {
            "Number Citations": 7,
            "source": "NZL",
            "target": "JPN"
        },
        {
            "Number Citations": 1,
            "source": "NZL",
            "target": "ITA"
        },
        {
            "Number Citations": 1,
            "source": "NZL",
            "target": "CHE"
        },
        {
            "Number Citations": 1,
            "source": "NZL",
            "target": "SWE"
        },
        {
            "Number Citations": 2,
            "source": "NZL",
            "target": "GBR"
        },
        {
            "Number Citations": 1,
            "source": "NZL",
            "target": "AUT"
        },
        {
            "Number Citations": 1,
            "source": "NZL",
            "target": "KOR"
        },
        {
            "Number Citations": 1,
            "source": "NZL",
            "target": "FIN"
        },
        {
            "Number Citations": 1,
            "source": "NZL",
            "target": "CAN"
        },
        {
            "Number Citations": 1,
            "source": "NZL",
            "target": "BEL"
        },
        {
            "Number Citations": 1,
            "source": "NZL",
            "target": "NLD"
        },
        {
            "Number Citations": 9,
            "source": "NZL",
            "target": "NZL"
        },
        {
            "Number Citations": 6,
            "source": "MYS",
            "target": "USA"
        },
        {
            "Number Citations": 1,
            "source": "MYS",
            "target": "DEU"
        },
        {
            "Number Citations": 4,
            "source": "MYS",
            "target": "JPN"
        },
        {
            "Number Citations": 2,
            "source": "MYS",
            "target": "KOR"
        },
        {
            "Number Citations": 1,
            "source": "MYS",
            "target": "MYS"
        },
        {
            "Number Citations": 90,
            "source": "AUT",
            "target": "USA"
        },
        {
            "Number Citations": 17,
            "source": "AUT",
            "target": "DEU"
        },
        {
            "Number Citations": 29,
            "source": "AUT",
            "target": "JPN"
        },
        {
            "Number Citations": 2,
            "source": "AUT",
            "target": "ITA"
        },
        {
            "Number Citations": 1,
            "source": "AUT",
            "target": "CHE"
        },
        {
            "Number Citations": 4,
            "source": "AUT",
            "target": "TWN"
        },
        {
            "Number Citations": 3,
            "source": "AUT",
            "target": "SWE"
        },
        {
            "Number Citations": 7,
            "source": "AUT",
            "target": "FRA"
        },
        {
            "Number Citations": 2,
            "source": "AUT",
            "target": "GBR"
        },
        {
            "Number Citations": 53,
            "source": "AUT",
            "target": "AUT"
        },
        {
            "Number Citations": 4,
            "source": "AUT",
            "target": "KOR"
        },
        {
            "Number Citations": 2,
            "source": "AUT",
            "target": "CAN"
        },
        {
            "Number Citations": 1,
            "source": "AUT",
            "target": "BEL"
        },
        {
            "Number Citations": 1,
            "source": "AUT",
            "target": "NLD"
        },
        {
            "Number Citations": 1,
            "source": "AUT",
            "target": "MYS"
        },
        {
            "Number Citations": 400,
            "source": "CHE",
            "target": "USA"
        },
        {
            "Number Citations": 60,
            "source": "CHE",
            "target": "DEU"
        },
        {
            "Number Citations": 72,
            "source": "CHE",
            "target": "JPN"
        },
        {
            "Number Citations": 10,
            "source": "CHE",
            "target": "ITA"
        },
        {
            "Number Citations": 1,
            "source": "CHE",
            "target": "MEX"
        },
        {
            "Number Citations": 165,
            "source": "CHE",
            "target": "CHE"
        },
        {
            "Number Citations": 18,
            "source": "CHE",
            "target": "TWN"
        },
        {
            "Number Citations": 7,
            "source": "CHE",
            "target": "SWE"
        },
        {
            "Number Citations": 22,
            "source": "CHE",
            "target": "FRA"
        },
        {
            "Number Citations": 2,
            "source": "CHE",
            "target": "RUS"
        },
        {
            "Number Citations": 3,
            "source": "CHE",
            "target": "ISR"
        },
        {
            "Number Citations": 18,
            "source": "CHE",
            "target": "GBR"
        },
        {
            "Number Citations": 3,
            "source": "CHE",
            "target": "AUT"
        },
        {
            "Number Citations": 10,
            "source": "CHE",
            "target": "KOR"
        },
        {
            "Number Citations": 4,
            "source": "CHE",
            "target": "FIN"
        },
        {
            "Number Citations": 10,
            "source": "CHE",
            "target": "CAN"
        },
        {
            "Number Citations": 3,
            "source": "CHE",
            "target": "BEL"
        },
        {
            "Number Citations": 4,
            "source": "CHE",
            "target": "NLD"
        },
        {
            "Number Citations": 1,
            "source": "CHE",
            "target": "BRA"
        },
        {
            "Number Citations": 3,
            "source": "CHE",
            "target": "DNK"
        },
        {
            "Number Citations": 3,
            "source": "CHE",
            "target": "IND"
        },
        {
            "Number Citations": 1,
            "source": "CHE",
            "target": "LIE"
        },
        {
            "Number Citations": 1,
            "source": "CHE",
            "target": "TUR"
        },
        {
            "Number Citations": 167,
            "source": "FIN",
            "target": "USA"
        },
        {
            "Number Citations": 29,
            "source": "FIN",
            "target": "DEU"
        },
        {
            "Number Citations": 43,
            "source": "FIN",
            "target": "JPN"
        },
        {
            "Number Citations": 3,
            "source": "FIN",
            "target": "CHE"
        },
        {
            "Number Citations": 6,
            "source": "FIN",
            "target": "TWN"
        },
        {
            "Number Citations": 22,
            "source": "FIN",
            "target": "SWE"
        },
        {
            "Number Citations": 8,
            "source": "FIN",
            "target": "FRA"
        },
        {
            "Number Citations": 1,
            "source": "FIN",
            "target": "RUS"
        },
        {
            "Number Citations": 6,
            "source": "FIN",
            "target": "GBR"
        },
        {
            "Number Citations": 2,
            "source": "FIN",
            "target": "AUT"
        },
        {
            "Number Citations": 10,
            "source": "FIN",
            "target": "KOR"
        },
        {
            "Number Citations": 79,
            "source": "FIN",
            "target": "FIN"
        },
        {
            "Number Citations": 13,
            "source": "FIN",
            "target": "CAN"
        },
        {
            "Number Citations": 1,
            "source": "FIN",
            "target": "BEL"
        },
        {
            "Number Citations": 1,
            "source": "FIN",
            "target": "SGP"
        },
        {
            "Number Citations": 3,
            "source": "FIN",
            "target": "AUS"
        },
        {
            "Number Citations": 1,
            "source": "FIN",
            "target": "NOR"
        },
        {
            "Number Citations": 1,
            "source": "FIN",
            "target": "LUX"
        },
        {
            "Number Citations": 345,
            "source": "NLD",
            "target": "USA"
        },
        {
            "Number Citations": 36,
            "source": "NLD",
            "target": "DEU"
        },
        {
            "Number Citations": 122,
            "source": "NLD",
            "target": "JPN"
        },
        {
            "Number Citations": 4,
            "source": "NLD",
            "target": "ITA"
        },
        {
            "Number Citations": 7,
            "source": "NLD",
            "target": "CHE"
        },
        {
            "Number Citations": 10,
            "source": "NLD",
            "target": "TWN"
        },
        {
            "Number Citations": 4,
            "source": "NLD",
            "target": "SWE"
        },
        {
            "Number Citations": 20,
            "source": "NLD",
            "target": "FRA"
        },
        {
            "Number Citations": 7,
            "source": "NLD",
            "target": "ISR"
        },
        {
            "Number Citations": 22,
            "source": "NLD",
            "target": "GBR"
        },
        {
            "Number Citations": 1,
            "source": "NLD",
            "target": "AUT"
        },
        {
            "Number Citations": 15,
            "source": "NLD",
            "target": "KOR"
        },
        {
            "Number Citations": 2,
            "source": "NLD",
            "target": "FIN"
        },
        {
            "Number Citations": 8,
            "source": "NLD",
            "target": "CAN"
        },
        {
            "Number Citations": 6,
            "source": "NLD",
            "target": "BEL"
        },
        {
            "Number Citations": 1,
            "source": "NLD",
            "target": "ESP"
        },
        {
            "Number Citations": 5,
            "source": "NLD",
            "target": "AUS"
        },
        {
            "Number Citations": 132,
            "source": "NLD",
            "target": "NLD"
        },
        {
            "Number Citations": 1,
            "source": "NLD",
            "target": "NOR"
        },
        {
            "Number Citations": 1,
            "source": "NLD",
            "target": "HKG"
        },
        {
            "Number Citations": 3,
            "source": "NLD",
            "target": "DNK"
        },
        {
            "Number Citations": 1,
            "source": "NLD",
            "target": "IND"
        },
        {
            "Number Citations": 1,
            "source": "NLD",
            "target": "IDN"
        },
        {
            "Number Citations": 1,
            "source": "NLD",
            "target": "LUX"
        },
        {
            "Number Citations": 2,
            "source": "NLD",
            "target": "IRL"
        },
        {
            "Number Citations": 1,
            "source": "NLD",
            "target": "HUN"
        },
        {
            "Number Citations": 9,
            "source": "IND",
            "target": "USA"
        },
        {
            "Number Citations": 3,
            "source": "IND",
            "target": "JPN"
        },
        {
            "Number Citations": 1,
            "source": "IND",
            "target": "ITA"
        },
        {
            "Number Citations": 2,
            "source": "IND",
            "target": "TWN"
        },
        {
            "Number Citations": 2,
            "source": "IND",
            "target": "KOR"
        },
        {
            "Number Citations": 1,
            "source": "IND",
            "target": "CAN"
        },
        {
            "Number Citations": 2,
            "source": "IND",
            "target": "IND"
        },
        {
            "Number Citations": 1,
            "source": "IND",
            "target": "VEN"
        },
        {
            "Number Citations": 241,
            "source": "AUS",
            "target": "USA"
        },
        {
            "Number Citations": 15,
            "source": "AUS",
            "target": "DEU"
        },
        {
            "Number Citations": 29,
            "source": "AUS",
            "target": "JPN"
        },
        {
            "Number Citations": 2,
            "source": "AUS",
            "target": "MEX"
        },
        {
            "Number Citations": 3,
            "source": "AUS",
            "target": "CHE"
        },
        {
            "Number Citations": 6,
            "source": "AUS",
            "target": "TWN"
        },
        {
            "Number Citations": 5,
            "source": "AUS",
            "target": "SWE"
        },
        {
            "Number Citations": 11,
            "source": "AUS",
            "target": "FRA"
        },
        {
            "Number Citations": 1,
            "source": "AUS",
            "target": "RUS"
        },
        {
            "Number Citations": 4,
            "source": "AUS",
            "target": "ISR"
        },
        {
            "Number Citations": 9,
            "source": "AUS",
            "target": "GBR"
        },
        {
            "Number Citations": 2,
            "source": "AUS",
            "target": "AUT"
        },
        {
            "Number Citations": 4,
            "source": "AUS",
            "target": "KOR"
        },
        {
            "Number Citations": 16,
            "source": "AUS",
            "target": "CAN"
        },
        {
            "Number Citations": 1,
            "source": "AUS",
            "target": "BEL"
        },
        {
            "Number Citations": 1,
            "source": "AUS",
            "target": "ESP"
        },
        {
            "Number Citations": 33,
            "source": "AUS",
            "target": "AUS"
        },
        {
            "Number Citations": 3,
            "source": "AUS",
            "target": "NLD"
        },
        {
            "Number Citations": 1,
            "source": "AUS",
            "target": "DNK"
        },
        {
            "Number Citations": 1,
            "source": "AUS",
            "target": "ARG"
        },
        {
            "Number Citations": 2,
            "source": "AUS",
            "target": "ZAF"
        },
        {
            "Number Citations": 52,
            "source": "IRL",
            "target": "USA"
        },
        {
            "Number Citations": 4,
            "source": "IRL",
            "target": "DEU"
        },
        {
            "Number Citations": 10,
            "source": "IRL",
            "target": "JPN"
        },
        {
            "Number Citations": 2,
            "source": "IRL",
            "target": "TWN"
        },
        {
            "Number Citations": 2,
            "source": "IRL",
            "target": "FRA"
        },
        {
            "Number Citations": 3,
            "source": "IRL",
            "target": "GBR"
        },
        {
            "Number Citations": 1,
            "source": "IRL",
            "target": "KOR"
        },
        {
            "Number Citations": 1,
            "source": "IRL",
            "target": "CAN"
        },
        {
            "Number Citations": 4,
            "source": "IRL",
            "target": "IRL"
        },
        {
            "Number Citations": 7,
            "source": "PRT",
            "target": "USA"
        },
        {
            "Number Citations": 1,
            "source": "PRT",
            "target": "JPN"
        },
        {
            "Number Citations": 1,
            "source": "PRT",
            "target": "KOR"
        },
        {
            "Number Citations": 4,
            "source": "USSR",
            "target": "USA"
        },
        {
            "Number Citations": 1,
            "source": "USSR",
            "target": "JPN"
        },
        {
            "Number Citations": 1,
            "source": "USSR",
            "target": "ITA"
        },
        {
            "Number Citations": 11,
            "source": "BHS",
            "target": "USA"
        },
        {
            "Number Citations": 1,
            "source": "BHS",
            "target": "FRA"
        },
        {
            "Number Citations": 3,
            "source": "BHS",
            "target": "ISR"
        },
        {
            "Number Citations": 1,
            "source": "BHS",
            "target": "GBR"
        },
        {
            "Number Citations": 1,
            "source": "BHS",
            "target": "CAN"
        },
        {
            "Number Citations": 19,
            "source": "BRA",
            "target": "USA"
        },
        {
            "Number Citations": 1,
            "source": "BRA",
            "target": "DEU"
        },
        {
            "Number Citations": 2,
            "source": "BRA",
            "target": "JPN"
        },
        {
            "Number Citations": 1,
            "source": "BRA",
            "target": "ITA"
        },
        {
            "Number Citations": 1,
            "source": "BRA",
            "target": "TWN"
        },
        {
            "Number Citations": 4,
            "source": "BRA",
            "target": "FRA"
        },
        {
            "Number Citations": 1,
            "source": "BRA",
            "target": "GBR"
        },
        {
            "Number Citations": 6,
            "source": "BRA",
            "target": "BRA"
        },
        {
            "Number Citations": 2,
            "source": "BRA",
            "target": "IRL"
        },
        {
            "Number Citations": 52,
            "source": "HKG",
            "target": "USA"
        },
        {
            "Number Citations": 3,
            "source": "HKG",
            "target": "DEU"
        },
        {
            "Number Citations": 9,
            "source": "HKG",
            "target": "JPN"
        },
        {
            "Number Citations": 2,
            "source": "HKG",
            "target": "ITA"
        },
        {
            "Number Citations": 4,
            "source": "HKG",
            "target": "TWN"
        },
        {
            "Number Citations": 5,
            "source": "HKG",
            "target": "FRA"
        },
        {
            "Number Citations": 1,
            "source": "HKG",
            "target": "ISR"
        },
        {
            "Number Citations": 3,
            "source": "HKG",
            "target": "KOR"
        },
        {
            "Number Citations": 3,
            "source": "HKG",
            "target": "CAN"
        },
        {
            "Number Citations": 2,
            "source": "HKG",
            "target": "ESP"
        },
        {
            "Number Citations": 1,
            "source": "HKG",
            "target": "AUS"
        },
        {
            "Number Citations": 8,
            "source": "HKG",
            "target": "HKG"
        },
        {
            "Number Citations": 20,
            "source": "ARG",
            "target": "USA"
        },
        {
            "Number Citations": 2,
            "source": "ARG",
            "target": "DEU"
        },
        {
            "Number Citations": 1,
            "source": "ARG",
            "target": "JPN"
        },
        {
            "Number Citations": 1,
            "source": "ARG",
            "target": "KOR"
        },
        {
            "Number Citations": 1,
            "source": "ARG",
            "target": "CAN"
        },
        {
            "Number Citations": 3,
            "source": "ARG",
            "target": "ARG"
        },
        {
            "Number Citations": 4,
            "source": "SAU",
            "target": "USA"
        },
        {
            "Number Citations": 4,
            "source": "SAU",
            "target": "JPN"
        },
        {
            "Number Citations": 1,
            "source": "EGY",
            "target": "USA"
        },
        {
            "Number Citations": 6,
            "source": "BLR",
            "target": "USA"
        },
        {
            "Number Citations": 1,
            "source": "BLR",
            "target": "BLR"
        },
        {
            "Number Citations": 10,
            "source": "VEN",
            "target": "USA"
        },
        {
            "Number Citations": 1,
            "source": "VEN",
            "target": "DEU"
        },
        {
            "Number Citations": 1,
            "source": "VEN",
            "target": "JPN"
        },
        {
            "Number Citations": 1,
            "source": "VEN",
            "target": "CHE"
        },
        {
            "Number Citations": 1,
            "source": "VEN",
            "target": "SGP"
        },
        {
            "Number Citations": 13,
            "source": "VEN",
            "target": "VEN"
        },
        {
            "Number Citations": 1,
            "source": "CYP",
            "target": "USA"
        },
        {
            "Number Citations": 3,
            "source": "GTM",
            "target": "USA"
        },
        {
            "Number Citations": 1,
            "source": "GTM",
            "target": "CAN"
        },
        {
            "Number Citations": 2,
            "source": "SVN",
            "target": "USA"
        },
        {
            "Number Citations": 1,
            "source": "SVN",
            "target": "RUS"
        },
        {
            "Number Citations": 1,
            "source": "SVN",
            "target": "KOR"
        },
        {
            "Number Citations": 1,
            "source": "SVN",
            "target": "SVN"
        },
        {
            "Number Citations": 74,
            "source": "NOR",
            "target": "USA"
        },
        {
            "Number Citations": 1,
            "source": "NOR",
            "target": "DEU"
        },
        {
            "Number Citations": 4,
            "source": "NOR",
            "target": "JPN"
        },
        {
            "Number Citations": 1,
            "source": "NOR",
            "target": "ITA"
        },
        {
            "Number Citations": 2,
            "source": "NOR",
            "target": "TWN"
        },
        {
            "Number Citations": 2,
            "source": "NOR",
            "target": "SWE"
        },
        {
            "Number Citations": 2,
            "source": "NOR",
            "target": "FRA"
        },
        {
            "Number Citations": 1,
            "source": "NOR",
            "target": "GBR"
        },
        {
            "Number Citations": 1,
            "source": "NOR",
            "target": "AUT"
        },
        {
            "Number Citations": 1,
            "source": "NOR",
            "target": "KOR"
        },
        {
            "Number Citations": 1,
            "source": "NOR",
            "target": "CAN"
        },
        {
            "Number Citations": 1,
            "source": "NOR",
            "target": "AUS"
        },
        {
            "Number Citations": 2,
            "source": "NOR",
            "target": "NLD"
        },
        {
            "Number Citations": 11,
            "source": "NOR",
            "target": "NOR"
        },
        {
            "Number Citations": 1,
            "source": "NOR",
            "target": "VEN"
        },
        {
            "Number Citations": 39,
            "source": "RUS",
            "target": "USA"
        },
        {
            "Number Citations": 5,
            "source": "RUS",
            "target": "DEU"
        },
        {
            "Number Citations": 23,
            "source": "RUS",
            "target": "JPN"
        },
        {
            "Number Citations": 1,
            "source": "RUS",
            "target": "CHE"
        },
        {
            "Number Citations": 1,
            "source": "RUS",
            "target": "FRA"
        },
        {
            "Number Citations": 11,
            "source": "RUS",
            "target": "RUS"
        },
        {
            "Number Citations": 1,
            "source": "RUS",
            "target": "GBR"
        },
        {
            "Number Citations": 2,
            "source": "RUS",
            "target": "KOR"
        },
        {
            "Number Citations": 1,
            "source": "RUS",
            "target": "FIN"
        },
        {
            "Number Citations": 1,
            "source": "RUS",
            "target": "CAN"
        },
        {
            "Number Citations": 2,
            "source": "RUS",
            "target": "AUS"
        },
        {
            "Number Citations": 1,
            "source": "RUS",
            "target": "ECU"
        },
        {
            "Number Citations": 14,
            "source": "MEX",
            "target": "USA"
        },
        {
            "Number Citations": 1,
            "source": "MEX",
            "target": "DEU"
        },
        {
            "Number Citations": 2,
            "source": "MEX",
            "target": "JPN"
        },
        {
            "Number Citations": 2,
            "source": "MEX",
            "target": "ITA"
        },
        {
            "Number Citations": 1,
            "source": "MEX",
            "target": "TWN"
        },
        {
            "Number Citations": 1,
            "source": "MEX",
            "target": "SWE"
        },
        {
            "Number Citations": 3,
            "source": "MEX",
            "target": "AUT"
        },
        {
            "Number Citations": 2,
            "source": "MEX",
            "target": "CAN"
        },
        {
            "Number Citations": 1,
            "source": "MEX",
            "target": "ESP"
        },
        {
            "Number Citations": 13,
            "source": "CHN",
            "target": "USA"
        },
        {
            "Number Citations": 2,
            "source": "CHN",
            "target": "DEU"
        },
        {
            "Number Citations": 2,
            "source": "CHN",
            "target": "JPN"
        },
        {
            "Number Citations": 5,
            "source": "CHN",
            "target": "KOR"
        },
        {
            "Number Citations": 1,
            "source": "CHN",
            "target": "CAN"
        },
        {
            "Number Citations": 5,
            "source": "CHN",
            "target": "CHN"
        },
        {
            "Number Citations": 1,
            "source": "CHN",
            "target": "IND"
        },
        {
            "Number Citations": 4,
            "source": "POL",
            "target": "USA"
        },
        {
            "Number Citations": 1,
            "source": "POL",
            "target": "DEU"
        },
        {
            "Number Citations": 2,
            "source": "POL",
            "target": "JPN"
        },
        {
            "Number Citations": 1,
            "source": "POL",
            "target": "FRA"
        },
        {
            "Number Citations": 3,
            "source": "POL",
            "target": "CAN"
        },
        {
            "Number Citations": 2,
            "source": "POL",
            "target": "POL"
        },
        {
            "Number Citations": 4,
            "source": "CSK",
            "target": "USA"
        },
        {
            "Number Citations": 3,
            "source": "CSK",
            "target": "JPN"
        },
        {
            "Number Citations": 1,
            "source": "CSK",
            "target": "ITA"
        },
        {
            "Number Citations": 4,
            "source": "CRI",
            "target": "USA"
        },
        {
            "Number Citations": 2,
            "source": "GRC",
            "target": "USA"
        },
        {
            "Number Citations": 2,
            "source": "GRC",
            "target": "ITA"
        },
        {
            "Number Citations": 3,
            "source": "PHL",
            "target": "USA"
        },
        {
            "Number Citations": 7,
            "source": "HUN",
            "target": "USA"
        },
        {
            "Number Citations": 3,
            "source": "HUN",
            "target": "JPN"
        },
        {
            "Number Citations": 1,
            "source": "HUN",
            "target": "CHE"
        },
        {
            "Number Citations": 1,
            "source": "HUN",
            "target": "SWE"
        },
        {
            "Number Citations": 1,
            "source": "HUN",
            "target": "AUT"
        },
        {
            "Number Citations": 2,
            "source": "SLV",
            "target": "USA"
        },
        {
            "Number Citations": 4,
            "source": "THA",
            "target": "USA"
        },
        {
            "Number Citations": 1,
            "source": "THA",
            "target": "DEU"
        },
        {
            "Number Citations": 1,
            "source": "THA",
            "target": "TWN"
        },
        {
            "Number Citations": 1,
            "source": "THA",
            "target": "FIN"
        },
        {
            "Number Citations": 1,
            "source": "THA",
            "target": "CAN"
        },
        {
            "Number Citations": 2,
            "source": "LBN",
            "target": "USA"
        },
        {
            "Number Citations": 1,
            "source": "COL",
            "target": "USA"
        },
        {
            "Number Citations": 1,
            "source": "COL",
            "target": "JPN"
        },
        {
            "Number Citations": 1,
            "source": "IDN",
            "target": "USA"
        },
        {
            "Number Citations": 1,
            "source": "IDN",
            "target": "IDN"
        },
        {
            "Number Citations": 2,
            "source": "VGB",
            "target": "USA"
        },
        {
            "Number Citations": 1,
            "source": "YUG",
            "target": "USA"
        },
        {
            "Number Citations": 1,
            "source": "BGR",
            "target": "USA"
        },
        {
            "Number Citations": 1,
            "source": "BGR",
            "target": "CAN"
        },
        {
            "Number Citations": 2,
            "source": "JOR",
            "target": "USA"
        },
        {
            "Number Citations": 1,
            "source": "JOR",
            "target": "ITA"
        },
        {
            "Number Citations": 1,
            "source": "JOR",
            "target": "FRA"
        },
        {
            "Number Citations": 1,
            "source": "JOR",
            "target": "AUT"
        },
        {
            "Number Citations": 1,
            "source": "JOR",
            "target": "ZAF"
        },
        {
            "Number Citations": 3,
            "source": "CYM",
            "target": "USA"
        },
        {
            "Number Citations": 1,
            "source": "CYM",
            "target": "JPN"
        },
        {
            "Number Citations": 1,
            "source": "CYM",
            "target": "GBR"
        },
        {
            "Number Citations": 1,
            "source": "CYM",
            "target": "NLD"
        },
        {
            "Number Citations": 2,
            "source": "NGA",
            "target": "USA"
        },
        {
            "Number Citations": 2,
            "source": "LIE",
            "target": "USA"
        },
        {
            "Number Citations": 1,
            "source": "LIE",
            "target": "DEU"
        },
        {
            "Number Citations": 1,
            "source": "LIE",
            "target": "LIE"
        },
        {
            "Number Citations": 1,
            "source": "CUB",
            "target": "USA"
        },
        {
            "Number Citations": 1,
            "source": "CUB",
            "target": "CUB"
        },
        {
            "Number Citations": 1,
            "source": "CHL",
            "target": "USA"
        },
        {
            "Number Citations": 1,
            "source": "CHL",
            "target": "CHL"
        },
        {
            "Number Citations": 1,
            "source": "SVK",
            "target": "USA"
        },
        {
            "Number Citations": 1,
            "source": "SVK",
            "target": "JPN"
        },
        {
            "Number Citations": 1,
            "source": "HTI",
            "target": "USA"
        },
        {
            "Number Citations": 1,
            "source": "TUR",
            "target": "DEU"
        },
        {
            "Number Citations": 3,
            "source": "TUR",
            "target": "JPN"
        },
        {
            "Number Citations": 1,
            "source": "TUR",
            "target": "KAZ"
        },
        {
            "Number Citations": 3,
            "source": "CZE",
            "target": "DEU"
        },
        {
            "Number Citations": 1,
            "source": "CZE",
            "target": "TWN"
        },
        {
            "Number Citations": 2,
            "source": "UKR",
            "target": "JPN"
        },
        {
            "Number Citations": 1,
            "source": "UKR",
            "target": "CHE"
        },
        {
            "Number Citations": 1,
            "source": "UKR",
            "target": "TWN"
        },
        {
            "Number Citations": 1,
            "source": "LTU",
            "target": "JPN"
        },
        {
            "Number Citations": 1,
            "source": "HRV",
            "target": "ITA"
        },
        {
            "Number Citations": 1,
            "source": "MCO",
            "target": "FRA"
        },
        {
            "Number Citations": 1,
            "source": "ISL",
            "target": "FRA"
        },
        {
            "Number Citations": 1,
            "source": "ISL",
            "target": "ESP"
        },
        {
            "Number Citations": 1,
            "source": "ANT",
            "target": "HKG"
        },
        {
            "Number Citations": 1,
            "source": "URY",
            "target": "URY"
        },
        {
            "Number Citations": 1,
            "source": "KWT",
            "target": "KWT"
        },
        {
            "Number Citations": 1,
            "source": "BMU",
            "target": "BMU"
        }
    ]
}