{
    "directed": true,
    "multigraph": false,
    "graph": {
        "year": 1964
    },
    "nodes": [
        {
            "id": "USA"
        },
        {
            "id": "FRA"
        },
        {
            "id": "CHE"
        },
        {
            "id": "DEU"
        },
        {
            "id": "ITA"
        },
        {
            "id": "GBR"
        },
        {
            "id": "CAN"
        },
        {
            "id": "JPN"
        },
        {
            "id": "SWE"
        },
        {
            "id": "AUS"
        },
        {
            "id": "NLD"
        },
        {
            "id": "CSK"
        },
        {
            "id": "NZL"
        },
        {
            "id": "BEL"
        },
        {
            "id": "YUG"
        },
        {
            "id": "MEX"
        },
        {
            "id": "LUX"
        },
        {
            "id": "NOR"
        },
        {
            "id": "ZAF"
        },
        {
            "id": "ESP"
        },
        {
            "id": "ISR"
        },
        {
            "id": "AUT"
        },
        {
            "id": "ARG"
        },
        {
            "id": "URY"
        },
        {
            "id": "GRC"
        },
        {
            "id": "ZWE"
        },
        {
            "id": "COL"
        },
        {
            "id": "HUN"
        },
        {
            "id": "VEN"
        },
        {
            "id": "USSR"
        },
        {
            "id": "DNK"
        },
        {
            "id": "LIE"
        },
        {
            "id": "SAU"
        },
        {
            "id": "POL"
        },
        {
            "id": "BHS"
        },
        {
            "id": "IND"
        },
        {
            "id": "KOR"
        },
        {
            "id": "PER"
        },
        {
            "id": "HKG"
        },
        {
            "id": "CHL"
        },
        {
            "id": "BRA"
        },
        {
            "id": "PHL"
        },
        {
            "id": "PAN"
        },
        {
            "id": "TUR"
        },
        {
            "id": "FIN"
        },
        {
            "id": "KEN"
        },
        {
            "id": "ROU"
        },
        {
            "id": "BGR"
        },
        {
            "id": "DOM"
        },
        {
            "id": "MCO"
        },
        {
            "id": "ISL"
        },
        {
            "id": "CHN"
        },
        {
            "id": "CUB"
        },
        {
            "id": "PRT"
        },
        {
            "id": "IRL"
        },
        {
            "id": "TWN"
        },
        {
            "id": "VNM"
        },
        {
            "id": "IRN"
        },
        {
            "id": "CYM"
        },
        {
            "id": "HTI"
        },
        {
            "id": "BMU"
        },
        {
            "id": "LKA"
        },
        {
            "id": "IRQ"
        },
        {
            "id": "MYS"
        },
        {
            "id": "MDG"
        },
        {
            "id": "SLV"
        },
        {
            "id": "ANT"
        },
        {
            "id": "JAM"
        },
        {
            "id": "LBR"
        },
        {
            "id": "TTO"
        },
        {
            "id": "TUN"
        },
        {
            "id": "MAR"
        },
        {
            "id": "ECU"
        },
        {
            "id": "LBN"
        },
        {
            "id": "ARE"
        },
        {
            "id": "KWT"
        },
        {
            "id": "JOR"
        },
        {
            "id": "CYP"
        },
        {
            "id": "NFK"
        },
        {
            "id": "SGP"
        },
        {
            "id": "CIV"
        },
        {
            "id": "IDN"
        },
        {
            "id": "THA"
        },
        {
            "id": "EGY"
        },
        {
            "id": "CRI"
        },
        {
            "id": "MLT"
        },
        {
            "id": "RUS"
        },
        {
            "id": "SVN"
        },
        {
            "id": "VCT"
        },
        {
            "id": "VGB"
        },
        {
            "id": "UKR"
        },
        {
            "id": "EST"
        },
        {
            "id": "CZE"
        },
        {
            "id": "HND"
        },
        {
            "id": "MMR"
        },
        {
            "id": "SYR"
        },
        {
            "id": "UZB"
        }
    ],
    "links": [
        {
            "Number Citations": 2931,
            "source": "USA",
            "target": "FRA"
        },
        {
            "Number Citations": 9148,
            "source": "USA",
            "target": "JPN"
        },
        {
            "Number Citations": 86493,
            "source": "USA",
            "target": "USA"
        },
        {
            "Number Citations": 251,
            "source": "USA",
            "target": "USSR"
        },
        {
            "Number Citations": 7146,
            "source": "USA",
            "target": "DEU"
        },
        {
            "Number Citations": 48,
            "source": "USA",
            "target": "CSK"
        },
        {
            "Number Citations": 3354,
            "source": "USA",
            "target": "GBR"
        },
        {
            "Number Citations": 1172,
            "source": "USA",
            "target": "SWE"
        },
        {
            "Number Citations": 1324,
            "source": "USA",
            "target": "CHE"
        },
        {
            "Number Citations": 341,
            "source": "USA",
            "target": "AUT"
        },
        {
            "Number Citations": 2856,
            "source": "USA",
            "target": "CAN"
        },
        {
            "Number Citations": 85,
            "source": "USA",
            "target": "MEX"
        },
        {
            "Number Citations": 826,
            "source": "USA",
            "target": "NLD"
        },
        {
            "Number Citations": 632,
            "source": "USA",
            "target": "AUS"
        },
        {
            "Number Citations": 262,
            "source": "USA",
            "target": "DNK"
        },
        {
            "Number Citations": 160,
            "source": "USA",
            "target": "ZAF"
        },
        {
            "Number Citations": 1113,
            "source": "USA",
            "target": "ITA"
        },
        {
            "Number Citations": 52,
            "source": "USA",
            "target": "HKG"
        },
        {
            "Number Citations": 50,
            "source": "USA",
            "target": "IRL"
        },
        {
            "Number Citations": 73,
            "source": "USA",
            "target": "HUN"
        },
        {
            "Number Citations": 330,
            "source": "USA",
            "target": "ISR"
        },
        {
            "Number Citations": 125,
            "source": "USA",
            "target": "ESP"
        },
        {
            "Number Citations": 250,
            "source": "USA",
            "target": "FIN"
        },
        {
            "Number Citations": 348,
            "source": "USA",
            "target": "BEL"
        },
        {
            "Number Citations": 8,
            "source": "USA",
            "target": "MCO"
        },
        {
            "Number Citations": 172,
            "source": "USA",
            "target": "NOR"
        },
        {
            "Number Citations": 20,
            "source": "USA",
            "target": "POL"
        },
        {
            "Number Citations": 32,
            "source": "USA",
            "target": "LUX"
        },
        {
            "Number Citations": 75,
            "source": "USA",
            "target": "NZL"
        },
        {
            "Number Citations": 28,
            "source": "USA",
            "target": "ARG"
        },
        {
            "Number Citations": 8,
            "source": "USA",
            "target": "ROU"
        },
        {
            "Number Citations": 568,
            "source": "USA",
            "target": "TWN"
        },
        {
            "Number Citations": 9,
            "source": "USA",
            "target": "CHL"
        },
        {
            "Number Citations": 9,
            "source": "USA",
            "target": "PRT"
        },
        {
            "Number Citations": 168,
            "source": "USA",
            "target": "KOR"
        },
        {
            "Number Citations": 28,
            "source": "USA",
            "target": "BGR"
        },
        {
            "Number Citations": 16,
            "source": "USA",
            "target": "IND"
        },
        {
            "Number Citations": 6,
            "source": "USA",
            "target": "PHL"
        },
        {
            "Number Citations": 20,
            "source": "USA",
            "target": "LIE"
        },
        {
            "Number Citations": 1,
            "source": "USA",
            "target": "VNM"
        },
        {
            "Number Citations": 2,
            "source": "USA",
            "target": "IRN"
        },
        {
            "Number Citations": 68,
            "source": "USA",
            "target": "BRA"
        },
        {
            "Number Citations": 9,
            "source": "USA",
            "target": "PER"
        },
        {
            "Number Citations": 31,
            "source": "USA",
            "target": "CHN"
        },
        {
            "Number Citations": 5,
            "source": "USA",
            "target": "CYM"
        },
        {
            "Number Citations": 4,
            "source": "USA",
            "target": "HTI"
        },
        {
            "Number Citations": 11,
            "source": "USA",
            "target": "GRC"
        },
        {
            "Number Citations": 8,
            "source": "USA",
            "target": "BMU"
        },
        {
            "Number Citations": 2,
            "source": "USA",
            "target": "LKA"
        },
        {
            "Number Citations": 15,
            "source": "USA",
            "target": "YUG"
        },
        {
            "Number Citations": 2,
            "source": "USA",
            "target": "ZWE"
        },
        {
            "Number Citations": 2,
            "source": "USA",
            "target": "IRQ"
        },
        {
            "Number Citations": 3,
            "source": "USA",
            "target": "MYS"
        },
        {
            "Number Citations": 8,
            "source": "USA",
            "target": "BHS"
        },
        {
            "Number Citations": 1,
            "source": "USA",
            "target": "MDG"
        },
        {
            "Number Citations": 1,
            "source": "USA",
            "target": "SLV"
        },
        {
            "Number Citations": 1,
            "source": "USA",
            "target": "ANT"
        },
        {
            "Number Citations": 7,
            "source": "USA",
            "target": "TUR"
        },
        {
            "Number Citations": 1,
            "source": "USA",
            "target": "JAM"
        },
        {
            "Number Citations": 2,
            "source": "USA",
            "target": "LBR"
        },
        {
            "Number Citations": 28,
            "source": "USA",
            "target": "VEN"
        },
        {
            "Number Citations": 8,
            "source": "USA",
            "target": "COL"
        },
        {
            "Number Citations": 1,
            "source": "USA",
            "target": "TUN"
        },
        {
            "Number Citations": 2,
            "source": "USA",
            "target": "MAR"
        },
        {
            "Number Citations": 7,
            "source": "USA",
            "target": "ISL"
        },
        {
            "Number Citations": 5,
            "source": "USA",
            "target": "ECU"
        },
        {
            "Number Citations": 2,
            "source": "USA",
            "target": "LBN"
        },
        {
            "Number Citations": 2,
            "source": "USA",
            "target": "ARE"
        },
        {
            "Number Citations": 1,
            "source": "USA",
            "target": "KWT"
        },
        {
            "Number Citations": 17,
            "source": "USA",
            "target": "SAU"
        },
        {
            "Number Citations": 1,
            "source": "USA",
            "target": "CYP"
        },
        {
            "Number Citations": 1,
            "source": "USA",
            "target": "NFK"
        },
        {
            "Number Citations": 12,
            "source": "USA",
            "target": "SGP"
        },
        {
            "Number Citations": 1,
            "source": "USA",
            "target": "CIV"
        },
        {
            "Number Citations": 3,
            "source": "USA",
            "target": "IDN"
        },
        {
            "Number Citations": 6,
            "source": "USA",
            "target": "THA"
        },
        {
            "Number Citations": 2,
            "source": "USA",
            "target": "URY"
        },
        {
            "Number Citations": 1,
            "source": "USA",
            "target": "PAN"
        },
        {
            "Number Citations": 1,
            "source": "USA",
            "target": "EGY"
        },
        {
            "Number Citations": 1,
            "source": "USA",
            "target": "CRI"
        },
        {
            "Number Citations": 1,
            "source": "USA",
            "target": "MLT"
        },
        {
            "Number Citations": 19,
            "source": "USA",
            "target": "RUS"
        },
        {
            "Number Citations": 1,
            "source": "USA",
            "target": "SVN"
        },
        {
            "Number Citations": 1,
            "source": "USA",
            "target": "VCT"
        },
        {
            "Number Citations": 1,
            "source": "USA",
            "target": "VGB"
        },
        {
            "Number Citations": 1,
            "source": "USA",
            "target": "UKR"
        },
        {
            "Number Citations": 1,
            "source": "USA",
            "target": "EST"
        },
        {
            "Number Citations": 1,
            "source": "USA",
            "target": "CZE"
        },
        {
            "Number Citations": 4,
            "source": "USA",
            "target": "HND"
        },
        {
            "Number Citations": 1,
            "source": "USA",
            "target": "MMR"
        },
        {
            "Number Citations": 1,
            "source": "USA",
            "target": "SYR"
        },
        {
            "Number Citations": 1,
            "source": "USA",
            "target": "UZB"
        },
        {
            "Number Citations": 188,
            "source": "FRA",
            "target": "FRA"
        },
        {
            "Number Citations": 276,
            "source": "FRA",
            "target": "JPN"
        },
        {
            "Number Citations": 1415,
            "source": "FRA",
            "target": "USA"
        },
        {
            "Number Citations": 13,
            "source": "FRA",
            "target": "USSR"
        },
        {
            "Number Citations": 249,
            "source": "FRA",
            "target": "DEU"
        },
        {
            "Number Citations": 4,
            "source": "FRA",
            "target": "CSK"
        },
        {
            "Number Citations": 93,
            "source": "FRA",
            "target": "GBR"
        },
        {
            "Number Citations": 22,
            "source": "FRA",
            "target": "SWE"
        },
        {
            "Number Citations": 55,
            "source": "FRA",
            "target": "CHE"
        },
        {
            "Number Citations": 21,
            "source": "FRA",
            "target": "AUT"
        },
        {
            "Number Citations": 53,
            "source": "FRA",
            "target": "CAN"
        },
        {
            "Number Citations": 2,
            "source": "FRA",
            "target": "MEX"
        },
        {
            "Number Citations": 20,
            "source": "FRA",
            "target": "NLD"
        },
        {
            "Number Citations": 13,
            "source": "FRA",
            "target": "AUS"
        },
        {
            "Number Citations": 7,
            "source": "FRA",
            "target": "DNK"
        },
        {
            "Number Citations": 5,
            "source": "FRA",
            "target": "ZAF"
        },
        {
            "Number Citations": 35,
            "source": "FRA",
            "target": "ITA"
        },
        {
            "Number Citations": 4,
            "source": "FRA",
            "target": "HKG"
        },
        {
            "Number Citations": 3,
            "source": "FRA",
            "target": "HUN"
        },
        {
            "Number Citations": 3,
            "source": "FRA",
            "target": "ISR"
        },
        {
            "Number Citations": 5,
            "source": "FRA",
            "target": "ESP"
        },
        {
            "Number Citations": 4,
            "source": "FRA",
            "target": "FIN"
        },
        {
            "Number Citations": 12,
            "source": "FRA",
            "target": "BEL"
        },
        {
            "Number Citations": 3,
            "source": "FRA",
            "target": "NOR"
        },
        {
            "Number Citations": 1,
            "source": "FRA",
            "target": "POL"
        },
        {
            "Number Citations": 2,
            "source": "FRA",
            "target": "LUX"
        },
        {
            "Number Citations": 9,
            "source": "FRA",
            "target": "TWN"
        },
        {
            "Number Citations": 2,
            "source": "FRA",
            "target": "KOR"
        },
        {
            "Number Citations": 1,
            "source": "FRA",
            "target": "BRA"
        },
        {
            "Number Citations": 1,
            "source": "FRA",
            "target": "CHN"
        },
        {
            "Number Citations": 1,
            "source": "FRA",
            "target": "YUG"
        },
        {
            "Number Citations": 1,
            "source": "FRA",
            "target": "BHS"
        },
        {
            "Number Citations": 1,
            "source": "FRA",
            "target": "SAU"
        },
        {
            "Number Citations": 1,
            "source": "FRA",
            "target": "CYP"
        },
        {
            "Number Citations": 49,
            "source": "CHE",
            "target": "FRA"
        },
        {
            "Number Citations": 161,
            "source": "CHE",
            "target": "JPN"
        },
        {
            "Number Citations": 736,
            "source": "CHE",
            "target": "USA"
        },
        {
            "Number Citations": 6,
            "source": "CHE",
            "target": "USSR"
        },
        {
            "Number Citations": 186,
            "source": "CHE",
            "target": "DEU"
        },
        {
            "Number Citations": 3,
            "source": "CHE",
            "target": "CSK"
        },
        {
            "Number Citations": 72,
            "source": "CHE",
            "target": "GBR"
        },
        {
            "Number Citations": 14,
            "source": "CHE",
            "target": "SWE"
        },
        {
            "Number Citations": 167,
            "source": "CHE",
            "target": "CHE"
        },
        {
            "Number Citations": 8,
            "source": "CHE",
            "target": "AUT"
        },
        {
            "Number Citations": 35,
            "source": "CHE",
            "target": "CAN"
        },
        {
            "Number Citations": 2,
            "source": "CHE",
            "target": "MEX"
        },
        {
            "Number Citations": 13,
            "source": "CHE",
            "target": "NLD"
        },
        {
            "Number Citations": 6,
            "source": "CHE",
            "target": "AUS"
        },
        {
            "Number Citations": 4,
            "source": "CHE",
            "target": "DNK"
        },
        {
            "Number Citations": 3,
            "source": "CHE",
            "target": "ZAF"
        },
        {
            "Number Citations": 16,
            "source": "CHE",
            "target": "ITA"
        },
        {
            "Number Citations": 6,
            "source": "CHE",
            "target": "HKG"
        },
        {
            "Number Citations": 1,
            "source": "CHE",
            "target": "IRL"
        },
        {
            "Number Citations": 1,
            "source": "CHE",
            "target": "HUN"
        },
        {
            "Number Citations": 4,
            "source": "CHE",
            "target": "ISR"
        },
        {
            "Number Citations": 5,
            "source": "CHE",
            "target": "ESP"
        },
        {
            "Number Citations": 1,
            "source": "CHE",
            "target": "FIN"
        },
        {
            "Number Citations": 6,
            "source": "CHE",
            "target": "BEL"
        },
        {
            "Number Citations": 1,
            "source": "CHE",
            "target": "NOR"
        },
        {
            "Number Citations": 2,
            "source": "CHE",
            "target": "POL"
        },
        {
            "Number Citations": 4,
            "source": "CHE",
            "target": "TWN"
        },
        {
            "Number Citations": 1,
            "source": "CHE",
            "target": "PRT"
        },
        {
            "Number Citations": 2,
            "source": "CHE",
            "target": "KOR"
        },
        {
            "Number Citations": 3,
            "source": "CHE",
            "target": "IND"
        },
        {
            "Number Citations": 2,
            "source": "CHE",
            "target": "LIE"
        },
        {
            "Number Citations": 1,
            "source": "CHE",
            "target": "SGP"
        },
        {
            "Number Citations": 201,
            "source": "DEU",
            "target": "FRA"
        },
        {
            "Number Citations": 795,
            "source": "DEU",
            "target": "JPN"
        },
        {
            "Number Citations": 3345,
            "source": "DEU",
            "target": "USA"
        },
        {
            "Number Citations": 17,
            "source": "DEU",
            "target": "USSR"
        },
        {
            "Number Citations": 1060,
            "source": "DEU",
            "target": "DEU"
        },
        {
            "Number Citations": 9,
            "source": "DEU",
            "target": "CSK"
        },
        {
            "Number Citations": 177,
            "source": "DEU",
            "target": "GBR"
        },
        {
            "Number Citations": 70,
            "source": "DEU",
            "target": "SWE"
        },
        {
            "Number Citations": 150,
            "source": "DEU",
            "target": "CHE"
        },
        {
            "Number Citations": 38,
            "source": "DEU",
            "target": "AUT"
        },
        {
            "Number Citations": 93,
            "source": "DEU",
            "target": "CAN"
        },
        {
            "Number Citations": 2,
            "source": "DEU",
            "target": "MEX"
        },
        {
            "Number Citations": 47,
            "source": "DEU",
            "target": "NLD"
        },
        {
            "Number Citations": 22,
            "source": "DEU",
            "target": "AUS"
        },
        {
            "Number Citations": 22,
            "source": "DEU",
            "target": "DNK"
        },
        {
            "Number Citations": 2,
            "source": "DEU",
            "target": "ZAF"
        },
        {
            "Number Citations": 83,
            "source": "DEU",
            "target": "ITA"
        },
        {
            "Number Citations": 3,
            "source": "DEU",
            "target": "HKG"
        },
        {
            "Number Citations": 11,
            "source": "DEU",
            "target": "HUN"
        },
        {
            "Number Citations": 6,
            "source": "DEU",
            "target": "ISR"
        },
        {
            "Number Citations": 9,
            "source": "DEU",
            "target": "ESP"
        },
        {
            "Number Citations": 11,
            "source": "DEU",
            "target": "FIN"
        },
        {
            "Number Citations": 16,
            "source": "DEU",
            "target": "BEL"
        },
        {
            "Number Citations": 9,
            "source": "DEU",
            "target": "NOR"
        },
        {
            "Number Citations": 3,
            "source": "DEU",
            "target": "POL"
        },
        {
            "Number Citations": 10,
            "source": "DEU",
            "target": "LUX"
        },
        {
            "Number Citations": 2,
            "source": "DEU",
            "target": "NZL"
        },
        {
            "Number Citations": 3,
            "source": "DEU",
            "target": "ARG"
        },
        {
            "Number Citations": 1,
            "source": "DEU",
            "target": "ROU"
        },
        {
            "Number Citations": 27,
            "source": "DEU",
            "target": "TWN"
        },
        {
            "Number Citations": 1,
            "source": "DEU",
            "target": "PRT"
        },
        {
            "Number Citations": 8,
            "source": "DEU",
            "target": "KOR"
        },
        {
            "Number Citations": 1,
            "source": "DEU",
            "target": "BGR"
        },
        {
            "Number Citations": 2,
            "source": "DEU",
            "target": "IND"
        },
        {
            "Number Citations": 1,
            "source": "DEU",
            "target": "LIE"
        },
        {
            "Number Citations": 1,
            "source": "DEU",
            "target": "BRA"
        },
        {
            "Number Citations": 1,
            "source": "DEU",
            "target": "CHN"
        },
        {
            "Number Citations": 1,
            "source": "DEU",
            "target": "GRC"
        },
        {
            "Number Citations": 1,
            "source": "DEU",
            "target": "LKA"
        },
        {
            "Number Citations": 1,
            "source": "DEU",
            "target": "VEN"
        },
        {
            "Number Citations": 1,
            "source": "DEU",
            "target": "ISL"
        },
        {
            "Number Citations": 2,
            "source": "DEU",
            "target": "IDN"
        },
        {
            "Number Citations": 1,
            "source": "DEU",
            "target": "RUS"
        },
        {
            "Number Citations": 21,
            "source": "ITA",
            "target": "FRA"
        },
        {
            "Number Citations": 73,
            "source": "ITA",
            "target": "JPN"
        },
        {
            "Number Citations": 335,
            "source": "ITA",
            "target": "USA"
        },
        {
            "Number Citations": 2,
            "source": "ITA",
            "target": "USSR"
        },
        {
            "Number Citations": 69,
            "source": "ITA",
            "target": "DEU"
        },
        {
            "Number Citations": 1,
            "source": "ITA",
            "target": "CSK"
        },
        {
            "Number Citations": 18,
            "source": "ITA",
            "target": "GBR"
        },
        {
            "Number Citations": 1,
            "source": "ITA",
            "target": "SWE"
        },
        {
            "Number Citations": 8,
            "source": "ITA",
            "target": "CHE"
        },
        {
            "Number Citations": 7,
            "source": "ITA",
            "target": "AUT"
        },
        {
            "Number Citations": 11,
            "source": "ITA",
            "target": "CAN"
        },
        {
            "Number Citations": 3,
            "source": "ITA",
            "target": "MEX"
        },
        {
            "Number Citations": 5,
            "source": "ITA",
            "target": "NLD"
        },
        {
            "Number Citations": 2,
            "source": "ITA",
            "target": "AUS"
        },
        {
            "Number Citations": 1,
            "source": "ITA",
            "target": "DNK"
        },
        {
            "Number Citations": 1,
            "source": "ITA",
            "target": "ZAF"
        },
        {
            "Number Citations": 42,
            "source": "ITA",
            "target": "ITA"
        },
        {
            "Number Citations": 1,
            "source": "ITA",
            "target": "IRL"
        },
        {
            "Number Citations": 1,
            "source": "ITA",
            "target": "HUN"
        },
        {
            "Number Citations": 2,
            "source": "ITA",
            "target": "ESP"
        },
        {
            "Number Citations": 6,
            "source": "ITA",
            "target": "BEL"
        },
        {
            "Number Citations": 1,
            "source": "ITA",
            "target": "NOR"
        },
        {
            "Number Citations": 1,
            "source": "ITA",
            "target": "NZL"
        },
        {
            "Number Citations": 1,
            "source": "ITA",
            "target": "ARG"
        },
        {
            "Number Citations": 4,
            "source": "ITA",
            "target": "TWN"
        },
        {
            "Number Citations": 1,
            "source": "ITA",
            "target": "IND"
        },
        {
            "Number Citations": 1,
            "source": "ITA",
            "target": "CHN"
        },
        {
            "Number Citations": 162,
            "source": "GBR",
            "target": "FRA"
        },
        {
            "Number Citations": 378,
            "source": "GBR",
            "target": "JPN"
        },
        {
            "Number Citations": 2393,
            "source": "GBR",
            "target": "USA"
        },
        {
            "Number Citations": 20,
            "source": "GBR",
            "target": "USSR"
        },
        {
            "Number Citations": 414,
            "source": "GBR",
            "target": "DEU"
        },
        {
            "Number Citations": 4,
            "source": "GBR",
            "target": "CSK"
        },
        {
            "Number Citations": 208,
            "source": "GBR",
            "target": "GBR"
        },
        {
            "Number Citations": 46,
            "source": "GBR",
            "target": "SWE"
        },
        {
            "Number Citations": 83,
            "source": "GBR",
            "target": "CHE"
        },
        {
            "Number Citations": 16,
            "source": "GBR",
            "target": "AUT"
        },
        {
            "Number Citations": 71,
            "source": "GBR",
            "target": "CAN"
        },
        {
            "Number Citations": 2,
            "source": "GBR",
            "target": "MEX"
        },
        {
            "Number Citations": 31,
            "source": "GBR",
            "target": "NLD"
        },
        {
            "Number Citations": 11,
            "source": "GBR",
            "target": "AUS"
        },
        {
            "Number Citations": 7,
            "source": "GBR",
            "target": "DNK"
        },
        {
            "Number Citations": 3,
            "source": "GBR",
            "target": "ZAF"
        },
        {
            "Number Citations": 58,
            "source": "GBR",
            "target": "ITA"
        },
        {
            "Number Citations": 2,
            "source": "GBR",
            "target": "HKG"
        },
        {
            "Number Citations": 1,
            "source": "GBR",
            "target": "IRL"
        },
        {
            "Number Citations": 5,
            "source": "GBR",
            "target": "HUN"
        },
        {
            "Number Citations": 9,
            "source": "GBR",
            "target": "ISR"
        },
        {
            "Number Citations": 5,
            "source": "GBR",
            "target": "ESP"
        },
        {
            "Number Citations": 9,
            "source": "GBR",
            "target": "FIN"
        },
        {
            "Number Citations": 14,
            "source": "GBR",
            "target": "BEL"
        },
        {
            "Number Citations": 2,
            "source": "GBR",
            "target": "MCO"
        },
        {
            "Number Citations": 4,
            "source": "GBR",
            "target": "NOR"
        },
        {
            "Number Citations": 1,
            "source": "GBR",
            "target": "POL"
        },
        {
            "Number Citations": 4,
            "source": "GBR",
            "target": "NZL"
        },
        {
            "Number Citations": 2,
            "source": "GBR",
            "target": "ARG"
        },
        {
            "Number Citations": 16,
            "source": "GBR",
            "target": "TWN"
        },
        {
            "Number Citations": 1,
            "source": "GBR",
            "target": "PRT"
        },
        {
            "Number Citations": 1,
            "source": "GBR",
            "target": "KOR"
        },
        {
            "Number Citations": 1,
            "source": "GBR",
            "target": "BGR"
        },
        {
            "Number Citations": 2,
            "source": "GBR",
            "target": "BRA"
        },
        {
            "Number Citations": 1,
            "source": "GBR",
            "target": "HTI"
        },
        {
            "Number Citations": 1,
            "source": "GBR",
            "target": "BMU"
        },
        {
            "Number Citations": 1,
            "source": "GBR",
            "target": "ISL"
        },
        {
            "Number Citations": 1,
            "source": "GBR",
            "target": "CYP"
        },
        {
            "Number Citations": 1,
            "source": "GBR",
            "target": "SGP"
        },
        {
            "Number Citations": 1,
            "source": "GBR",
            "target": "URY"
        },
        {
            "Number Citations": 46,
            "source": "CAN",
            "target": "FRA"
        },
        {
            "Number Citations": 95,
            "source": "CAN",
            "target": "JPN"
        },
        {
            "Number Citations": 1322,
            "source": "CAN",
            "target": "USA"
        },
        {
            "Number Citations": 2,
            "source": "CAN",
            "target": "USSR"
        },
        {
            "Number Citations": 108,
            "source": "CAN",
            "target": "DEU"
        },
        {
            "Number Citations": 4,
            "source": "CAN",
            "target": "CSK"
        },
        {
            "Number Citations": 56,
            "source": "CAN",
            "target": "GBR"
        },
        {
            "Number Citations": 29,
            "source": "CAN",
            "target": "SWE"
        },
        {
            "Number Citations": 18,
            "source": "CAN",
            "target": "CHE"
        },
        {
            "Number Citations": 9,
            "source": "CAN",
            "target": "AUT"
        },
        {
            "Number Citations": 149,
            "source": "CAN",
            "target": "CAN"
        },
        {
            "Number Citations": 17,
            "source": "CAN",
            "target": "NLD"
        },
        {
            "Number Citations": 17,
            "source": "CAN",
            "target": "AUS"
        },
        {
            "Number Citations": 9,
            "source": "CAN",
            "target": "DNK"
        },
        {
            "Number Citations": 3,
            "source": "CAN",
            "target": "ZAF"
        },
        {
            "Number Citations": 23,
            "source": "CAN",
            "target": "ITA"
        },
        {
            "Number Citations": 1,
            "source": "CAN",
            "target": "IRL"
        },
        {
            "Number Citations": 3,
            "source": "CAN",
            "target": "HUN"
        },
        {
            "Number Citations": 3,
            "source": "CAN",
            "target": "ISR"
        },
        {
            "Number Citations": 3,
            "source": "CAN",
            "target": "ESP"
        },
        {
            "Number Citations": 8,
            "source": "CAN",
            "target": "FIN"
        },
        {
            "Number Citations": 7,
            "source": "CAN",
            "target": "BEL"
        },
        {
            "Number Citations": 5,
            "source": "CAN",
            "target": "NOR"
        },
        {
            "Number Citations": 4,
            "source": "CAN",
            "target": "NZL"
        },
        {
            "Number Citations": 17,
            "source": "CAN",
            "target": "TWN"
        },
        {
            "Number Citations": 3,
            "source": "CAN",
            "target": "KOR"
        },
        {
            "Number Citations": 1,
            "source": "CAN",
            "target": "BRA"
        },
        {
            "Number Citations": 2,
            "source": "CAN",
            "target": "YUG"
        },
        {
            "Number Citations": 1,
            "source": "CAN",
            "target": "TTO"
        },
        {
            "Number Citations": 26,
            "source": "JPN",
            "target": "FRA"
        },
        {
            "Number Citations": 233,
            "source": "JPN",
            "target": "JPN"
        },
        {
            "Number Citations": 670,
            "source": "JPN",
            "target": "USA"
        },
        {
            "Number Citations": 4,
            "source": "JPN",
            "target": "USSR"
        },
        {
            "Number Citations": 117,
            "source": "JPN",
            "target": "DEU"
        },
        {
            "Number Citations": 21,
            "source": "JPN",
            "target": "GBR"
        },
        {
            "Number Citations": 9,
            "source": "JPN",
            "target": "SWE"
        },
        {
            "Number Citations": 32,
            "source": "JPN",
            "target": "CHE"
        },
        {
            "Number Citations": 5,
            "source": "JPN",
            "target": "AUT"
        },
        {
            "Number Citations": 18,
            "source": "JPN",
            "target": "CAN"
        },
        {
            "Number Citations": 3,
            "source": "JPN",
            "target": "MEX"
        },
        {
            "Number Citations": 10,
            "source": "JPN",
            "target": "NLD"
        },
        {
            "Number Citations": 6,
            "source": "JPN",
            "target": "AUS"
        },
        {
            "Number Citations": 4,
            "source": "JPN",
            "target": "DNK"
        },
        {
            "Number Citations": 1,
            "source": "JPN",
            "target": "ZAF"
        },
        {
            "Number Citations": 9,
            "source": "JPN",
            "target": "ITA"
        },
        {
            "Number Citations": 1,
            "source": "JPN",
            "target": "HKG"
        },
        {
            "Number Citations": 1,
            "source": "JPN",
            "target": "IRL"
        },
        {
            "Number Citations": 1,
            "source": "JPN",
            "target": "HUN"
        },
        {
            "Number Citations": 5,
            "source": "JPN",
            "target": "ISR"
        },
        {
            "Number Citations": 5,
            "source": "JPN",
            "target": "ESP"
        },
        {
            "Number Citations": 2,
            "source": "JPN",
            "target": "FIN"
        },
        {
            "Number Citations": 3,
            "source": "JPN",
            "target": "BEL"
        },
        {
            "Number Citations": 1,
            "source": "JPN",
            "target": "NOR"
        },
        {
            "Number Citations": 9,
            "source": "JPN",
            "target": "TWN"
        },
        {
            "Number Citations": 1,
            "source": "JPN",
            "target": "KOR"
        },
        {
            "Number Citations": 1,
            "source": "JPN",
            "target": "IND"
        },
        {
            "Number Citations": 1,
            "source": "JPN",
            "target": "GRC"
        },
        {
            "Number Citations": 1,
            "source": "JPN",
            "target": "BHS"
        },
        {
            "Number Citations": 24,
            "source": "SWE",
            "target": "FRA"
        },
        {
            "Number Citations": 96,
            "source": "SWE",
            "target": "JPN"
        },
        {
            "Number Citations": 604,
            "source": "SWE",
            "target": "USA"
        },
        {
            "Number Citations": 6,
            "source": "SWE",
            "target": "USSR"
        },
        {
            "Number Citations": 87,
            "source": "SWE",
            "target": "DEU"
        },
        {
            "Number Citations": 1,
            "source": "SWE",
            "target": "CSK"
        },
        {
            "Number Citations": 42,
            "source": "SWE",
            "target": "GBR"
        },
        {
            "Number Citations": 47,
            "source": "SWE",
            "target": "SWE"
        },
        {
            "Number Citations": 13,
            "source": "SWE",
            "target": "CHE"
        },
        {
            "Number Citations": 4,
            "source": "SWE",
            "target": "AUT"
        },
        {
            "Number Citations": 34,
            "source": "SWE",
            "target": "CAN"
        },
        {
            "Number Citations": 11,
            "source": "SWE",
            "target": "NLD"
        },
        {
            "Number Citations": 9,
            "source": "SWE",
            "target": "AUS"
        },
        {
            "Number Citations": 5,
            "source": "SWE",
            "target": "DNK"
        },
        {
            "Number Citations": 1,
            "source": "SWE",
            "target": "ZAF"
        },
        {
            "Number Citations": 10,
            "source": "SWE",
            "target": "ITA"
        },
        {
            "Number Citations": 1,
            "source": "SWE",
            "target": "IRL"
        },
        {
            "Number Citations": 6,
            "source": "SWE",
            "target": "ISR"
        },
        {
            "Number Citations": 2,
            "source": "SWE",
            "target": "ESP"
        },
        {
            "Number Citations": 6,
            "source": "SWE",
            "target": "FIN"
        },
        {
            "Number Citations": 3,
            "source": "SWE",
            "target": "BEL"
        },
        {
            "Number Citations": 2,
            "source": "SWE",
            "target": "NOR"
        },
        {
            "Number Citations": 1,
            "source": "SWE",
            "target": "POL"
        },
        {
            "Number Citations": 1,
            "source": "SWE",
            "target": "TWN"
        },
        {
            "Number Citations": 1,
            "source": "SWE",
            "target": "BGR"
        },
        {
            "Number Citations": 1,
            "source": "SWE",
            "target": "COL"
        },
        {
            "Number Citations": 3,
            "source": "SWE",
            "target": "ECU"
        },
        {
            "Number Citations": 1,
            "source": "SWE",
            "target": "KWT"
        },
        {
            "Number Citations": 1,
            "source": "SWE",
            "target": "IDN"
        },
        {
            "Number Citations": 3,
            "source": "AUS",
            "target": "FRA"
        },
        {
            "Number Citations": 14,
            "source": "AUS",
            "target": "JPN"
        },
        {
            "Number Citations": 179,
            "source": "AUS",
            "target": "USA"
        },
        {
            "Number Citations": 2,
            "source": "AUS",
            "target": "USSR"
        },
        {
            "Number Citations": 16,
            "source": "AUS",
            "target": "DEU"
        },
        {
            "Number Citations": 6,
            "source": "AUS",
            "target": "GBR"
        },
        {
            "Number Citations": 1,
            "source": "AUS",
            "target": "SWE"
        },
        {
            "Number Citations": 6,
            "source": "AUS",
            "target": "CHE"
        },
        {
            "Number Citations": 3,
            "source": "AUS",
            "target": "AUT"
        },
        {
            "Number Citations": 9,
            "source": "AUS",
            "target": "CAN"
        },
        {
            "Number Citations": 2,
            "source": "AUS",
            "target": "NLD"
        },
        {
            "Number Citations": 8,
            "source": "AUS",
            "target": "AUS"
        },
        {
            "Number Citations": 1,
            "source": "AUS",
            "target": "ITA"
        },
        {
            "Number Citations": 1,
            "source": "AUS",
            "target": "HUN"
        },
        {
            "Number Citations": 1,
            "source": "AUS",
            "target": "ISR"
        },
        {
            "Number Citations": 3,
            "source": "AUS",
            "target": "TWN"
        },
        {
            "Number Citations": 1,
            "source": "AUS",
            "target": "KOR"
        },
        {
            "Number Citations": 2,
            "source": "AUS",
            "target": "BRA"
        },
        {
            "Number Citations": 1,
            "source": "AUS",
            "target": "VEN"
        },
        {
            "Number Citations": 22,
            "source": "NLD",
            "target": "FRA"
        },
        {
            "Number Citations": 68,
            "source": "NLD",
            "target": "JPN"
        },
        {
            "Number Citations": 368,
            "source": "NLD",
            "target": "USA"
        },
        {
            "Number Citations": 6,
            "source": "NLD",
            "target": "USSR"
        },
        {
            "Number Citations": 71,
            "source": "NLD",
            "target": "DEU"
        },
        {
            "Number Citations": 1,
            "source": "NLD",
            "target": "CSK"
        },
        {
            "Number Citations": 25,
            "source": "NLD",
            "target": "GBR"
        },
        {
            "Number Citations": 8,
            "source": "NLD",
            "target": "SWE"
        },
        {
            "Number Citations": 7,
            "source": "NLD",
            "target": "CHE"
        },
        {
            "Number Citations": 6,
            "source": "NLD",
            "target": "AUT"
        },
        {
            "Number Citations": 21,
            "source": "NLD",
            "target": "CAN"
        },
        {
            "Number Citations": 2,
            "source": "NLD",
            "target": "MEX"
        },
        {
            "Number Citations": 23,
            "source": "NLD",
            "target": "NLD"
        },
        {
            "Number Citations": 2,
            "source": "NLD",
            "target": "AUS"
        },
        {
            "Number Citations": 2,
            "source": "NLD",
            "target": "DNK"
        },
        {
            "Number Citations": 2,
            "source": "NLD",
            "target": "ZAF"
        },
        {
            "Number Citations": 10,
            "source": "NLD",
            "target": "ITA"
        },
        {
            "Number Citations": 3,
            "source": "NLD",
            "target": "HUN"
        },
        {
            "Number Citations": 1,
            "source": "NLD",
            "target": "ISR"
        },
        {
            "Number Citations": 1,
            "source": "NLD",
            "target": "ESP"
        },
        {
            "Number Citations": 2,
            "source": "NLD",
            "target": "FIN"
        },
        {
            "Number Citations": 4,
            "source": "NLD",
            "target": "BEL"
        },
        {
            "Number Citations": 3,
            "source": "NLD",
            "target": "NOR"
        },
        {
            "Number Citations": 1,
            "source": "NLD",
            "target": "NZL"
        },
        {
            "Number Citations": 4,
            "source": "NLD",
            "target": "TWN"
        },
        {
            "Number Citations": 2,
            "source": "NLD",
            "target": "KOR"
        },
        {
            "Number Citations": 2,
            "source": "NLD",
            "target": "VEN"
        },
        {
            "Number Citations": 5,
            "source": "CSK",
            "target": "FRA"
        },
        {
            "Number Citations": 12,
            "source": "CSK",
            "target": "JPN"
        },
        {
            "Number Citations": 38,
            "source": "CSK",
            "target": "USA"
        },
        {
            "Number Citations": 2,
            "source": "CSK",
            "target": "USSR"
        },
        {
            "Number Citations": 12,
            "source": "CSK",
            "target": "DEU"
        },
        {
            "Number Citations": 1,
            "source": "CSK",
            "target": "CSK"
        },
        {
            "Number Citations": 4,
            "source": "CSK",
            "target": "GBR"
        },
        {
            "Number Citations": 2,
            "source": "CSK",
            "target": "SWE"
        },
        {
            "Number Citations": 6,
            "source": "CSK",
            "target": "CHE"
        },
        {
            "Number Citations": 1,
            "source": "CSK",
            "target": "CAN"
        },
        {
            "Number Citations": 1,
            "source": "CSK",
            "target": "NLD"
        },
        {
            "Number Citations": 5,
            "source": "CSK",
            "target": "ITA"
        },
        {
            "Number Citations": 1,
            "source": "CSK",
            "target": "BEL"
        },
        {
            "Number Citations": 1,
            "source": "NZL",
            "target": "FRA"
        },
        {
            "Number Citations": 13,
            "source": "NZL",
            "target": "USA"
        },
        {
            "Number Citations": 1,
            "source": "NZL",
            "target": "DEU"
        },
        {
            "Number Citations": 1,
            "source": "NZL",
            "target": "GBR"
        },
        {
            "Number Citations": 1,
            "source": "NZL",
            "target": "SWE"
        },
        {
            "Number Citations": 4,
            "source": "NZL",
            "target": "CAN"
        },
        {
            "Number Citations": 1,
            "source": "NZL",
            "target": "NLD"
        },
        {
            "Number Citations": 10,
            "source": "BEL",
            "target": "FRA"
        },
        {
            "Number Citations": 40,
            "source": "BEL",
            "target": "JPN"
        },
        {
            "Number Citations": 184,
            "source": "BEL",
            "target": "USA"
        },
        {
            "Number Citations": 7,
            "source": "BEL",
            "target": "USSR"
        },
        {
            "Number Citations": 25,
            "source": "BEL",
            "target": "DEU"
        },
        {
            "Number Citations": 9,
            "source": "BEL",
            "target": "GBR"
        },
        {
            "Number Citations": 3,
            "source": "BEL",
            "target": "SWE"
        },
        {
            "Number Citations": 7,
            "source": "BEL",
            "target": "CHE"
        },
        {
            "Number Citations": 4,
            "source": "BEL",
            "target": "CAN"
        },
        {
            "Number Citations": 7,
            "source": "BEL",
            "target": "NLD"
        },
        {
            "Number Citations": 3,
            "source": "BEL",
            "target": "AUS"
        },
        {
            "Number Citations": 2,
            "source": "BEL",
            "target": "ITA"
        },
        {
            "Number Citations": 3,
            "source": "BEL",
            "target": "ISR"
        },
        {
            "Number Citations": 2,
            "source": "BEL",
            "target": "ESP"
        },
        {
            "Number Citations": 12,
            "source": "BEL",
            "target": "BEL"
        },
        {
            "Number Citations": 2,
            "source": "BEL",
            "target": "POL"
        },
        {
            "Number Citations": 1,
            "source": "BEL",
            "target": "NZL"
        },
        {
            "Number Citations": 1,
            "source": "BEL",
            "target": "RUS"
        },
        {
            "Number Citations": 1,
            "source": "YUG",
            "target": "FRA"
        },
        {
            "Number Citations": 2,
            "source": "YUG",
            "target": "JPN"
        },
        {
            "Number Citations": 1,
            "source": "YUG",
            "target": "USA"
        },
        {
            "Number Citations": 1,
            "source": "YUG",
            "target": "USSR"
        },
        {
            "Number Citations": 3,
            "source": "MEX",
            "target": "FRA"
        },
        {
            "Number Citations": 5,
            "source": "MEX",
            "target": "JPN"
        },
        {
            "Number Citations": 45,
            "source": "MEX",
            "target": "USA"
        },
        {
            "Number Citations": 1,
            "source": "MEX",
            "target": "DEU"
        },
        {
            "Number Citations": 3,
            "source": "MEX",
            "target": "SWE"
        },
        {
            "Number Citations": 2,
            "source": "MEX",
            "target": "CAN"
        },
        {
            "Number Citations": 3,
            "source": "MEX",
            "target": "MEX"
        },
        {
            "Number Citations": 1,
            "source": "MEX",
            "target": "ITA"
        },
        {
            "Number Citations": 2,
            "source": "MEX",
            "target": "NOR"
        },
        {
            "Number Citations": 3,
            "source": "LUX",
            "target": "FRA"
        },
        {
            "Number Citations": 4,
            "source": "LUX",
            "target": "USA"
        },
        {
            "Number Citations": 1,
            "source": "LUX",
            "target": "DEU"
        },
        {
            "Number Citations": 1,
            "source": "LUX",
            "target": "GBR"
        },
        {
            "Number Citations": 2,
            "source": "LUX",
            "target": "NLD"
        },
        {
            "Number Citations": 6,
            "source": "NOR",
            "target": "FRA"
        },
        {
            "Number Citations": 16,
            "source": "NOR",
            "target": "JPN"
        },
        {
            "Number Citations": 72,
            "source": "NOR",
            "target": "USA"
        },
        {
            "Number Citations": 1,
            "source": "NOR",
            "target": "USSR"
        },
        {
            "Number Citations": 22,
            "source": "NOR",
            "target": "DEU"
        },
        {
            "Number Citations": 4,
            "source": "NOR",
            "target": "GBR"
        },
        {
            "Number Citations": 10,
            "source": "NOR",
            "target": "SWE"
        },
        {
            "Number Citations": 1,
            "source": "NOR",
            "target": "CHE"
        },
        {
            "Number Citations": 6,
            "source": "NOR",
            "target": "CAN"
        },
        {
            "Number Citations": 1,
            "source": "NOR",
            "target": "MEX"
        },
        {
            "Number Citations": 1,
            "source": "NOR",
            "target": "NLD"
        },
        {
            "Number Citations": 1,
            "source": "NOR",
            "target": "ITA"
        },
        {
            "Number Citations": 1,
            "source": "NOR",
            "target": "ESP"
        },
        {
            "Number Citations": 3,
            "source": "NOR",
            "target": "FIN"
        },
        {
            "Number Citations": 2,
            "source": "NOR",
            "target": "BEL"
        },
        {
            "Number Citations": 1,
            "source": "NOR",
            "target": "NOR"
        },
        {
            "Number Citations": 1,
            "source": "NOR",
            "target": "BGR"
        },
        {
            "Number Citations": 2,
            "source": "ZAF",
            "target": "FRA"
        },
        {
            "Number Citations": 11,
            "source": "ZAF",
            "target": "JPN"
        },
        {
            "Number Citations": 74,
            "source": "ZAF",
            "target": "USA"
        },
        {
            "Number Citations": 6,
            "source": "ZAF",
            "target": "DEU"
        },
        {
            "Number Citations": 2,
            "source": "ZAF",
            "target": "GBR"
        },
        {
            "Number Citations": 1,
            "source": "ZAF",
            "target": "SWE"
        },
        {
            "Number Citations": 4,
            "source": "ZAF",
            "target": "CHE"
        },
        {
            "Number Citations": 2,
            "source": "ZAF",
            "target": "CAN"
        },
        {
            "Number Citations": 1,
            "source": "ZAF",
            "target": "NOR"
        },
        {
            "Number Citations": 1,
            "source": "ZAF",
            "target": "TWN"
        },
        {
            "Number Citations": 1,
            "source": "ZAF",
            "target": "KOR"
        },
        {
            "Number Citations": 1,
            "source": "ZAF",
            "target": "JOR"
        },
        {
            "Number Citations": 1,
            "source": "ESP",
            "target": "FRA"
        },
        {
            "Number Citations": 6,
            "source": "ESP",
            "target": "JPN"
        },
        {
            "Number Citations": 38,
            "source": "ESP",
            "target": "USA"
        },
        {
            "Number Citations": 10,
            "source": "ESP",
            "target": "DEU"
        },
        {
            "Number Citations": 2,
            "source": "ESP",
            "target": "GBR"
        },
        {
            "Number Citations": 2,
            "source": "ESP",
            "target": "CHE"
        },
        {
            "Number Citations": 3,
            "source": "ESP",
            "target": "CAN"
        },
        {
            "Number Citations": 1,
            "source": "ESP",
            "target": "NLD"
        },
        {
            "Number Citations": 2,
            "source": "ESP",
            "target": "ITA"
        },
        {
            "Number Citations": 1,
            "source": "ESP",
            "target": "ESP"
        },
        {
            "Number Citations": 1,
            "source": "ESP",
            "target": "FIN"
        },
        {
            "Number Citations": 1,
            "source": "ISR",
            "target": "FRA"
        },
        {
            "Number Citations": 1,
            "source": "ISR",
            "target": "JPN"
        },
        {
            "Number Citations": 64,
            "source": "ISR",
            "target": "USA"
        },
        {
            "Number Citations": 3,
            "source": "ISR",
            "target": "DEU"
        },
        {
            "Number Citations": 2,
            "source": "ISR",
            "target": "GBR"
        },
        {
            "Number Citations": 3,
            "source": "ISR",
            "target": "SWE"
        },
        {
            "Number Citations": 3,
            "source": "ISR",
            "target": "CHE"
        },
        {
            "Number Citations": 1,
            "source": "ISR",
            "target": "CAN"
        },
        {
            "Number Citations": 2,
            "source": "ISR",
            "target": "AUS"
        },
        {
            "Number Citations": 1,
            "source": "ISR",
            "target": "DNK"
        },
        {
            "Number Citations": 3,
            "source": "ISR",
            "target": "ISR"
        },
        {
            "Number Citations": 2,
            "source": "AUT",
            "target": "FRA"
        },
        {
            "Number Citations": 18,
            "source": "AUT",
            "target": "JPN"
        },
        {
            "Number Citations": 98,
            "source": "AUT",
            "target": "USA"
        },
        {
            "Number Citations": 11,
            "source": "AUT",
            "target": "DEU"
        },
        {
            "Number Citations": 1,
            "source": "AUT",
            "target": "GBR"
        },
        {
            "Number Citations": 1,
            "source": "AUT",
            "target": "SWE"
        },
        {
            "Number Citations": 8,
            "source": "AUT",
            "target": "CHE"
        },
        {
            "Number Citations": 13,
            "source": "AUT",
            "target": "AUT"
        },
        {
            "Number Citations": 1,
            "source": "AUT",
            "target": "CAN"
        },
        {
            "Number Citations": 2,
            "source": "AUT",
            "target": "NLD"
        },
        {
            "Number Citations": 2,
            "source": "AUT",
            "target": "AUS"
        },
        {
            "Number Citations": 1,
            "source": "AUT",
            "target": "HKG"
        },
        {
            "Number Citations": 1,
            "source": "AUT",
            "target": "ESP"
        },
        {
            "Number Citations": 1,
            "source": "AUT",
            "target": "NOR"
        },
        {
            "Number Citations": 1,
            "source": "AUT",
            "target": "LBN"
        },
        {
            "Number Citations": 1,
            "source": "ARG",
            "target": "FRA"
        },
        {
            "Number Citations": 2,
            "source": "ARG",
            "target": "JPN"
        },
        {
            "Number Citations": 41,
            "source": "ARG",
            "target": "USA"
        },
        {
            "Number Citations": 5,
            "source": "ARG",
            "target": "DEU"
        },
        {
            "Number Citations": 2,
            "source": "ARG",
            "target": "CHE"
        },
        {
            "Number Citations": 3,
            "source": "ARG",
            "target": "CAN"
        },
        {
            "Number Citations": 2,
            "source": "ARG",
            "target": "ITA"
        },
        {
            "Number Citations": 2,
            "source": "ARG",
            "target": "ESP"
        },
        {
            "Number Citations": 1,
            "source": "ARG",
            "target": "CHN"
        },
        {
            "Number Citations": 1,
            "source": "ARG",
            "target": "RUS"
        },
        {
            "Number Citations": 1,
            "source": "URY",
            "target": "FRA"
        },
        {
            "Number Citations": 4,
            "source": "URY",
            "target": "USA"
        },
        {
            "Number Citations": 1,
            "source": "URY",
            "target": "AUS"
        },
        {
            "Number Citations": 1,
            "source": "GRC",
            "target": "JPN"
        },
        {
            "Number Citations": 1,
            "source": "ZWE",
            "target": "JPN"
        },
        {
            "Number Citations": 1,
            "source": "ZWE",
            "target": "DEU"
        },
        {
            "Number Citations": 1,
            "source": "COL",
            "target": "JPN"
        },
        {
            "Number Citations": 2,
            "source": "COL",
            "target": "USA"
        },
        {
            "Number Citations": 1,
            "source": "COL",
            "target": "NLD"
        },
        {
            "Number Citations": 10,
            "source": "HUN",
            "target": "JPN"
        },
        {
            "Number Citations": 23,
            "source": "HUN",
            "target": "USA"
        },
        {
            "Number Citations": 4,
            "source": "HUN",
            "target": "DEU"
        },
        {
            "Number Citations": 2,
            "source": "HUN",
            "target": "GBR"
        },
        {
            "Number Citations": 1,
            "source": "HUN",
            "target": "AUT"
        },
        {
            "Number Citations": 1,
            "source": "HUN",
            "target": "CAN"
        },
        {
            "Number Citations": 1,
            "source": "HUN",
            "target": "HUN"
        },
        {
            "Number Citations": 1,
            "source": "HUN",
            "target": "KOR"
        },
        {
            "Number Citations": 1,
            "source": "VEN",
            "target": "JPN"
        },
        {
            "Number Citations": 9,
            "source": "VEN",
            "target": "USA"
        },
        {
            "Number Citations": 1,
            "source": "VEN",
            "target": "DEU"
        },
        {
            "Number Citations": 1,
            "source": "VEN",
            "target": "GBR"
        },
        {
            "Number Citations": 1,
            "source": "VEN",
            "target": "ITA"
        },
        {
            "Number Citations": 1,
            "source": "VEN",
            "target": "TWN"
        },
        {
            "Number Citations": 4,
            "source": "USSR",
            "target": "JPN"
        },
        {
            "Number Citations": 15,
            "source": "USSR",
            "target": "USA"
        },
        {
            "Number Citations": 5,
            "source": "USSR",
            "target": "DEU"
        },
        {
            "Number Citations": 1,
            "source": "USSR",
            "target": "GBR"
        },
        {
            "Number Citations": 4,
            "source": "USSR",
            "target": "CHE"
        },
        {
            "Number Citations": 1,
            "source": "USSR",
            "target": "ZAF"
        },
        {
            "Number Citations": 2,
            "source": "USSR",
            "target": "FIN"
        },
        {
            "Number Citations": 1,
            "source": "USSR",
            "target": "BEL"
        },
        {
            "Number Citations": 36,
            "source": "DNK",
            "target": "JPN"
        },
        {
            "Number Citations": 80,
            "source": "DNK",
            "target": "USA"
        },
        {
            "Number Citations": 12,
            "source": "DNK",
            "target": "DEU"
        },
        {
            "Number Citations": 2,
            "source": "DNK",
            "target": "GBR"
        },
        {
            "Number Citations": 3,
            "source": "DNK",
            "target": "SWE"
        },
        {
            "Number Citations": 1,
            "source": "DNK",
            "target": "CHE"
        },
        {
            "Number Citations": 3,
            "source": "DNK",
            "target": "AUT"
        },
        {
            "Number Citations": 5,
            "source": "DNK",
            "target": "CAN"
        },
        {
            "Number Citations": 1,
            "source": "DNK",
            "target": "MEX"
        },
        {
            "Number Citations": 1,
            "source": "DNK",
            "target": "NLD"
        },
        {
            "Number Citations": 1,
            "source": "DNK",
            "target": "AUS"
        },
        {
            "Number Citations": 4,
            "source": "DNK",
            "target": "DNK"
        },
        {
            "Number Citations": 3,
            "source": "DNK",
            "target": "ITA"
        },
        {
            "Number Citations": 1,
            "source": "DNK",
            "target": "LUX"
        },
        {
            "Number Citations": 1,
            "source": "DNK",
            "target": "BRA"
        },
        {
            "Number Citations": 1,
            "source": "DNK",
            "target": "VEN"
        },
        {
            "Number Citations": 4,
            "source": "LIE",
            "target": "JPN"
        },
        {
            "Number Citations": 10,
            "source": "LIE",
            "target": "USA"
        },
        {
            "Number Citations": 2,
            "source": "LIE",
            "target": "GBR"
        },
        {
            "Number Citations": 1,
            "source": "LIE",
            "target": "KOR"
        },
        {
            "Number Citations": 1,
            "source": "LIE",
            "target": "LIE"
        },
        {
            "Number Citations": 1,
            "source": "SAU",
            "target": "JPN"
        },
        {
            "Number Citations": 4,
            "source": "SAU",
            "target": "USA"
        },
        {
            "Number Citations": 1,
            "source": "SAU",
            "target": "CHE"
        },
        {
            "Number Citations": 1,
            "source": "SAU",
            "target": "IDN"
        },
        {
            "Number Citations": 1,
            "source": "SAU",
            "target": "RUS"
        },
        {
            "Number Citations": 1,
            "source": "POL",
            "target": "JPN"
        },
        {
            "Number Citations": 14,
            "source": "POL",
            "target": "USA"
        },
        {
            "Number Citations": 3,
            "source": "POL",
            "target": "USSR"
        },
        {
            "Number Citations": 1,
            "source": "POL",
            "target": "DEU"
        },
        {
            "Number Citations": 2,
            "source": "POL",
            "target": "GBR"
        },
        {
            "Number Citations": 1,
            "source": "BHS",
            "target": "JPN"
        },
        {
            "Number Citations": 1,
            "source": "BHS",
            "target": "USA"
        },
        {
            "Number Citations": 3,
            "source": "BHS",
            "target": "DEU"
        },
        {
            "Number Citations": 1,
            "source": "BHS",
            "target": "ITA"
        },
        {
            "Number Citations": 1,
            "source": "IND",
            "target": "JPN"
        },
        {
            "Number Citations": 9,
            "source": "IND",
            "target": "USA"
        },
        {
            "Number Citations": 1,
            "source": "IND",
            "target": "ESP"
        },
        {
            "Number Citations": 2,
            "source": "KOR",
            "target": "JPN"
        },
        {
            "Number Citations": 10,
            "source": "KOR",
            "target": "USA"
        },
        {
            "Number Citations": 1,
            "source": "KOR",
            "target": "DEU"
        },
        {
            "Number Citations": 1,
            "source": "KOR",
            "target": "AUT"
        },
        {
            "Number Citations": 1,
            "source": "KOR",
            "target": "CAN"
        },
        {
            "Number Citations": 1,
            "source": "KOR",
            "target": "TWN"
        },
        {
            "Number Citations": 2,
            "source": "PER",
            "target": "JPN"
        },
        {
            "Number Citations": 5,
            "source": "PER",
            "target": "USA"
        },
        {
            "Number Citations": 1,
            "source": "PER",
            "target": "GBR"
        },
        {
            "Number Citations": 1,
            "source": "PER",
            "target": "CHE"
        },
        {
            "Number Citations": 25,
            "source": "HKG",
            "target": "USA"
        },
        {
            "Number Citations": 1,
            "source": "HKG",
            "target": "ITA"
        },
        {
            "Number Citations": 1,
            "source": "CHL",
            "target": "USA"
        },
        {
            "Number Citations": 3,
            "source": "BRA",
            "target": "USA"
        },
        {
            "Number Citations": 1,
            "source": "BRA",
            "target": "SWE"
        },
        {
            "Number Citations": 3,
            "source": "PHL",
            "target": "USA"
        },
        {
            "Number Citations": 1,
            "source": "PHL",
            "target": "GBR"
        },
        {
            "Number Citations": 1,
            "source": "PHL",
            "target": "MEX"
        },
        {
            "Number Citations": 10,
            "source": "PAN",
            "target": "USA"
        },
        {
            "Number Citations": 1,
            "source": "PAN",
            "target": "ESP"
        },
        {
            "Number Citations": 2,
            "source": "TUR",
            "target": "USA"
        },
        {
            "Number Citations": 1,
            "source": "TUR",
            "target": "HUN"
        },
        {
            "Number Citations": 6,
            "source": "FIN",
            "target": "USA"
        },
        {
            "Number Citations": 1,
            "source": "FIN",
            "target": "GBR"
        },
        {
            "Number Citations": 1,
            "source": "FIN",
            "target": "AUT"
        },
        {
            "Number Citations": 1,
            "source": "FIN",
            "target": "CAN"
        },
        {
            "Number Citations": 1,
            "source": "FIN",
            "target": "AUS"
        },
        {
            "Number Citations": 3,
            "source": "KEN",
            "target": "USA"
        },
        {
            "Number Citations": 1,
            "source": "ROU",
            "target": "USA"
        },
        {
            "Number Citations": 1,
            "source": "BGR",
            "target": "USA"
        },
        {
            "Number Citations": 2,
            "source": "BGR",
            "target": "GBR"
        },
        {
            "Number Citations": 1,
            "source": "BGR",
            "target": "CAN"
        },
        {
            "Number Citations": 1,
            "source": "BGR",
            "target": "AUS"
        },
        {
            "Number Citations": 5,
            "source": "DOM",
            "target": "USA"
        },
        {
            "Number Citations": 1,
            "source": "DOM",
            "target": "CAN"
        },
        {
            "Number Citations": 6,
            "source": "MCO",
            "target": "USA"
        },
        {
            "Number Citations": 1,
            "source": "ISL",
            "target": "USA"
        },
        {
            "Number Citations": 2,
            "source": "ISL",
            "target": "DEU"
        },
        {
            "Number Citations": 1,
            "source": "ISL",
            "target": "KOR"
        },
        {
            "Number Citations": 5,
            "source": "CHN",
            "target": "USA"
        },
        {
            "Number Citations": 1,
            "source": "CHN",
            "target": "DEU"
        },
        {
            "Number Citations": 4,
            "source": "CUB",
            "target": "USA"
        },
        {
            "Number Citations": 1,
            "source": "CUB",
            "target": "CHE"
        },
        {
            "Number Citations": 4,
            "source": "PRT",
            "target": "USA"
        }
    ]
}