{
    "directed": true,
    "multigraph": false,
    "graph": {
        "year": 1963
    },
    "nodes": [
        {
            "id": "USA"
        },
        {
            "id": "FRA"
        },
        {
            "id": "DEU"
        },
        {
            "id": "GBR"
        },
        {
            "id": "CHE"
        },
        {
            "id": "CAN"
        },
        {
            "id": "ITA"
        },
        {
            "id": "NOR"
        },
        {
            "id": "AUT"
        },
        {
            "id": "BEL"
        },
        {
            "id": "NLD"
        },
        {
            "id": "JPN"
        },
        {
            "id": "SWE"
        },
        {
            "id": "AUS"
        },
        {
            "id": "BRA"
        },
        {
            "id": "GRC"
        },
        {
            "id": "LIE"
        },
        {
            "id": "VEN"
        },
        {
            "id": "ZAF"
        },
        {
            "id": "HKG"
        },
        {
            "id": "POL"
        },
        {
            "id": "ARG"
        },
        {
            "id": "CHL"
        },
        {
            "id": "LUX"
        },
        {
            "id": "MEX"
        },
        {
            "id": "IND"
        },
        {
            "id": "IRL"
        },
        {
            "id": "CHN"
        },
        {
            "id": "CSK"
        },
        {
            "id": "DNK"
        },
        {
            "id": "USSR"
        },
        {
            "id": "ESP"
        },
        {
            "id": "HUN"
        },
        {
            "id": "NZL"
        },
        {
            "id": "SEN"
        },
        {
            "id": "FIN"
        },
        {
            "id": "IRN"
        },
        {
            "id": "MAR"
        },
        {
            "id": "LBN"
        },
        {
            "id": "JAM"
        },
        {
            "id": "TTO"
        },
        {
            "id": "CRI"
        },
        {
            "id": "ISR"
        },
        {
            "id": "DZA"
        },
        {
            "id": "ECU"
        },
        {
            "id": "ZWE"
        },
        {
            "id": "GTM"
        },
        {
            "id": "PHL"
        },
        {
            "id": "LBY"
        },
        {
            "id": "ROU"
        },
        {
            "id": "TUN"
        },
        {
            "id": "YUG"
        },
        {
            "id": "PRT"
        },
        {
            "id": "PAN"
        },
        {
            "id": "CUB"
        },
        {
            "id": "URY"
        },
        {
            "id": "LKA"
        },
        {
            "id": "PAK"
        },
        {
            "id": "BHS"
        },
        {
            "id": "MYS"
        },
        {
            "id": "MCO"
        },
        {
            "id": "TWN"
        },
        {
            "id": "MWI"
        },
        {
            "id": "BGR"
        },
        {
            "id": "SGP"
        },
        {
            "id": "COL"
        },
        {
            "id": "BLZ"
        },
        {
            "id": "EGY"
        },
        {
            "id": "NGA"
        },
        {
            "id": "IDN"
        },
        {
            "id": "SAU"
        },
        {
            "id": "IRQ"
        },
        {
            "id": "BMU"
        },
        {
            "id": "KOR"
        },
        {
            "id": "NIC"
        },
        {
            "id": "MDG"
        },
        {
            "id": "TUR"
        },
        {
            "id": "THA"
        },
        {
            "id": "CIV"
        },
        {
            "id": "PER"
        },
        {
            "id": "KWT"
        },
        {
            "id": "NFK"
        },
        {
            "id": "JOR"
        },
        {
            "id": "BRN"
        },
        {
            "id": "ARE"
        },
        {
            "id": "DOM"
        },
        {
            "id": "RUS"
        },
        {
            "id": "ISL"
        },
        {
            "id": "VCT"
        },
        {
            "id": "VGB"
        },
        {
            "id": "UKR"
        },
        {
            "id": "KAZ"
        },
        {
            "id": "HND"
        },
        {
            "id": "CYM"
        },
        {
            "id": "CZE"
        },
        {
            "id": "BOL"
        },
        {
            "id": "LTU"
        },
        {
            "id": "EST"
        },
        {
            "id": "PRY"
        }
    ],
    "links": [
        {
            "Number Citations": 80910,
            "source": "USA",
            "target": "USA"
        },
        {
            "Number Citations": 2698,
            "source": "USA",
            "target": "CAN"
        },
        {
            "Number Citations": 8413,
            "source": "USA",
            "target": "JPN"
        },
        {
            "Number Citations": 3010,
            "source": "USA",
            "target": "GBR"
        },
        {
            "Number Citations": 264,
            "source": "USA",
            "target": "USSR"
        },
        {
            "Number Citations": 55,
            "source": "USA",
            "target": "BRA"
        },
        {
            "Number Citations": 217,
            "source": "USA",
            "target": "FIN"
        },
        {
            "Number Citations": 53,
            "source": "USA",
            "target": "CSK"
        },
        {
            "Number Citations": 6736,
            "source": "USA",
            "target": "DEU"
        },
        {
            "Number Citations": 2673,
            "source": "USA",
            "target": "FRA"
        },
        {
            "Number Citations": 1244,
            "source": "USA",
            "target": "CHE"
        },
        {
            "Number Citations": 977,
            "source": "USA",
            "target": "ITA"
        },
        {
            "Number Citations": 160,
            "source": "USA",
            "target": "NOR"
        },
        {
            "Number Citations": 305,
            "source": "USA",
            "target": "AUT"
        },
        {
            "Number Citations": 1019,
            "source": "USA",
            "target": "SWE"
        },
        {
            "Number Citations": 554,
            "source": "USA",
            "target": "AUS"
        },
        {
            "Number Citations": 156,
            "source": "USA",
            "target": "ZAF"
        },
        {
            "Number Citations": 260,
            "source": "USA",
            "target": "ISR"
        },
        {
            "Number Citations": 75,
            "source": "USA",
            "target": "HUN"
        },
        {
            "Number Citations": 764,
            "source": "USA",
            "target": "NLD"
        },
        {
            "Number Citations": 71,
            "source": "USA",
            "target": "MEX"
        },
        {
            "Number Citations": 14,
            "source": "USA",
            "target": "POL"
        },
        {
            "Number Citations": 86,
            "source": "USA",
            "target": "HKG"
        },
        {
            "Number Citations": 373,
            "source": "USA",
            "target": "BEL"
        },
        {
            "Number Citations": 3,
            "source": "USA",
            "target": "MCO"
        },
        {
            "Number Citations": 243,
            "source": "USA",
            "target": "DNK"
        },
        {
            "Number Citations": 2,
            "source": "USA",
            "target": "LBN"
        },
        {
            "Number Citations": 120,
            "source": "USA",
            "target": "ESP"
        },
        {
            "Number Citations": 533,
            "source": "USA",
            "target": "TWN"
        },
        {
            "Number Citations": 24,
            "source": "USA",
            "target": "BGR"
        },
        {
            "Number Citations": 6,
            "source": "USA",
            "target": "PHL"
        },
        {
            "Number Citations": 24,
            "source": "USA",
            "target": "IND"
        },
        {
            "Number Citations": 12,
            "source": "USA",
            "target": "SGP"
        },
        {
            "Number Citations": 61,
            "source": "USA",
            "target": "IRL"
        },
        {
            "Number Citations": 70,
            "source": "USA",
            "target": "NZL"
        },
        {
            "Number Citations": 9,
            "source": "USA",
            "target": "ROU"
        },
        {
            "Number Citations": 26,
            "source": "USA",
            "target": "ARG"
        },
        {
            "Number Citations": 4,
            "source": "USA",
            "target": "PAN"
        },
        {
            "Number Citations": 27,
            "source": "USA",
            "target": "LUX"
        },
        {
            "Number Citations": 18,
            "source": "USA",
            "target": "LIE"
        },
        {
            "Number Citations": 8,
            "source": "USA",
            "target": "COL"
        },
        {
            "Number Citations": 10,
            "source": "USA",
            "target": "YUG"
        },
        {
            "Number Citations": 1,
            "source": "USA",
            "target": "BLZ"
        },
        {
            "Number Citations": 4,
            "source": "USA",
            "target": "EGY"
        },
        {
            "Number Citations": 4,
            "source": "USA",
            "target": "NGA"
        },
        {
            "Number Citations": 5,
            "source": "USA",
            "target": "IDN"
        },
        {
            "Number Citations": 8,
            "source": "USA",
            "target": "GRC"
        },
        {
            "Number Citations": 13,
            "source": "USA",
            "target": "SAU"
        },
        {
            "Number Citations": 5,
            "source": "USA",
            "target": "TTO"
        },
        {
            "Number Citations": 1,
            "source": "USA",
            "target": "IRQ"
        },
        {
            "Number Citations": 20,
            "source": "USA",
            "target": "CHN"
        },
        {
            "Number Citations": 6,
            "source": "USA",
            "target": "MYS"
        },
        {
            "Number Citations": 164,
            "source": "USA",
            "target": "KOR"
        },
        {
            "Number Citations": 1,
            "source": "USA",
            "target": "NIC"
        },
        {
            "Number Citations": 22,
            "source": "USA",
            "target": "BHS"
        },
        {
            "Number Citations": 1,
            "source": "USA",
            "target": "MDG"
        },
        {
            "Number Citations": 4,
            "source": "USA",
            "target": "PRT"
        },
        {
            "Number Citations": 1,
            "source": "USA",
            "target": "TUR"
        },
        {
            "Number Citations": 2,
            "source": "USA",
            "target": "TUN"
        },
        {
            "Number Citations": 8,
            "source": "USA",
            "target": "THA"
        },
        {
            "Number Citations": 26,
            "source": "USA",
            "target": "VEN"
        },
        {
            "Number Citations": 9,
            "source": "USA",
            "target": "CHL"
        },
        {
            "Number Citations": 4,
            "source": "USA",
            "target": "PER"
        },
        {
            "Number Citations": 2,
            "source": "USA",
            "target": "JAM"
        },
        {
            "Number Citations": 1,
            "source": "USA",
            "target": "MAR"
        },
        {
            "Number Citations": 2,
            "source": "USA",
            "target": "GTM"
        },
        {
            "Number Citations": 2,
            "source": "USA",
            "target": "KWT"
        },
        {
            "Number Citations": 1,
            "source": "USA",
            "target": "NFK"
        },
        {
            "Number Citations": 2,
            "source": "USA",
            "target": "JOR"
        },
        {
            "Number Citations": 2,
            "source": "USA",
            "target": "BRN"
        },
        {
            "Number Citations": 1,
            "source": "USA",
            "target": "CUB"
        },
        {
            "Number Citations": 1,
            "source": "USA",
            "target": "LKA"
        },
        {
            "Number Citations": 1,
            "source": "USA",
            "target": "ARE"
        },
        {
            "Number Citations": 1,
            "source": "USA",
            "target": "IRN"
        },
        {
            "Number Citations": 1,
            "source": "USA",
            "target": "DOM"
        },
        {
            "Number Citations": 33,
            "source": "USA",
            "target": "RUS"
        },
        {
            "Number Citations": 2,
            "source": "USA",
            "target": "ISL"
        },
        {
            "Number Citations": 1,
            "source": "USA",
            "target": "VCT"
        },
        {
            "Number Citations": 3,
            "source": "USA",
            "target": "VGB"
        },
        {
            "Number Citations": 1,
            "source": "USA",
            "target": "UKR"
        },
        {
            "Number Citations": 1,
            "source": "USA",
            "target": "KAZ"
        },
        {
            "Number Citations": 2,
            "source": "USA",
            "target": "HND"
        },
        {
            "Number Citations": 1,
            "source": "USA",
            "target": "CYM"
        },
        {
            "Number Citations": 2,
            "source": "USA",
            "target": "CRI"
        },
        {
            "Number Citations": 1,
            "source": "USA",
            "target": "URY"
        },
        {
            "Number Citations": 1,
            "source": "USA",
            "target": "CZE"
        },
        {
            "Number Citations": 2,
            "source": "USA",
            "target": "BOL"
        },
        {
            "Number Citations": 1,
            "source": "USA",
            "target": "LTU"
        },
        {
            "Number Citations": 1,
            "source": "USA",
            "target": "EST"
        },
        {
            "Number Citations": 1,
            "source": "USA",
            "target": "PRY"
        },
        {
            "Number Citations": 1170,
            "source": "FRA",
            "target": "USA"
        },
        {
            "Number Citations": 51,
            "source": "FRA",
            "target": "CAN"
        },
        {
            "Number Citations": 249,
            "source": "FRA",
            "target": "JPN"
        },
        {
            "Number Citations": 50,
            "source": "FRA",
            "target": "GBR"
        },
        {
            "Number Citations": 11,
            "source": "FRA",
            "target": "USSR"
        },
        {
            "Number Citations": 5,
            "source": "FRA",
            "target": "FIN"
        },
        {
            "Number Citations": 2,
            "source": "FRA",
            "target": "CSK"
        },
        {
            "Number Citations": 168,
            "source": "FRA",
            "target": "DEU"
        },
        {
            "Number Citations": 120,
            "source": "FRA",
            "target": "FRA"
        },
        {
            "Number Citations": 22,
            "source": "FRA",
            "target": "CHE"
        },
        {
            "Number Citations": 18,
            "source": "FRA",
            "target": "ITA"
        },
        {
            "Number Citations": 7,
            "source": "FRA",
            "target": "NOR"
        },
        {
            "Number Citations": 11,
            "source": "FRA",
            "target": "AUT"
        },
        {
            "Number Citations": 25,
            "source": "FRA",
            "target": "SWE"
        },
        {
            "Number Citations": 7,
            "source": "FRA",
            "target": "AUS"
        },
        {
            "Number Citations": 2,
            "source": "FRA",
            "target": "ZAF"
        },
        {
            "Number Citations": 6,
            "source": "FRA",
            "target": "ISR"
        },
        {
            "Number Citations": 4,
            "source": "FRA",
            "target": "HUN"
        },
        {
            "Number Citations": 20,
            "source": "FRA",
            "target": "NLD"
        },
        {
            "Number Citations": 1,
            "source": "FRA",
            "target": "MEX"
        },
        {
            "Number Citations": 2,
            "source": "FRA",
            "target": "BEL"
        },
        {
            "Number Citations": 6,
            "source": "FRA",
            "target": "DNK"
        },
        {
            "Number Citations": 5,
            "source": "FRA",
            "target": "ESP"
        },
        {
            "Number Citations": 4,
            "source": "FRA",
            "target": "TWN"
        },
        {
            "Number Citations": 2,
            "source": "FRA",
            "target": "IRL"
        },
        {
            "Number Citations": 2,
            "source": "FRA",
            "target": "NZL"
        },
        {
            "Number Citations": 1,
            "source": "FRA",
            "target": "ROU"
        },
        {
            "Number Citations": 3,
            "source": "FRA",
            "target": "YUG"
        },
        {
            "Number Citations": 4,
            "source": "FRA",
            "target": "BMU"
        },
        {
            "Number Citations": 1,
            "source": "FRA",
            "target": "KOR"
        },
        {
            "Number Citations": 1,
            "source": "FRA",
            "target": "PER"
        },
        {
            "Number Citations": 3039,
            "source": "DEU",
            "target": "USA"
        },
        {
            "Number Citations": 92,
            "source": "DEU",
            "target": "CAN"
        },
        {
            "Number Citations": 734,
            "source": "DEU",
            "target": "JPN"
        },
        {
            "Number Citations": 143,
            "source": "DEU",
            "target": "GBR"
        },
        {
            "Number Citations": 21,
            "source": "DEU",
            "target": "USSR"
        },
        {
            "Number Citations": 2,
            "source": "DEU",
            "target": "BRA"
        },
        {
            "Number Citations": 18,
            "source": "DEU",
            "target": "FIN"
        },
        {
            "Number Citations": 4,
            "source": "DEU",
            "target": "CSK"
        },
        {
            "Number Citations": 863,
            "source": "DEU",
            "target": "DEU"
        },
        {
            "Number Citations": 170,
            "source": "DEU",
            "target": "FRA"
        },
        {
            "Number Citations": 138,
            "source": "DEU",
            "target": "CHE"
        },
        {
            "Number Citations": 95,
            "source": "DEU",
            "target": "ITA"
        },
        {
            "Number Citations": 8,
            "source": "DEU",
            "target": "NOR"
        },
        {
            "Number Citations": 30,
            "source": "DEU",
            "target": "AUT"
        },
        {
            "Number Citations": 70,
            "source": "DEU",
            "target": "SWE"
        },
        {
            "Number Citations": 23,
            "source": "DEU",
            "target": "AUS"
        },
        {
            "Number Citations": 11,
            "source": "DEU",
            "target": "ZAF"
        },
        {
            "Number Citations": 9,
            "source": "DEU",
            "target": "ISR"
        },
        {
            "Number Citations": 4,
            "source": "DEU",
            "target": "HUN"
        },
        {
            "Number Citations": 40,
            "source": "DEU",
            "target": "NLD"
        },
        {
            "Number Citations": 2,
            "source": "DEU",
            "target": "POL"
        },
        {
            "Number Citations": 2,
            "source": "DEU",
            "target": "HKG"
        },
        {
            "Number Citations": 18,
            "source": "DEU",
            "target": "BEL"
        },
        {
            "Number Citations": 15,
            "source": "DEU",
            "target": "DNK"
        },
        {
            "Number Citations": 10,
            "source": "DEU",
            "target": "ESP"
        },
        {
            "Number Citations": 17,
            "source": "DEU",
            "target": "TWN"
        },
        {
            "Number Citations": 1,
            "source": "DEU",
            "target": "MWI"
        },
        {
            "Number Citations": 3,
            "source": "DEU",
            "target": "BGR"
        },
        {
            "Number Citations": 6,
            "source": "DEU",
            "target": "IND"
        },
        {
            "Number Citations": 1,
            "source": "DEU",
            "target": "SGP"
        },
        {
            "Number Citations": 4,
            "source": "DEU",
            "target": "IRL"
        },
        {
            "Number Citations": 1,
            "source": "DEU",
            "target": "NZL"
        },
        {
            "Number Citations": 1,
            "source": "DEU",
            "target": "ARG"
        },
        {
            "Number Citations": 3,
            "source": "DEU",
            "target": "LUX"
        },
        {
            "Number Citations": 5,
            "source": "DEU",
            "target": "LIE"
        },
        {
            "Number Citations": 3,
            "source": "DEU",
            "target": "GRC"
        },
        {
            "Number Citations": 6,
            "source": "DEU",
            "target": "KOR"
        },
        {
            "Number Citations": 2,
            "source": "DEU",
            "target": "VEN"
        },
        {
            "Number Citations": 1,
            "source": "DEU",
            "target": "IRN"
        },
        {
            "Number Citations": 1,
            "source": "DEU",
            "target": "RUS"
        },
        {
            "Number Citations": 2455,
            "source": "GBR",
            "target": "USA"
        },
        {
            "Number Citations": 62,
            "source": "GBR",
            "target": "CAN"
        },
        {
            "Number Citations": 346,
            "source": "GBR",
            "target": "JPN"
        },
        {
            "Number Citations": 201,
            "source": "GBR",
            "target": "GBR"
        },
        {
            "Number Citations": 17,
            "source": "GBR",
            "target": "USSR"
        },
        {
            "Number Citations": 2,
            "source": "GBR",
            "target": "BRA"
        },
        {
            "Number Citations": 12,
            "source": "GBR",
            "target": "FIN"
        },
        {
            "Number Citations": 3,
            "source": "GBR",
            "target": "CSK"
        },
        {
            "Number Citations": 387,
            "source": "GBR",
            "target": "DEU"
        },
        {
            "Number Citations": 145,
            "source": "GBR",
            "target": "FRA"
        },
        {
            "Number Citations": 78,
            "source": "GBR",
            "target": "CHE"
        },
        {
            "Number Citations": 41,
            "source": "GBR",
            "target": "ITA"
        },
        {
            "Number Citations": 6,
            "source": "GBR",
            "target": "NOR"
        },
        {
            "Number Citations": 10,
            "source": "GBR",
            "target": "AUT"
        },
        {
            "Number Citations": 46,
            "source": "GBR",
            "target": "SWE"
        },
        {
            "Number Citations": 19,
            "source": "GBR",
            "target": "AUS"
        },
        {
            "Number Citations": 3,
            "source": "GBR",
            "target": "ZAF"
        },
        {
            "Number Citations": 9,
            "source": "GBR",
            "target": "ISR"
        },
        {
            "Number Citations": 4,
            "source": "GBR",
            "target": "HUN"
        },
        {
            "Number Citations": 44,
            "source": "GBR",
            "target": "NLD"
        },
        {
            "Number Citations": 3,
            "source": "GBR",
            "target": "MEX"
        },
        {
            "Number Citations": 3,
            "source": "GBR",
            "target": "POL"
        },
        {
            "Number Citations": 22,
            "source": "GBR",
            "target": "BEL"
        },
        {
            "Number Citations": 1,
            "source": "GBR",
            "target": "MCO"
        },
        {
            "Number Citations": 6,
            "source": "GBR",
            "target": "DNK"
        },
        {
            "Number Citations": 3,
            "source": "GBR",
            "target": "ESP"
        },
        {
            "Number Citations": 16,
            "source": "GBR",
            "target": "TWN"
        },
        {
            "Number Citations": 1,
            "source": "GBR",
            "target": "BGR"
        },
        {
            "Number Citations": 1,
            "source": "GBR",
            "target": "IRL"
        },
        {
            "Number Citations": 2,
            "source": "GBR",
            "target": "NZL"
        },
        {
            "Number Citations": 1,
            "source": "GBR",
            "target": "ARG"
        },
        {
            "Number Citations": 3,
            "source": "GBR",
            "target": "LIE"
        },
        {
            "Number Citations": 1,
            "source": "GBR",
            "target": "COL"
        },
        {
            "Number Citations": 2,
            "source": "GBR",
            "target": "CHN"
        },
        {
            "Number Citations": 7,
            "source": "GBR",
            "target": "KOR"
        },
        {
            "Number Citations": 4,
            "source": "GBR",
            "target": "BHS"
        },
        {
            "Number Citations": 1,
            "source": "GBR",
            "target": "CHL"
        },
        {
            "Number Citations": 693,
            "source": "CHE",
            "target": "USA"
        },
        {
            "Number Citations": 25,
            "source": "CHE",
            "target": "CAN"
        },
        {
            "Number Citations": 134,
            "source": "CHE",
            "target": "JPN"
        },
        {
            "Number Citations": 39,
            "source": "CHE",
            "target": "GBR"
        },
        {
            "Number Citations": 4,
            "source": "CHE",
            "target": "USSR"
        },
        {
            "Number Citations": 17,
            "source": "CHE",
            "target": "FIN"
        },
        {
            "Number Citations": 3,
            "source": "CHE",
            "target": "CSK"
        },
        {
            "Number Citations": 181,
            "source": "CHE",
            "target": "DEU"
        },
        {
            "Number Citations": 51,
            "source": "CHE",
            "target": "FRA"
        },
        {
            "Number Citations": 141,
            "source": "CHE",
            "target": "CHE"
        },
        {
            "Number Citations": 24,
            "source": "CHE",
            "target": "ITA"
        },
        {
            "Number Citations": 7,
            "source": "CHE",
            "target": "NOR"
        },
        {
            "Number Citations": 7,
            "source": "CHE",
            "target": "AUT"
        },
        {
            "Number Citations": 12,
            "source": "CHE",
            "target": "SWE"
        },
        {
            "Number Citations": 4,
            "source": "CHE",
            "target": "AUS"
        },
        {
            "Number Citations": 3,
            "source": "CHE",
            "target": "HUN"
        },
        {
            "Number Citations": 9,
            "source": "CHE",
            "target": "NLD"
        },
        {
            "Number Citations": 1,
            "source": "CHE",
            "target": "POL"
        },
        {
            "Number Citations": 1,
            "source": "CHE",
            "target": "BEL"
        },
        {
            "Number Citations": 4,
            "source": "CHE",
            "target": "DNK"
        },
        {
            "Number Citations": 2,
            "source": "CHE",
            "target": "ESP"
        },
        {
            "Number Citations": 4,
            "source": "CHE",
            "target": "TWN"
        },
        {
            "Number Citations": 1,
            "source": "CHE",
            "target": "ARG"
        },
        {
            "Number Citations": 1,
            "source": "CHE",
            "target": "EGY"
        },
        {
            "Number Citations": 5,
            "source": "CHE",
            "target": "KOR"
        },
        {
            "Number Citations": 1,
            "source": "CHE",
            "target": "THA"
        },
        {
            "Number Citations": 1215,
            "source": "CAN",
            "target": "USA"
        },
        {
            "Number Citations": 108,
            "source": "CAN",
            "target": "CAN"
        },
        {
            "Number Citations": 80,
            "source": "CAN",
            "target": "JPN"
        },
        {
            "Number Citations": 45,
            "source": "CAN",
            "target": "GBR"
        },
        {
            "Number Citations": 4,
            "source": "CAN",
            "target": "USSR"
        },
        {
            "Number Citations": 12,
            "source": "CAN",
            "target": "FIN"
        },
        {
            "Number Citations": 1,
            "source": "CAN",
            "target": "CSK"
        },
        {
            "Number Citations": 74,
            "source": "CAN",
            "target": "DEU"
        },
        {
            "Number Citations": 35,
            "source": "CAN",
            "target": "FRA"
        },
        {
            "Number Citations": 13,
            "source": "CAN",
            "target": "CHE"
        },
        {
            "Number Citations": 11,
            "source": "CAN",
            "target": "ITA"
        },
        {
            "Number Citations": 7,
            "source": "CAN",
            "target": "NOR"
        },
        {
            "Number Citations": 5,
            "source": "CAN",
            "target": "AUT"
        },
        {
            "Number Citations": 28,
            "source": "CAN",
            "target": "SWE"
        },
        {
            "Number Citations": 11,
            "source": "CAN",
            "target": "AUS"
        },
        {
            "Number Citations": 9,
            "source": "CAN",
            "target": "ZAF"
        },
        {
            "Number Citations": 1,
            "source": "CAN",
            "target": "ISR"
        },
        {
            "Number Citations": 5,
            "source": "CAN",
            "target": "HUN"
        },
        {
            "Number Citations": 9,
            "source": "CAN",
            "target": "NLD"
        },
        {
            "Number Citations": 3,
            "source": "CAN",
            "target": "MEX"
        },
        {
            "Number Citations": 1,
            "source": "CAN",
            "target": "POL"
        },
        {
            "Number Citations": 2,
            "source": "CAN",
            "target": "BEL"
        },
        {
            "Number Citations": 3,
            "source": "CAN",
            "target": "DNK"
        },
        {
            "Number Citations": 3,
            "source": "CAN",
            "target": "ESP"
        },
        {
            "Number Citations": 6,
            "source": "CAN",
            "target": "TWN"
        },
        {
            "Number Citations": 1,
            "source": "CAN",
            "target": "BGR"
        },
        {
            "Number Citations": 1,
            "source": "CAN",
            "target": "IRL"
        },
        {
            "Number Citations": 2,
            "source": "CAN",
            "target": "NZL"
        },
        {
            "Number Citations": 1,
            "source": "CAN",
            "target": "ROU"
        },
        {
            "Number Citations": 1,
            "source": "CAN",
            "target": "ARG"
        },
        {
            "Number Citations": 1,
            "source": "CAN",
            "target": "CHN"
        },
        {
            "Number Citations": 1,
            "source": "CAN",
            "target": "VEN"
        },
        {
            "Number Citations": 1,
            "source": "CAN",
            "target": "CHL"
        },
        {
            "Number Citations": 417,
            "source": "ITA",
            "target": "USA"
        },
        {
            "Number Citations": 18,
            "source": "ITA",
            "target": "CAN"
        },
        {
            "Number Citations": 67,
            "source": "ITA",
            "target": "JPN"
        },
        {
            "Number Citations": 26,
            "source": "ITA",
            "target": "GBR"
        },
        {
            "Number Citations": 2,
            "source": "ITA",
            "target": "USSR"
        },
        {
            "Number Citations": 2,
            "source": "ITA",
            "target": "FIN"
        },
        {
            "Number Citations": 3,
            "source": "ITA",
            "target": "CSK"
        },
        {
            "Number Citations": 72,
            "source": "ITA",
            "target": "DEU"
        },
        {
            "Number Citations": 41,
            "source": "ITA",
            "target": "FRA"
        },
        {
            "Number Citations": 14,
            "source": "ITA",
            "target": "CHE"
        },
        {
            "Number Citations": 23,
            "source": "ITA",
            "target": "ITA"
        },
        {
            "Number Citations": 1,
            "source": "ITA",
            "target": "NOR"
        },
        {
            "Number Citations": 4,
            "source": "ITA",
            "target": "AUT"
        },
        {
            "Number Citations": 10,
            "source": "ITA",
            "target": "SWE"
        },
        {
            "Number Citations": 1,
            "source": "ITA",
            "target": "AUS"
        },
        {
            "Number Citations": 1,
            "source": "ITA",
            "target": "ISR"
        },
        {
            "Number Citations": 5,
            "source": "ITA",
            "target": "NLD"
        },
        {
            "Number Citations": 1,
            "source": "ITA",
            "target": "MEX"
        },
        {
            "Number Citations": 3,
            "source": "ITA",
            "target": "BEL"
        },
        {
            "Number Citations": 1,
            "source": "ITA",
            "target": "MCO"
        },
        {
            "Number Citations": 6,
            "source": "ITA",
            "target": "DNK"
        },
        {
            "Number Citations": 1,
            "source": "ITA",
            "target": "ESP"
        },
        {
            "Number Citations": 13,
            "source": "ITA",
            "target": "TWN"
        },
        {
            "Number Citations": 1,
            "source": "ITA",
            "target": "NZL"
        },
        {
            "Number Citations": 1,
            "source": "ITA",
            "target": "ARG"
        },
        {
            "Number Citations": 1,
            "source": "ITA",
            "target": "LUX"
        },
        {
            "Number Citations": 1,
            "source": "ITA",
            "target": "COL"
        },
        {
            "Number Citations": 1,
            "source": "ITA",
            "target": "CHN"
        },
        {
            "Number Citations": 41,
            "source": "NOR",
            "target": "USA"
        },
        {
            "Number Citations": 2,
            "source": "NOR",
            "target": "CAN"
        },
        {
            "Number Citations": 3,
            "source": "NOR",
            "target": "JPN"
        },
        {
            "Number Citations": 2,
            "source": "NOR",
            "target": "GBR"
        },
        {
            "Number Citations": 2,
            "source": "NOR",
            "target": "DEU"
        },
        {
            "Number Citations": 4,
            "source": "NOR",
            "target": "FRA"
        },
        {
            "Number Citations": 1,
            "source": "NOR",
            "target": "CHE"
        },
        {
            "Number Citations": 3,
            "source": "NOR",
            "target": "ITA"
        },
        {
            "Number Citations": 1,
            "source": "NOR",
            "target": "NOR"
        },
        {
            "Number Citations": 3,
            "source": "NOR",
            "target": "AUT"
        },
        {
            "Number Citations": 1,
            "source": "NOR",
            "target": "ISR"
        },
        {
            "Number Citations": 1,
            "source": "NOR",
            "target": "MEX"
        },
        {
            "Number Citations": 1,
            "source": "NOR",
            "target": "DNK"
        },
        {
            "Number Citations": 1,
            "source": "NOR",
            "target": "IRL"
        },
        {
            "Number Citations": 1,
            "source": "NOR",
            "target": "BHS"
        },
        {
            "Number Citations": 1,
            "source": "NOR",
            "target": "CHL"
        },
        {
            "Number Citations": 172,
            "source": "AUT",
            "target": "USA"
        },
        {
            "Number Citations": 6,
            "source": "AUT",
            "target": "CAN"
        },
        {
            "Number Citations": 31,
            "source": "AUT",
            "target": "JPN"
        },
        {
            "Number Citations": 8,
            "source": "AUT",
            "target": "GBR"
        },
        {
            "Number Citations": 1,
            "source": "AUT",
            "target": "USSR"
        },
        {
            "Number Citations": 1,
            "source": "AUT",
            "target": "BRA"
        },
        {
            "Number Citations": 2,
            "source": "AUT",
            "target": "FIN"
        },
        {
            "Number Citations": 20,
            "source": "AUT",
            "target": "DEU"
        },
        {
            "Number Citations": 11,
            "source": "AUT",
            "target": "FRA"
        },
        {
            "Number Citations": 2,
            "source": "AUT",
            "target": "CHE"
        },
        {
            "Number Citations": 2,
            "source": "AUT",
            "target": "ITA"
        },
        {
            "Number Citations": 1,
            "source": "AUT",
            "target": "NOR"
        },
        {
            "Number Citations": 6,
            "source": "AUT",
            "target": "AUT"
        },
        {
            "Number Citations": 4,
            "source": "AUT",
            "target": "SWE"
        },
        {
            "Number Citations": 1,
            "source": "AUT",
            "target": "AUS"
        },
        {
            "Number Citations": 2,
            "source": "AUT",
            "target": "HUN"
        },
        {
            "Number Citations": 2,
            "source": "AUT",
            "target": "NLD"
        },
        {
            "Number Citations": 2,
            "source": "AUT",
            "target": "BEL"
        },
        {
            "Number Citations": 2,
            "source": "AUT",
            "target": "DNK"
        },
        {
            "Number Citations": 1,
            "source": "AUT",
            "target": "TWN"
        },
        {
            "Number Citations": 84,
            "source": "BEL",
            "target": "USA"
        },
        {
            "Number Citations": 3,
            "source": "BEL",
            "target": "CAN"
        },
        {
            "Number Citations": 26,
            "source": "BEL",
            "target": "JPN"
        },
        {
            "Number Citations": 7,
            "source": "BEL",
            "target": "GBR"
        },
        {
            "Number Citations": 1,
            "source": "BEL",
            "target": "CSK"
        },
        {
            "Number Citations": 16,
            "source": "BEL",
            "target": "DEU"
        },
        {
            "Number Citations": 7,
            "source": "BEL",
            "target": "FRA"
        },
        {
            "Number Citations": 3,
            "source": "BEL",
            "target": "CHE"
        },
        {
            "Number Citations": 6,
            "source": "BEL",
            "target": "ITA"
        },
        {
            "Number Citations": 1,
            "source": "BEL",
            "target": "AUT"
        },
        {
            "Number Citations": 1,
            "source": "BEL",
            "target": "SWE"
        },
        {
            "Number Citations": 1,
            "source": "BEL",
            "target": "AUS"
        },
        {
            "Number Citations": 1,
            "source": "BEL",
            "target": "NLD"
        },
        {
            "Number Citations": 10,
            "source": "BEL",
            "target": "BEL"
        },
        {
            "Number Citations": 1,
            "source": "BEL",
            "target": "ESP"
        },
        {
            "Number Citations": 2,
            "source": "BEL",
            "target": "TWN"
        },
        {
            "Number Citations": 414,
            "source": "NLD",
            "target": "USA"
        },
        {
            "Number Citations": 13,
            "source": "NLD",
            "target": "CAN"
        },
        {
            "Number Citations": 74,
            "source": "NLD",
            "target": "JPN"
        },
        {
            "Number Citations": 22,
            "source": "NLD",
            "target": "GBR"
        },
        {
            "Number Citations": 1,
            "source": "NLD",
            "target": "FIN"
        },
        {
            "Number Citations": 47,
            "source": "NLD",
            "target": "DEU"
        },
        {
            "Number Citations": 22,
            "source": "NLD",
            "target": "FRA"
        },
        {
            "Number Citations": 13,
            "source": "NLD",
            "target": "CHE"
        },
        {
            "Number Citations": 8,
            "source": "NLD",
            "target": "ITA"
        },
        {
            "Number Citations": 6,
            "source": "NLD",
            "target": "SWE"
        },
        {
            "Number Citations": 2,
            "source": "NLD",
            "target": "AUS"
        },
        {
            "Number Citations": 2,
            "source": "NLD",
            "target": "ZAF"
        },
        {
            "Number Citations": 2,
            "source": "NLD",
            "target": "ISR"
        },
        {
            "Number Citations": 1,
            "source": "NLD",
            "target": "HUN"
        },
        {
            "Number Citations": 21,
            "source": "NLD",
            "target": "NLD"
        },
        {
            "Number Citations": 7,
            "source": "NLD",
            "target": "BEL"
        },
        {
            "Number Citations": 1,
            "source": "NLD",
            "target": "ESP"
        },
        {
            "Number Citations": 1,
            "source": "NLD",
            "target": "TWN"
        },
        {
            "Number Citations": 1,
            "source": "NLD",
            "target": "CHN"
        },
        {
            "Number Citations": 1,
            "source": "NLD",
            "target": "CIV"
        },
        {
            "Number Citations": 1,
            "source": "NLD",
            "target": "RUS"
        },
        {
            "Number Citations": 492,
            "source": "JPN",
            "target": "USA"
        },
        {
            "Number Citations": 18,
            "source": "JPN",
            "target": "CAN"
        },
        {
            "Number Citations": 195,
            "source": "JPN",
            "target": "JPN"
        },
        {
            "Number Citations": 20,
            "source": "JPN",
            "target": "GBR"
        },
        {
            "Number Citations": 1,
            "source": "JPN",
            "target": "FIN"
        },
        {
            "Number Citations": 3,
            "source": "JPN",
            "target": "CSK"
        },
        {
            "Number Citations": 62,
            "source": "JPN",
            "target": "DEU"
        },
        {
            "Number Citations": 14,
            "source": "JPN",
            "target": "FRA"
        },
        {
            "Number Citations": 18,
            "source": "JPN",
            "target": "CHE"
        },
        {
            "Number Citations": 14,
            "source": "JPN",
            "target": "ITA"
        },
        {
            "Number Citations": 1,
            "source": "JPN",
            "target": "NOR"
        },
        {
            "Number Citations": 2,
            "source": "JPN",
            "target": "AUT"
        },
        {
            "Number Citations": 8,
            "source": "JPN",
            "target": "SWE"
        },
        {
            "Number Citations": 3,
            "source": "JPN",
            "target": "AUS"
        },
        {
            "Number Citations": 2,
            "source": "JPN",
            "target": "ISR"
        },
        {
            "Number Citations": 1,
            "source": "JPN",
            "target": "HUN"
        },
        {
            "Number Citations": 7,
            "source": "JPN",
            "target": "NLD"
        },
        {
            "Number Citations": 1,
            "source": "JPN",
            "target": "MEX"
        },
        {
            "Number Citations": 1,
            "source": "JPN",
            "target": "BEL"
        },
        {
            "Number Citations": 2,
            "source": "JPN",
            "target": "DNK"
        },
        {
            "Number Citations": 2,
            "source": "JPN",
            "target": "ESP"
        },
        {
            "Number Citations": 8,
            "source": "JPN",
            "target": "TWN"
        },
        {
            "Number Citations": 1,
            "source": "JPN",
            "target": "BGR"
        },
        {
            "Number Citations": 2,
            "source": "JPN",
            "target": "CHN"
        },
        {
            "Number Citations": 3,
            "source": "JPN",
            "target": "KOR"
        },
        {
            "Number Citations": 1,
            "source": "JPN",
            "target": "THA"
        },
        {
            "Number Citations": 515,
            "source": "SWE",
            "target": "USA"
        },
        {
            "Number Citations": 32,
            "source": "SWE",
            "target": "CAN"
        },
        {
            "Number Citations": 75,
            "source": "SWE",
            "target": "JPN"
        },
        {
            "Number Citations": 32,
            "source": "SWE",
            "target": "GBR"
        },
        {
            "Number Citations": 4,
            "source": "SWE",
            "target": "USSR"
        },
        {
            "Number Citations": 4,
            "source": "SWE",
            "target": "FIN"
        },
        {
            "Number Citations": 76,
            "source": "SWE",
            "target": "DEU"
        },
        {
            "Number Citations": 38,
            "source": "SWE",
            "target": "FRA"
        },
        {
            "Number Citations": 19,
            "source": "SWE",
            "target": "CHE"
        },
        {
            "Number Citations": 11,
            "source": "SWE",
            "target": "ITA"
        },
        {
            "Number Citations": 5,
            "source": "SWE",
            "target": "NOR"
        },
        {
            "Number Citations": 10,
            "source": "SWE",
            "target": "AUT"
        },
        {
            "Number Citations": 69,
            "source": "SWE",
            "target": "SWE"
        },
        {
            "Number Citations": 7,
            "source": "SWE",
            "target": "AUS"
        },
        {
            "Number Citations": 4,
            "source": "SWE",
            "target": "ZAF"
        },
        {
            "Number Citations": 2,
            "source": "SWE",
            "target": "ISR"
        },
        {
            "Number Citations": 12,
            "source": "SWE",
            "target": "NLD"
        },
        {
            "Number Citations": 1,
            "source": "SWE",
            "target": "MEX"
        },
        {
            "Number Citations": 1,
            "source": "SWE",
            "target": "POL"
        },
        {
            "Number Citations": 4,
            "source": "SWE",
            "target": "BEL"
        },
        {
            "Number Citations": 3,
            "source": "SWE",
            "target": "DNK"
        },
        {
            "Number Citations": 1,
            "source": "SWE",
            "target": "ESP"
        },
        {
            "Number Citations": 8,
            "source": "SWE",
            "target": "TWN"
        },
        {
            "Number Citations": 1,
            "source": "SWE",
            "target": "NZL"
        },
        {
            "Number Citations": 1,
            "source": "SWE",
            "target": "YUG"
        },
        {
            "Number Citations": 3,
            "source": "SWE",
            "target": "KOR"
        },
        {
            "Number Citations": 2,
            "source": "SWE",
            "target": "CHL"
        },
        {
            "Number Citations": 1,
            "source": "SWE",
            "target": "RUS"
        },
        {
            "Number Citations": 111,
            "source": "AUS",
            "target": "USA"
        },
        {
            "Number Citations": 11,
            "source": "AUS",
            "target": "CAN"
        },
        {
            "Number Citations": 18,
            "source": "AUS",
            "target": "JPN"
        },
        {
            "Number Citations": 5,
            "source": "AUS",
            "target": "GBR"
        },
        {
            "Number Citations": 8,
            "source": "AUS",
            "target": "DEU"
        },
        {
            "Number Citations": 6,
            "source": "AUS",
            "target": "FRA"
        },
        {
            "Number Citations": 4,
            "source": "AUS",
            "target": "CHE"
        },
        {
            "Number Citations": 1,
            "source": "AUS",
            "target": "ITA"
        },
        {
            "Number Citations": 1,
            "source": "AUS",
            "target": "AUT"
        },
        {
            "Number Citations": 5,
            "source": "AUS",
            "target": "SWE"
        },
        {
            "Number Citations": 6,
            "source": "AUS",
            "target": "AUS"
        },
        {
            "Number Citations": 1,
            "source": "AUS",
            "target": "ISR"
        },
        {
            "Number Citations": 1,
            "source": "AUS",
            "target": "MEX"
        },
        {
            "Number Citations": 3,
            "source": "AUS",
            "target": "BEL"
        },
        {
            "Number Citations": 1,
            "source": "AUS",
            "target": "ESP"
        },
        {
            "Number Citations": 1,
            "source": "AUS",
            "target": "TWN"
        },
        {
            "Number Citations": 1,
            "source": "AUS",
            "target": "IND"
        },
        {
            "Number Citations": 1,
            "source": "AUS",
            "target": "ARG"
        },
        {
            "Number Citations": 1,
            "source": "AUS",
            "target": "LIE"
        },
        {
            "Number Citations": 24,
            "source": "BRA",
            "target": "USA"
        },
        {
            "Number Citations": 1,
            "source": "BRA",
            "target": "CAN"
        },
        {
            "Number Citations": 1,
            "source": "BRA",
            "target": "JPN"
        },
        {
            "Number Citations": 1,
            "source": "BRA",
            "target": "GBR"
        },
        {
            "Number Citations": 2,
            "source": "BRA",
            "target": "DEU"
        },
        {
            "Number Citations": 4,
            "source": "BRA",
            "target": "FRA"
        },
        {
            "Number Citations": 1,
            "source": "BRA",
            "target": "CHE"
        },
        {
            "Number Citations": 2,
            "source": "BRA",
            "target": "NLD"
        },
        {
            "Number Citations": 13,
            "source": "GRC",
            "target": "USA"
        },
        {
            "Number Citations": 1,
            "source": "GRC",
            "target": "CAN"
        },
        {
            "Number Citations": 2,
            "source": "GRC",
            "target": "JPN"
        },
        {
            "Number Citations": 1,
            "source": "GRC",
            "target": "GBR"
        },
        {
            "Number Citations": 1,
            "source": "GRC",
            "target": "USSR"
        },
        {
            "Number Citations": 1,
            "source": "GRC",
            "target": "DEU"
        },
        {
            "Number Citations": 1,
            "source": "GRC",
            "target": "SWE"
        },
        {
            "Number Citations": 8,
            "source": "LIE",
            "target": "USA"
        },
        {
            "Number Citations": 1,
            "source": "LIE",
            "target": "CAN"
        },
        {
            "Number Citations": 3,
            "source": "LIE",
            "target": "JPN"
        },
        {
            "Number Citations": 5,
            "source": "LIE",
            "target": "CHE"
        },
        {
            "Number Citations": 18,
            "source": "VEN",
            "target": "USA"
        },
        {
            "Number Citations": 1,
            "source": "VEN",
            "target": "JPN"
        },
        {
            "Number Citations": 1,
            "source": "VEN",
            "target": "GBR"
        },
        {
            "Number Citations": 1,
            "source": "VEN",
            "target": "DEU"
        },
        {
            "Number Citations": 1,
            "source": "VEN",
            "target": "FRA"
        },
        {
            "Number Citations": 2,
            "source": "VEN",
            "target": "NLD"
        },
        {
            "Number Citations": 1,
            "source": "VEN",
            "target": "SGP"
        },
        {
            "Number Citations": 30,
            "source": "ZAF",
            "target": "USA"
        },
        {
            "Number Citations": 2,
            "source": "ZAF",
            "target": "CAN"
        },
        {
            "Number Citations": 2,
            "source": "ZAF",
            "target": "JPN"
        },
        {
            "Number Citations": 1,
            "source": "ZAF",
            "target": "USSR"
        },
        {
            "Number Citations": 3,
            "source": "ZAF",
            "target": "FIN"
        },
        {
            "Number Citations": 7,
            "source": "ZAF",
            "target": "DEU"
        },
        {
            "Number Citations": 2,
            "source": "ZAF",
            "target": "FRA"
        },
        {
            "Number Citations": 1,
            "source": "ZAF",
            "target": "ITA"
        },
        {
            "Number Citations": 1,
            "source": "ZAF",
            "target": "AUT"
        },
        {
            "Number Citations": 1,
            "source": "ZAF",
            "target": "AUS"
        },
        {
            "Number Citations": 3,
            "source": "ZAF",
            "target": "ZAF"
        },
        {
            "Number Citations": 1,
            "source": "ZAF",
            "target": "TWN"
        },
        {
            "Number Citations": 14,
            "source": "HKG",
            "target": "USA"
        },
        {
            "Number Citations": 1,
            "source": "HKG",
            "target": "JPN"
        },
        {
            "Number Citations": 1,
            "source": "HKG",
            "target": "DEU"
        },
        {
            "Number Citations": 11,
            "source": "POL",
            "target": "USA"
        },
        {
            "Number Citations": 1,
            "source": "POL",
            "target": "JPN"
        },
        {
            "Number Citations": 1,
            "source": "POL",
            "target": "DEU"
        },
        {
            "Number Citations": 3,
            "source": "POL",
            "target": "NLD"
        },
        {
            "Number Citations": 20,
            "source": "ARG",
            "target": "USA"
        },
        {
            "Number Citations": 1,
            "source": "ARG",
            "target": "CAN"
        },
        {
            "Number Citations": 3,
            "source": "ARG",
            "target": "JPN"
        },
        {
            "Number Citations": 1,
            "source": "ARG",
            "target": "GBR"
        },
        {
            "Number Citations": 2,
            "source": "ARG",
            "target": "FIN"
        },
        {
            "Number Citations": 4,
            "source": "ARG",
            "target": "DEU"
        },
        {
            "Number Citations": 2,
            "source": "ARG",
            "target": "FRA"
        },
        {
            "Number Citations": 1,
            "source": "ARG",
            "target": "NOR"
        },
        {
            "Number Citations": 1,
            "source": "ARG",
            "target": "SWE"
        },
        {
            "Number Citations": 2,
            "source": "CHL",
            "target": "USA"
        },
        {
            "Number Citations": 1,
            "source": "CHL",
            "target": "JPN"
        },
        {
            "Number Citations": 1,
            "source": "CHL",
            "target": "DEU"
        },
        {
            "Number Citations": 3,
            "source": "LUX",
            "target": "USA"
        },
        {
            "Number Citations": 4,
            "source": "LUX",
            "target": "JPN"
        },
        {
            "Number Citations": 1,
            "source": "LUX",
            "target": "SWE"
        },
        {
            "Number Citations": 2,
            "source": "LUX",
            "target": "NLD"
        },
        {
            "Number Citations": 40,
            "source": "MEX",
            "target": "USA"
        },
        {
            "Number Citations": 1,
            "source": "MEX",
            "target": "JPN"
        },
        {
            "Number Citations": 2,
            "source": "MEX",
            "target": "GBR"
        },
        {
            "Number Citations": 3,
            "source": "MEX",
            "target": "DEU"
        },
        {
            "Number Citations": 1,
            "source": "MEX",
            "target": "FRA"
        },
        {
            "Number Citations": 2,
            "source": "MEX",
            "target": "ITA"
        },
        {
            "Number Citations": 1,
            "source": "MEX",
            "target": "NOR"
        },
        {
            "Number Citations": 1,
            "source": "MEX",
            "target": "SWE"
        },
        {
            "Number Citations": 1,
            "source": "MEX",
            "target": "KOR"
        },
        {
            "Number Citations": 5,
            "source": "IND",
            "target": "USA"
        },
        {
            "Number Citations": 1,
            "source": "IND",
            "target": "DEU"
        },
        {
            "Number Citations": 1,
            "source": "IND",
            "target": "TWN"
        },
        {
            "Number Citations": 4,
            "source": "IRL",
            "target": "USA"
        },
        {
            "Number Citations": 2,
            "source": "IRL",
            "target": "JPN"
        },
        {
            "Number Citations": 6,
            "source": "CHN",
            "target": "USA"
        },
        {
            "Number Citations": 1,
            "source": "CHN",
            "target": "DEU"
        },
        {
            "Number Citations": 35,
            "source": "CSK",
            "target": "USA"
        },
        {
            "Number Citations": 1,
            "source": "CSK",
            "target": "CAN"
        },
        {
            "Number Citations": 4,
            "source": "CSK",
            "target": "JPN"
        },
        {
            "Number Citations": 1,
            "source": "CSK",
            "target": "CSK"
        },
        {
            "Number Citations": 6,
            "source": "CSK",
            "target": "DEU"
        },
        {
            "Number Citations": 2,
            "source": "CSK",
            "target": "FRA"
        },
        {
            "Number Citations": 6,
            "source": "CSK",
            "target": "CHE"
        },
        {
            "Number Citations": 3,
            "source": "CSK",
            "target": "ITA"
        },
        {
            "Number Citations": 1,
            "source": "CSK",
            "target": "NOR"
        },
        {
            "Number Citations": 2,
            "source": "CSK",
            "target": "SWE"
        },
        {
            "Number Citations": 1,
            "source": "CSK",
            "target": "HUN"
        },
        {
            "Number Citations": 1,
            "source": "CSK",
            "target": "NLD"
        },
        {
            "Number Citations": 2,
            "source": "CSK",
            "target": "BEL"
        },
        {
            "Number Citations": 1,
            "source": "CSK",
            "target": "IND"
        },
        {
            "Number Citations": 110,
            "source": "DNK",
            "target": "USA"
        },
        {
            "Number Citations": 6,
            "source": "DNK",
            "target": "CAN"
        },
        {
            "Number Citations": 16,
            "source": "DNK",
            "target": "JPN"
        },
        {
            "Number Citations": 5,
            "source": "DNK",
            "target": "GBR"
        },
        {
            "Number Citations": 10,
            "source": "DNK",
            "target": "DEU"
        },
        {
            "Number Citations": 2,
            "source": "DNK",
            "target": "FRA"
        },
        {
            "Number Citations": 2,
            "source": "DNK",
            "target": "CHE"
        },
        {
            "Number Citations": 7,
            "source": "DNK",
            "target": "ITA"
        },
        {
            "Number Citations": 1,
            "source": "DNK",
            "target": "NOR"
        },
        {
            "Number Citations": 1,
            "source": "DNK",
            "target": "AUT"
        },
        {
            "Number Citations": 5,
            "source": "DNK",
            "target": "SWE"
        },
        {
            "Number Citations": 2,
            "source": "DNK",
            "target": "AUS"
        },
        {
            "Number Citations": 1,
            "source": "DNK",
            "target": "BEL"
        },
        {
            "Number Citations": 10,
            "source": "DNK",
            "target": "DNK"
        },
        {
            "Number Citations": 1,
            "source": "DNK",
            "target": "ARG"
        },
        {
            "Number Citations": 204,
            "source": "USSR",
            "target": "USA"
        },
        {
            "Number Citations": 25,
            "source": "USSR",
            "target": "JPN"
        },
        {
            "Number Citations": 1,
            "source": "USSR",
            "target": "GBR"
        },
        {
            "Number Citations": 10,
            "source": "USSR",
            "target": "USSR"
        },
        {
            "Number Citations": 1,
            "source": "USSR",
            "target": "CSK"
        },
        {
            "Number Citations": 2,
            "source": "USSR",
            "target": "DEU"
        },
        {
            "Number Citations": 3,
            "source": "USSR",
            "target": "CHE"
        },
        {
            "Number Citations": 70,
            "source": "ESP",
            "target": "USA"
        },
        {
            "Number Citations": 2,
            "source": "ESP",
            "target": "CAN"
        },
        {
            "Number Citations": 3,
            "source": "ESP",
            "target": "JPN"
        },
        {
            "Number Citations": 1,
            "source": "ESP",
            "target": "GBR"
        },
        {
            "Number Citations": 6,
            "source": "ESP",
            "target": "DEU"
        },
        {
            "Number Citations": 3,
            "source": "ESP",
            "target": "FRA"
        },
        {
            "Number Citations": 4,
            "source": "ESP",
            "target": "CHE"
        },
        {
            "Number Citations": 1,
            "source": "ESP",
            "target": "ITA"
        },
        {
            "Number Citations": 1,
            "source": "ESP",
            "target": "HKG"
        },
        {
            "Number Citations": 11,
            "source": "HUN",
            "target": "USA"
        },
        {
            "Number Citations": 1,
            "source": "HUN",
            "target": "CAN"
        },
        {
            "Number Citations": 1,
            "source": "HUN",
            "target": "JPN"
        },
        {
            "Number Citations": 1,
            "source": "HUN",
            "target": "GBR"
        },
        {
            "Number Citations": 1,
            "source": "HUN",
            "target": "USSR"
        },
        {
            "Number Citations": 2,
            "source": "HUN",
            "target": "DEU"
        },
        {
            "Number Citations": 2,
            "source": "HUN",
            "target": "FRA"
        },
        {
            "Number Citations": 1,
            "source": "HUN",
            "target": "ITA"
        },
        {
            "Number Citations": 1,
            "source": "HUN",
            "target": "AUS"
        },
        {
            "Number Citations": 1,
            "source": "HUN",
            "target": "ISR"
        },
        {
            "Number Citations": 1,
            "source": "HUN",
            "target": "BEL"
        },
        {
            "Number Citations": 1,
            "source": "HUN",
            "target": "DNK"
        },
        {
            "Number Citations": 4,
            "source": "HUN",
            "target": "ESP"
        },
        {
            "Number Citations": 2,
            "source": "HUN",
            "target": "KOR"
        },
        {
            "Number Citations": 1,
            "source": "HUN",
            "target": "RUS"
        },
        {
            "Number Citations": 1,
            "source": "HUN",
            "target": "CZE"
        },
        {
            "Number Citations": 19,
            "source": "NZL",
            "target": "USA"
        },
        {
            "Number Citations": 6,
            "source": "NZL",
            "target": "JPN"
        },
        {
            "Number Citations": 2,
            "source": "NZL",
            "target": "GBR"
        },
        {
            "Number Citations": 1,
            "source": "NZL",
            "target": "DEU"
        },
        {
            "Number Citations": 1,
            "source": "NZL",
            "target": "FRA"
        },
        {
            "Number Citations": 1,
            "source": "NZL",
            "target": "SWE"
        },
        {
            "Number Citations": 1,
            "source": "NZL",
            "target": "NLD"
        },
        {
            "Number Citations": 1,
            "source": "NZL",
            "target": "TWN"
        },
        {
            "Number Citations": 2,
            "source": "SEN",
            "target": "USA"
        },
        {
            "Number Citations": 27,
            "source": "FIN",
            "target": "USA"
        },
        {
            "Number Citations": 3,
            "source": "FIN",
            "target": "JPN"
        },
        {
            "Number Citations": 1,
            "source": "FIN",
            "target": "GBR"
        },
        {
            "Number Citations": 1,
            "source": "FIN",
            "target": "FIN"
        },
        {
            "Number Citations": 1,
            "source": "FIN",
            "target": "DEU"
        },
        {
            "Number Citations": 2,
            "source": "FIN",
            "target": "SWE"
        },
        {
            "Number Citations": 1,
            "source": "FIN",
            "target": "AUS"
        },
        {
            "Number Citations": 1,
            "source": "FIN",
            "target": "ISR"
        },
        {
            "Number Citations": 1,
            "source": "FIN",
            "target": "TWN"
        },
        {
            "Number Citations": 1,
            "source": "FIN",
            "target": "PHL"
        },
        {
            "Number Citations": 1,
            "source": "IRN",
            "target": "USA"
        },
        {
            "Number Citations": 1,
            "source": "IRN",
            "target": "CSK"
        },
        {
            "Number Citations": 1,
            "source": "IRN",
            "target": "CHE"
        },
        {
            "Number Citations": 1,
            "source": "MAR",
            "target": "USA"
        },
        {
            "Number Citations": 1,
            "source": "MAR",
            "target": "DEU"
        },
        {
            "Number Citations": 4,
            "source": "LBN",
            "target": "USA"
        },
        {
            "Number Citations": 1,
            "source": "LBN",
            "target": "DEU"
        },
        {
            "Number Citations": 1,
            "source": "LBN",
            "target": "FRA"
        },
        {
            "Number Citations": 3,
            "source": "JAM",
            "target": "USA"
        },
        {
            "Number Citations": 5,
            "source": "TTO",
            "target": "USA"
        },
        {
            "Number Citations": 2,
            "source": "TTO",
            "target": "FRA"
        },
        {
            "Number Citations": 1,
            "source": "TTO",
            "target": "IND"
        },
        {
            "Number Citations": 5,
            "source": "CRI",
            "target": "USA"
        },
        {
            "Number Citations": 6,
            "source": "ISR",
            "target": "USA"
        },
        {
            "Number Citations": 1,
            "source": "ISR",
            "target": "JPN"
        },
        {
            "Number Citations": 1,
            "source": "ISR",
            "target": "USSR"
        },
        {
            "Number Citations": 1,
            "source": "ISR",
            "target": "DEU"
        },
        {
            "Number Citations": 2,
            "source": "ISR",
            "target": "FRA"
        },
        {
            "Number Citations": 4,
            "source": "DZA",
            "target": "USA"
        },
        {
            "Number Citations": 3,
            "source": "DZA",
            "target": "CAN"
        },
        {
            "Number Citations": 2,
            "source": "ECU",
            "target": "USA"
        },
        {
            "Number Citations": 2,
            "source": "ZWE",
            "target": "USA"
        },
        {
            "Number Citations": 1,
            "source": "ZWE",
            "target": "CAN"
        },
        {
            "Number Citations": 1,
            "source": "ZWE",
            "target": "GBR"
        },
        {
            "Number Citations": 3,
            "source": "GTM",
            "target": "USA"
        },
        {
            "Number Citations": 1,
            "source": "GTM",
            "target": "DEU"
        },
        {
            "Number Citations": 1,
            "source": "GTM",
            "target": "ITA"
        },
        {
            "Number Citations": 1,
            "source": "GTM",
            "target": "AUS"
        },
        {
            "Number Citations": 1,
            "source": "GTM",
            "target": "TTO"
        },
        {
            "Number Citations": 1,
            "source": "GTM",
            "target": "GTM"
        },
        {
            "Number Citations": 10,
            "source": "PHL",
            "target": "USA"
        },
        {
            "Number Citations": 4,
            "source": "PHL",
            "target": "JPN"
        },
        {
            "Number Citations": 1,
            "source": "PHL",
            "target": "GBR"
        },
        {
            "Number Citations": 2,
            "source": "PHL",
            "target": "DEU"
        },
        {
            "Number Citations": 2,
            "source": "PHL",
            "target": "FRA"
        },
        {
            "Number Citations": 2,
            "source": "PHL",
            "target": "AUS"
        },
        {
            "Number Citations": 1,
            "source": "PHL",
            "target": "ZAF"
        },
        {
            "Number Citations": 1,
            "source": "PHL",
            "target": "PHL"
        },
        {
            "Number Citations": 1,
            "source": "PHL",
            "target": "IND"
        },
        {
            "Number Citations": 2,
            "source": "LBY",
            "target": "USA"
        },
        {
            "Number Citations": 2,
            "source": "ROU",
            "target": "USA"
        },
        {
            "Number Citations": 1,
            "source": "ROU",
            "target": "CAN"
        },
        {
            "Number Citations": 3,
            "source": "TUN",
            "target": "USA"
        },
        {
            "Number Citations": 1,
            "source": "TUN",
            "target": "JPN"
        },
        {
            "Number Citations": 2,
            "source": "YUG",
            "target": "USA"
        },
        {
            "Number Citations": 4,
            "source": "PRT",
            "target": "USA"
        },
        {
            "Number Citations": 1,
            "source": "PRT",
            "target": "CAN"
        },
        {
            "Number Citations": 1,
            "source": "PRT",
            "target": "SWE"
        },
        {
            "Number Citations": 4,
            "source": "PAN",
            "target": "USA"
        },
        {
            "Number Citations": 3,
            "source": "PAN",
            "target": "JPN"
        },
        {
            "Number Citations": 3,
            "source": "CUB",
            "target": "USA"
        },
        {
            "Number Citations": 1,
            "source": "CUB",
            "target": "CAN"
        },
        {
            "Number Citations": 1,
            "source": "CUB",
            "target": "JPN"
        },
        {
            "Number Citations": 1,
            "source": "CUB",
            "target": "GBR"
        },
        {
            "Number Citations": 2,
            "source": "CUB",
            "target": "DEU"
        },
        {
            "Number Citations": 2,
            "source": "CUB",
            "target": "CHE"
        },
        {
            "Number Citations": 1,
            "source": "CUB",
            "target": "ITA"
        },
        {
            "Number Citations": 3,
            "source": "CUB",
            "target": "NLD"
        },
        {
            "Number Citations": 3,
            "source": "URY",
            "target": "USA"
        },
        {
            "Number Citations": 1,
            "source": "URY",
            "target": "JPN"
        },
        {
            "Number Citations": 4,
            "source": "LKA",
            "target": "USA"
        },
        {
            "Number Citations": 1,
            "source": "LKA",
            "target": "CHE"
        },
        {
            "Number Citations": 2,
            "source": "PAK",
            "target": "USA"
        },
        {
            "Number Citations": 3,
            "source": "BHS",
            "target": "USA"
        },
        {
            "Number Citations": 1,
            "source": "BHS",
            "target": "JPN"
        },
        {
            "Number Citations": 1,
            "source": "MYS",
            "target": "USA"
        },
        {
            "Number Citations": 1,
            "source": "MCO",
            "target": "GBR"
        }
    ]
}