{
    "directed": true,
    "multigraph": false,
    "graph": {
        "year": 1999
    },
    "nodes": [
        {
            "id": "USA"
        },
        {
            "id": "JPN"
        },
        {
            "id": "CAN"
        },
        {
            "id": "DEU"
        },
        {
            "id": "MEX"
        },
        {
            "id": "TWN"
        },
        {
            "id": "GBR"
        },
        {
            "id": "BEL"
        },
        {
            "id": "FRA"
        },
        {
            "id": "HKG"
        },
        {
            "id": "AUS"
        },
        {
            "id": "KOR"
        },
        {
            "id": "FIN"
        },
        {
            "id": "NLD"
        },
        {
            "id": "CHE"
        },
        {
            "id": "ISR"
        },
        {
            "id": "ITA"
        },
        {
            "id": "SWE"
        },
        {
            "id": "AUT"
        },
        {
            "id": "SGP"
        },
        {
            "id": "IRL"
        },
        {
            "id": "NOR"
        },
        {
            "id": "NZL"
        },
        {
            "id": "VEN"
        },
        {
            "id": "RUS"
        },
        {
            "id": "ESP"
        },
        {
            "id": "ROU"
        },
        {
            "id": "HUN"
        },
        {
            "id": "IND"
        },
        {
            "id": "BRA"
        },
        {
            "id": "KWT"
        },
        {
            "id": "LUX"
        },
        {
            "id": "ISL"
        },
        {
            "id": "DNK"
        },
        {
            "id": "CHN"
        },
        {
            "id": "MYS"
        },
        {
            "id": "ZAF"
        },
        {
            "id": "IDN"
        },
        {
            "id": "TTO"
        },
        {
            "id": "SYR"
        },
        {
            "id": "LBN"
        },
        {
            "id": "SVN"
        }
    ],
    "links": [
        {
            "Number Citations": 2580,
            "source": "USA",
            "target": "USA"
        },
        {
            "Number Citations": 321,
            "source": "USA",
            "target": "JPN"
        },
        {
            "Number Citations": 133,
            "source": "USA",
            "target": "TWN"
        },
        {
            "Number Citations": 74,
            "source": "USA",
            "target": "DEU"
        },
        {
            "Number Citations": 44,
            "source": "USA",
            "target": "GBR"
        },
        {
            "Number Citations": 33,
            "source": "USA",
            "target": "FRA"
        },
        {
            "Number Citations": 57,
            "source": "USA",
            "target": "KOR"
        },
        {
            "Number Citations": 16,
            "source": "USA",
            "target": "ISR"
        },
        {
            "Number Citations": 53,
            "source": "USA",
            "target": "CAN"
        },
        {
            "Number Citations": 8,
            "source": "USA",
            "target": "ITA"
        },
        {
            "Number Citations": 1,
            "source": "USA",
            "target": "IDN"
        },
        {
            "Number Citations": 1,
            "source": "USA",
            "target": "CHN"
        },
        {
            "Number Citations": 2,
            "source": "USA",
            "target": "RUS"
        },
        {
            "Number Citations": 2,
            "source": "USA",
            "target": "AUT"
        },
        {
            "Number Citations": 11,
            "source": "USA",
            "target": "SWE"
        },
        {
            "Number Citations": 7,
            "source": "USA",
            "target": "AUS"
        },
        {
            "Number Citations": 3,
            "source": "USA",
            "target": "TTO"
        },
        {
            "Number Citations": 4,
            "source": "USA",
            "target": "BEL"
        },
        {
            "Number Citations": 3,
            "source": "USA",
            "target": "HKG"
        },
        {
            "Number Citations": 5,
            "source": "USA",
            "target": "NLD"
        },
        {
            "Number Citations": 3,
            "source": "USA",
            "target": "ESP"
        },
        {
            "Number Citations": 2,
            "source": "USA",
            "target": "SYR"
        },
        {
            "Number Citations": 7,
            "source": "USA",
            "target": "CHE"
        },
        {
            "Number Citations": 5,
            "source": "USA",
            "target": "FIN"
        },
        {
            "Number Citations": 5,
            "source": "USA",
            "target": "SGP"
        },
        {
            "Number Citations": 1,
            "source": "USA",
            "target": "NZL"
        },
        {
            "Number Citations": 1,
            "source": "USA",
            "target": "BRA"
        },
        {
            "Number Citations": 4,
            "source": "USA",
            "target": "NOR"
        },
        {
            "Number Citations": 2,
            "source": "USA",
            "target": "IRL"
        },
        {
            "Number Citations": 1,
            "source": "USA",
            "target": "MEX"
        },
        {
            "Number Citations": 1,
            "source": "USA",
            "target": "MYS"
        },
        {
            "Number Citations": 306,
            "source": "JPN",
            "target": "USA"
        },
        {
            "Number Citations": 719,
            "source": "JPN",
            "target": "JPN"
        },
        {
            "Number Citations": 67,
            "source": "JPN",
            "target": "TWN"
        },
        {
            "Number Citations": 38,
            "source": "JPN",
            "target": "DEU"
        },
        {
            "Number Citations": 9,
            "source": "JPN",
            "target": "GBR"
        },
        {
            "Number Citations": 18,
            "source": "JPN",
            "target": "FRA"
        },
        {
            "Number Citations": 51,
            "source": "JPN",
            "target": "KOR"
        },
        {
            "Number Citations": 2,
            "source": "JPN",
            "target": "ISR"
        },
        {
            "Number Citations": 10,
            "source": "JPN",
            "target": "CAN"
        },
        {
            "Number Citations": 4,
            "source": "JPN",
            "target": "ITA"
        },
        {
            "Number Citations": 4,
            "source": "JPN",
            "target": "AUT"
        },
        {
            "Number Citations": 2,
            "source": "JPN",
            "target": "SWE"
        },
        {
            "Number Citations": 3,
            "source": "JPN",
            "target": "BEL"
        },
        {
            "Number Citations": 1,
            "source": "JPN",
            "target": "HKG"
        },
        {
            "Number Citations": 5,
            "source": "JPN",
            "target": "NLD"
        },
        {
            "Number Citations": 2,
            "source": "JPN",
            "target": "CHE"
        },
        {
            "Number Citations": 2,
            "source": "JPN",
            "target": "FIN"
        },
        {
            "Number Citations": 1,
            "source": "JPN",
            "target": "BRA"
        },
        {
            "Number Citations": 1,
            "source": "JPN",
            "target": "SVN"
        },
        {
            "Number Citations": 62,
            "source": "CAN",
            "target": "USA"
        },
        {
            "Number Citations": 9,
            "source": "CAN",
            "target": "JPN"
        },
        {
            "Number Citations": 2,
            "source": "CAN",
            "target": "TWN"
        },
        {
            "Number Citations": 1,
            "source": "CAN",
            "target": "DEU"
        },
        {
            "Number Citations": 1,
            "source": "CAN",
            "target": "GBR"
        },
        {
            "Number Citations": 4,
            "source": "CAN",
            "target": "FRA"
        },
        {
            "Number Citations": 2,
            "source": "CAN",
            "target": "KOR"
        },
        {
            "Number Citations": 18,
            "source": "CAN",
            "target": "CAN"
        },
        {
            "Number Citations": 1,
            "source": "CAN",
            "target": "AUT"
        },
        {
            "Number Citations": 2,
            "source": "CAN",
            "target": "SWE"
        },
        {
            "Number Citations": 1,
            "source": "CAN",
            "target": "AUS"
        },
        {
            "Number Citations": 2,
            "source": "CAN",
            "target": "NLD"
        },
        {
            "Number Citations": 1,
            "source": "CAN",
            "target": "FIN"
        },
        {
            "Number Citations": 68,
            "source": "DEU",
            "target": "USA"
        },
        {
            "Number Citations": 27,
            "source": "DEU",
            "target": "JPN"
        },
        {
            "Number Citations": 6,
            "source": "DEU",
            "target": "TWN"
        },
        {
            "Number Citations": 77,
            "source": "DEU",
            "target": "DEU"
        },
        {
            "Number Citations": 1,
            "source": "DEU",
            "target": "GBR"
        },
        {
            "Number Citations": 7,
            "source": "DEU",
            "target": "FRA"
        },
        {
            "Number Citations": 1,
            "source": "DEU",
            "target": "ISR"
        },
        {
            "Number Citations": 2,
            "source": "DEU",
            "target": "CAN"
        },
        {
            "Number Citations": 2,
            "source": "DEU",
            "target": "ITA"
        },
        {
            "Number Citations": 2,
            "source": "DEU",
            "target": "SWE"
        },
        {
            "Number Citations": 1,
            "source": "DEU",
            "target": "NLD"
        },
        {
            "Number Citations": 1,
            "source": "DEU",
            "target": "FIN"
        },
        {
            "Number Citations": 1,
            "source": "MEX",
            "target": "USA"
        },
        {
            "Number Citations": 1,
            "source": "MEX",
            "target": "MEX"
        },
        {
            "Number Citations": 58,
            "source": "TWN",
            "target": "USA"
        },
        {
            "Number Citations": 14,
            "source": "TWN",
            "target": "JPN"
        },
        {
            "Number Citations": 165,
            "source": "TWN",
            "target": "TWN"
        },
        {
            "Number Citations": 1,
            "source": "TWN",
            "target": "DEU"
        },
        {
            "Number Citations": 2,
            "source": "TWN",
            "target": "GBR"
        },
        {
            "Number Citations": 4,
            "source": "TWN",
            "target": "FRA"
        },
        {
            "Number Citations": 8,
            "source": "TWN",
            "target": "KOR"
        },
        {
            "Number Citations": 1,
            "source": "TWN",
            "target": "CAN"
        },
        {
            "Number Citations": 1,
            "source": "TWN",
            "target": "IDN"
        },
        {
            "Number Citations": 1,
            "source": "TWN",
            "target": "CHE"
        },
        {
            "Number Citations": 1,
            "source": "TWN",
            "target": "BRA"
        },
        {
            "Number Citations": 49,
            "source": "GBR",
            "target": "USA"
        },
        {
            "Number Citations": 7,
            "source": "GBR",
            "target": "JPN"
        },
        {
            "Number Citations": 1,
            "source": "GBR",
            "target": "TWN"
        },
        {
            "Number Citations": 8,
            "source": "GBR",
            "target": "DEU"
        },
        {
            "Number Citations": 28,
            "source": "GBR",
            "target": "GBR"
        },
        {
            "Number Citations": 1,
            "source": "GBR",
            "target": "FRA"
        },
        {
            "Number Citations": 2,
            "source": "GBR",
            "target": "KOR"
        },
        {
            "Number Citations": 3,
            "source": "GBR",
            "target": "ITA"
        },
        {
            "Number Citations": 1,
            "source": "GBR",
            "target": "CHN"
        },
        {
            "Number Citations": 1,
            "source": "GBR",
            "target": "NLD"
        },
        {
            "Number Citations": 6,
            "source": "BEL",
            "target": "USA"
        },
        {
            "Number Citations": 4,
            "source": "BEL",
            "target": "JPN"
        },
        {
            "Number Citations": 2,
            "source": "BEL",
            "target": "TWN"
        },
        {
            "Number Citations": 4,
            "source": "BEL",
            "target": "BEL"
        },
        {
            "Number Citations": 34,
            "source": "FRA",
            "target": "USA"
        },
        {
            "Number Citations": 9,
            "source": "FRA",
            "target": "JPN"
        },
        {
            "Number Citations": 3,
            "source": "FRA",
            "target": "TWN"
        },
        {
            "Number Citations": 2,
            "source": "FRA",
            "target": "DEU"
        },
        {
            "Number Citations": 3,
            "source": "FRA",
            "target": "GBR"
        },
        {
            "Number Citations": 29,
            "source": "FRA",
            "target": "FRA"
        },
        {
            "Number Citations": 2,
            "source": "FRA",
            "target": "KOR"
        },
        {
            "Number Citations": 1,
            "source": "FRA",
            "target": "CAN"
        },
        {
            "Number Citations": 1,
            "source": "FRA",
            "target": "ITA"
        },
        {
            "Number Citations": 1,
            "source": "FRA",
            "target": "CHN"
        },
        {
            "Number Citations": 1,
            "source": "FRA",
            "target": "AUT"
        },
        {
            "Number Citations": 1,
            "source": "FRA",
            "target": "NLD"
        },
        {
            "Number Citations": 1,
            "source": "FRA",
            "target": "CHE"
        },
        {
            "Number Citations": 5,
            "source": "HKG",
            "target": "USA"
        },
        {
            "Number Citations": 1,
            "source": "HKG",
            "target": "JPN"
        },
        {
            "Number Citations": 2,
            "source": "HKG",
            "target": "TWN"
        },
        {
            "Number Citations": 1,
            "source": "HKG",
            "target": "GBR"
        },
        {
            "Number Citations": 1,
            "source": "HKG",
            "target": "KOR"
        },
        {
            "Number Citations": 3,
            "source": "HKG",
            "target": "HKG"
        },
        {
            "Number Citations": 6,
            "source": "AUS",
            "target": "USA"
        },
        {
            "Number Citations": 4,
            "source": "AUS",
            "target": "AUS"
        },
        {
            "Number Citations": 1,
            "source": "AUS",
            "target": "ZAF"
        },
        {
            "Number Citations": 43,
            "source": "KOR",
            "target": "USA"
        },
        {
            "Number Citations": 36,
            "source": "KOR",
            "target": "JPN"
        },
        {
            "Number Citations": 26,
            "source": "KOR",
            "target": "TWN"
        },
        {
            "Number Citations": 3,
            "source": "KOR",
            "target": "DEU"
        },
        {
            "Number Citations": 1,
            "source": "KOR",
            "target": "FRA"
        },
        {
            "Number Citations": 64,
            "source": "KOR",
            "target": "KOR"
        },
        {
            "Number Citations": 2,
            "source": "KOR",
            "target": "CAN"
        },
        {
            "Number Citations": 1,
            "source": "KOR",
            "target": "NLD"
        },
        {
            "Number Citations": 1,
            "source": "KOR",
            "target": "CHE"
        },
        {
            "Number Citations": 1,
            "source": "KOR",
            "target": "IND"
        },
        {
            "Number Citations": 2,
            "source": "KOR",
            "target": "SGP"
        },
        {
            "Number Citations": 11,
            "source": "FIN",
            "target": "USA"
        },
        {
            "Number Citations": 1,
            "source": "FIN",
            "target": "JPN"
        },
        {
            "Number Citations": 2,
            "source": "FIN",
            "target": "DEU"
        },
        {
            "Number Citations": 1,
            "source": "FIN",
            "target": "CAN"
        },
        {
            "Number Citations": 1,
            "source": "FIN",
            "target": "ITA"
        },
        {
            "Number Citations": 1,
            "source": "FIN",
            "target": "SWE"
        },
        {
            "Number Citations": 1,
            "source": "FIN",
            "target": "NLD"
        },
        {
            "Number Citations": 14,
            "source": "NLD",
            "target": "USA"
        },
        {
            "Number Citations": 6,
            "source": "NLD",
            "target": "JPN"
        },
        {
            "Number Citations": 1,
            "source": "NLD",
            "target": "GBR"
        },
        {
            "Number Citations": 1,
            "source": "NLD",
            "target": "KOR"
        },
        {
            "Number Citations": 6,
            "source": "NLD",
            "target": "NLD"
        },
        {
            "Number Citations": 1,
            "source": "NLD",
            "target": "CHE"
        },
        {
            "Number Citations": 1,
            "source": "NLD",
            "target": "DNK"
        },
        {
            "Number Citations": 8,
            "source": "CHE",
            "target": "USA"
        },
        {
            "Number Citations": 2,
            "source": "CHE",
            "target": "JPN"
        },
        {
            "Number Citations": 2,
            "source": "CHE",
            "target": "DEU"
        },
        {
            "Number Citations": 2,
            "source": "CHE",
            "target": "GBR"
        },
        {
            "Number Citations": 1,
            "source": "CHE",
            "target": "ISR"
        },
        {
            "Number Citations": 1,
            "source": "CHE",
            "target": "SWE"
        },
        {
            "Number Citations": 14,
            "source": "CHE",
            "target": "CHE"
        },
        {
            "Number Citations": 16,
            "source": "ISR",
            "target": "USA"
        },
        {
            "Number Citations": 3,
            "source": "ISR",
            "target": "JPN"
        },
        {
            "Number Citations": 1,
            "source": "ISR",
            "target": "TWN"
        },
        {
            "Number Citations": 1,
            "source": "ISR",
            "target": "FRA"
        },
        {
            "Number Citations": 4,
            "source": "ISR",
            "target": "ISR"
        },
        {
            "Number Citations": 1,
            "source": "ISR",
            "target": "IRL"
        },
        {
            "Number Citations": 14,
            "source": "ITA",
            "target": "USA"
        },
        {
            "Number Citations": 4,
            "source": "ITA",
            "target": "JPN"
        },
        {
            "Number Citations": 1,
            "source": "ITA",
            "target": "TWN"
        },
        {
            "Number Citations": 2,
            "source": "ITA",
            "target": "DEU"
        },
        {
            "Number Citations": 2,
            "source": "ITA",
            "target": "FRA"
        },
        {
            "Number Citations": 9,
            "source": "ITA",
            "target": "ITA"
        },
        {
            "Number Citations": 2,
            "source": "ITA",
            "target": "NLD"
        },
        {
            "Number Citations": 1,
            "source": "ITA",
            "target": "CHE"
        },
        {
            "Number Citations": 16,
            "source": "SWE",
            "target": "USA"
        },
        {
            "Number Citations": 4,
            "source": "SWE",
            "target": "JPN"
        },
        {
            "Number Citations": 2,
            "source": "SWE",
            "target": "TWN"
        },
        {
            "Number Citations": 1,
            "source": "SWE",
            "target": "DEU"
        },
        {
            "Number Citations": 2,
            "source": "SWE",
            "target": "FRA"
        },
        {
            "Number Citations": 1,
            "source": "SWE",
            "target": "CAN"
        },
        {
            "Number Citations": 5,
            "source": "SWE",
            "target": "SWE"
        },
        {
            "Number Citations": 1,
            "source": "SWE",
            "target": "CHE"
        },
        {
            "Number Citations": 1,
            "source": "SWE",
            "target": "FIN"
        },
        {
            "Number Citations": 1,
            "source": "SWE",
            "target": "NOR"
        },
        {
            "Number Citations": 7,
            "source": "AUT",
            "target": "USA"
        },
        {
            "Number Citations": 1,
            "source": "AUT",
            "target": "JPN"
        },
        {
            "Number Citations": 1,
            "source": "AUT",
            "target": "DEU"
        },
        {
            "Number Citations": 5,
            "source": "AUT",
            "target": "AUT"
        },
        {
            "Number Citations": 6,
            "source": "SGP",
            "target": "USA"
        },
        {
            "Number Citations": 1,
            "source": "SGP",
            "target": "JPN"
        },
        {
            "Number Citations": 2,
            "source": "SGP",
            "target": "TWN"
        },
        {
            "Number Citations": 2,
            "source": "SGP",
            "target": "KOR"
        },
        {
            "Number Citations": 1,
            "source": "IRL",
            "target": "USA"
        },
        {
            "Number Citations": 1,
            "source": "IRL",
            "target": "FRA"
        },
        {
            "Number Citations": 5,
            "source": "NOR",
            "target": "USA"
        },
        {
            "Number Citations": 1,
            "source": "NOR",
            "target": "NOR"
        },
        {
            "Number Citations": 4,
            "source": "NZL",
            "target": "USA"
        },
        {
            "Number Citations": 1,
            "source": "VEN",
            "target": "USA"
        },
        {
            "Number Citations": 2,
            "source": "RUS",
            "target": "USA"
        },
        {
            "Number Citations": 2,
            "source": "RUS",
            "target": "JPN"
        },
        {
            "Number Citations": 1,
            "source": "RUS",
            "target": "DEU"
        },
        {
            "Number Citations": 3,
            "source": "RUS",
            "target": "RUS"
        },
        {
            "Number Citations": 2,
            "source": "ESP",
            "target": "USA"
        },
        {
            "Number Citations": 1,
            "source": "ROU",
            "target": "USA"
        },
        {
            "Number Citations": 1,
            "source": "HUN",
            "target": "USA"
        },
        {
            "Number Citations": 3,
            "source": "IND",
            "target": "USA"
        },
        {
            "Number Citations": 1,
            "source": "BRA",
            "target": "USA"
        },
        {
            "Number Citations": 1,
            "source": "KWT",
            "target": "USA"
        },
        {
            "Number Citations": 1,
            "source": "KWT",
            "target": "DEU"
        },
        {
            "Number Citations": 1,
            "source": "LUX",
            "target": "USA"
        },
        {
            "Number Citations": 1,
            "source": "ISL",
            "target": "JPN"
        },
        {
            "Number Citations": 1,
            "source": "ISL",
            "target": "ISL"
        },
        {
            "Number Citations": 1,
            "source": "DNK",
            "target": "JPN"
        },
        {
            "Number Citations": 1,
            "source": "DNK",
            "target": "GBR"
        },
        {
            "Number Citations": 3,
            "source": "DNK",
            "target": "DNK"
        },
        {
            "Number Citations": 1,
            "source": "CHN",
            "target": "JPN"
        },
        {
            "Number Citations": 1,
            "source": "CHN",
            "target": "CAN"
        },
        {
            "Number Citations": 1,
            "source": "CHN",
            "target": "CHN"
        },
        {
            "Number Citations": 1,
            "source": "MYS",
            "target": "JPN"
        },
        {
            "Number Citations": 1,
            "source": "MYS",
            "target": "NLD"
        },
        {
            "Number Citations": 1,
            "source": "ZAF",
            "target": "DEU"
        },
        {
            "Number Citations": 1,
            "source": "ZAF",
            "target": "NOR"
        },
        {
            "Number Citations": 1,
            "source": "LBN",
            "target": "DNK"
        }
    ]
}