{
    "directed": true,
    "multigraph": false,
    "graph": {
        "year": 1998
    },
    "nodes": [
        {
            "id": "JPN"
        },
        {
            "id": "DEU"
        },
        {
            "id": "USA"
        },
        {
            "id": "TWN"
        },
        {
            "id": "GBR"
        },
        {
            "id": "FIN"
        },
        {
            "id": "FRA"
        },
        {
            "id": "CHE"
        },
        {
            "id": "AUS"
        },
        {
            "id": "CAN"
        },
        {
            "id": "ITA"
        },
        {
            "id": "HKG"
        },
        {
            "id": "AUT"
        },
        {
            "id": "BEL"
        },
        {
            "id": "NLD"
        },
        {
            "id": "KOR"
        },
        {
            "id": "RUS"
        },
        {
            "id": "SWE"
        },
        {
            "id": "ISR"
        },
        {
            "id": "NZL"
        },
        {
            "id": "ESP"
        },
        {
            "id": "SVN"
        },
        {
            "id": "ARG"
        },
        {
            "id": "ZAF"
        },
        {
            "id": "CSK"
        },
        {
            "id": "IRL"
        },
        {
            "id": "SGP"
        },
        {
            "id": "NOR"
        },
        {
            "id": "SAU"
        },
        {
            "id": "CHL"
        },
        {
            "id": "DNK"
        },
        {
            "id": "HUN"
        },
        {
            "id": "CZE"
        },
        {
            "id": "KWT"
        },
        {
            "id": "CHN"
        },
        {
            "id": "CYM"
        },
        {
            "id": "BRA"
        },
        {
            "id": "LIE"
        },
        {
            "id": "GRC"
        },
        {
            "id": "UKR"
        },
        {
            "id": "IND"
        },
        {
            "id": "COL"
        },
        {
            "id": "VEN"
        },
        {
            "id": "ISL"
        },
        {
            "id": "MYS"
        },
        {
            "id": "LUX"
        },
        {
            "id": "BHS"
        },
        {
            "id": "USSR"
        },
        {
            "id": "GTM"
        },
        {
            "id": "MCO"
        },
        {
            "id": "MEX"
        },
        {
            "id": "PER"
        },
        {
            "id": "HRV"
        },
        {
            "id": "VGB"
        },
        {
            "id": "KNA"
        },
        {
            "id": "BLR"
        },
        {
            "id": "MMR"
        },
        {
            "id": "TUR"
        },
        {
            "id": "TTO"
        },
        {
            "id": "SLV"
        },
        {
            "id": "PAK"
        },
        {
            "id": "THA"
        },
        {
            "id": "PHL"
        },
        {
            "id": "POL"
        },
        {
            "id": "EGY"
        },
        {
            "id": "JAM"
        },
        {
            "id": "NIC"
        },
        {
            "id": "CUB"
        },
        {
            "id": "AND"
        },
        {
            "id": "BGR"
        },
        {
            "id": "CRI"
        },
        {
            "id": "IDN"
        },
        {
            "id": "ECU"
        },
        {
            "id": "SYR"
        },
        {
            "id": "SVK"
        },
        {
            "id": "VNM"
        },
        {
            "id": "BOL"
        },
        {
            "id": "UZB"
        }
    ],
    "links": [
        {
            "Number Citations": 480,
            "source": "JPN",
            "target": "DEU"
        },
        {
            "Number Citations": 35,
            "source": "JPN",
            "target": "BEL"
        },
        {
            "Number Citations": 8476,
            "source": "JPN",
            "target": "JPN"
        },
        {
            "Number Citations": 4412,
            "source": "JPN",
            "target": "USA"
        },
        {
            "Number Citations": 119,
            "source": "JPN",
            "target": "CAN"
        },
        {
            "Number Citations": 3,
            "source": "JPN",
            "target": "BRA"
        },
        {
            "Number Citations": 27,
            "source": "JPN",
            "target": "FIN"
        },
        {
            "Number Citations": 363,
            "source": "JPN",
            "target": "TWN"
        },
        {
            "Number Citations": 689,
            "source": "JPN",
            "target": "KOR"
        },
        {
            "Number Citations": 8,
            "source": "JPN",
            "target": "ESP"
        },
        {
            "Number Citations": 54,
            "source": "JPN",
            "target": "ITA"
        },
        {
            "Number Citations": 7,
            "source": "JPN",
            "target": "DNK"
        },
        {
            "Number Citations": 159,
            "source": "JPN",
            "target": "FRA"
        },
        {
            "Number Citations": 54,
            "source": "JPN",
            "target": "NLD"
        },
        {
            "Number Citations": 10,
            "source": "JPN",
            "target": "SGP"
        },
        {
            "Number Citations": 1,
            "source": "JPN",
            "target": "NOR"
        },
        {
            "Number Citations": 139,
            "source": "JPN",
            "target": "GBR"
        },
        {
            "Number Citations": 6,
            "source": "JPN",
            "target": "CHN"
        },
        {
            "Number Citations": 63,
            "source": "JPN",
            "target": "SWE"
        },
        {
            "Number Citations": 4,
            "source": "JPN",
            "target": "RUS"
        },
        {
            "Number Citations": 9,
            "source": "JPN",
            "target": "AUS"
        },
        {
            "Number Citations": 37,
            "source": "JPN",
            "target": "CHE"
        },
        {
            "Number Citations": 10,
            "source": "JPN",
            "target": "HKG"
        },
        {
            "Number Citations": 46,
            "source": "JPN",
            "target": "ISR"
        },
        {
            "Number Citations": 23,
            "source": "JPN",
            "target": "AUT"
        },
        {
            "Number Citations": 3,
            "source": "JPN",
            "target": "IRL"
        },
        {
            "Number Citations": 2,
            "source": "JPN",
            "target": "NZL"
        },
        {
            "Number Citations": 3,
            "source": "JPN",
            "target": "ZAF"
        },
        {
            "Number Citations": 1,
            "source": "JPN",
            "target": "LUX"
        },
        {
            "Number Citations": 1,
            "source": "JPN",
            "target": "PHL"
        },
        {
            "Number Citations": 4,
            "source": "JPN",
            "target": "IND"
        },
        {
            "Number Citations": 2,
            "source": "JPN",
            "target": "MEX"
        },
        {
            "Number Citations": 1,
            "source": "JPN",
            "target": "GRC"
        },
        {
            "Number Citations": 1,
            "source": "JPN",
            "target": "EGY"
        },
        {
            "Number Citations": 1,
            "source": "JPN",
            "target": "JAM"
        },
        {
            "Number Citations": 4,
            "source": "JPN",
            "target": "ISL"
        },
        {
            "Number Citations": 1,
            "source": "JPN",
            "target": "CUB"
        },
        {
            "Number Citations": 1,
            "source": "JPN",
            "target": "AND"
        },
        {
            "Number Citations": 1,
            "source": "JPN",
            "target": "ARG"
        },
        {
            "Number Citations": 3,
            "source": "JPN",
            "target": "MYS"
        },
        {
            "Number Citations": 1,
            "source": "JPN",
            "target": "THA"
        },
        {
            "Number Citations": 1,
            "source": "JPN",
            "target": "HUN"
        },
        {
            "Number Citations": 1,
            "source": "JPN",
            "target": "SAU"
        },
        {
            "Number Citations": 1,
            "source": "JPN",
            "target": "LIE"
        },
        {
            "Number Citations": 1,
            "source": "JPN",
            "target": "UZB"
        },
        {
            "Number Citations": 856,
            "source": "DEU",
            "target": "DEU"
        },
        {
            "Number Citations": 8,
            "source": "DEU",
            "target": "BEL"
        },
        {
            "Number Citations": 379,
            "source": "DEU",
            "target": "JPN"
        },
        {
            "Number Citations": 947,
            "source": "DEU",
            "target": "USA"
        },
        {
            "Number Citations": 53,
            "source": "DEU",
            "target": "CAN"
        },
        {
            "Number Citations": 13,
            "source": "DEU",
            "target": "FIN"
        },
        {
            "Number Citations": 47,
            "source": "DEU",
            "target": "TWN"
        },
        {
            "Number Citations": 31,
            "source": "DEU",
            "target": "KOR"
        },
        {
            "Number Citations": 2,
            "source": "DEU",
            "target": "ESP"
        },
        {
            "Number Citations": 25,
            "source": "DEU",
            "target": "ITA"
        },
        {
            "Number Citations": 3,
            "source": "DEU",
            "target": "DNK"
        },
        {
            "Number Citations": 49,
            "source": "DEU",
            "target": "FRA"
        },
        {
            "Number Citations": 24,
            "source": "DEU",
            "target": "NLD"
        },
        {
            "Number Citations": 1,
            "source": "DEU",
            "target": "SGP"
        },
        {
            "Number Citations": 1,
            "source": "DEU",
            "target": "NOR"
        },
        {
            "Number Citations": 44,
            "source": "DEU",
            "target": "GBR"
        },
        {
            "Number Citations": 34,
            "source": "DEU",
            "target": "SWE"
        },
        {
            "Number Citations": 5,
            "source": "DEU",
            "target": "AUS"
        },
        {
            "Number Citations": 23,
            "source": "DEU",
            "target": "CHE"
        },
        {
            "Number Citations": 4,
            "source": "DEU",
            "target": "HKG"
        },
        {
            "Number Citations": 8,
            "source": "DEU",
            "target": "ISR"
        },
        {
            "Number Citations": 20,
            "source": "DEU",
            "target": "AUT"
        },
        {
            "Number Citations": 3,
            "source": "DEU",
            "target": "IRL"
        },
        {
            "Number Citations": 1,
            "source": "DEU",
            "target": "NZL"
        },
        {
            "Number Citations": 2,
            "source": "DEU",
            "target": "ZAF"
        },
        {
            "Number Citations": 1,
            "source": "DEU",
            "target": "LUX"
        },
        {
            "Number Citations": 1,
            "source": "DEU",
            "target": "IND"
        },
        {
            "Number Citations": 1,
            "source": "DEU",
            "target": "MEX"
        },
        {
            "Number Citations": 2,
            "source": "DEU",
            "target": "GRC"
        },
        {
            "Number Citations": 1,
            "source": "DEU",
            "target": "MYS"
        },
        {
            "Number Citations": 2,
            "source": "DEU",
            "target": "HUN"
        },
        {
            "Number Citations": 936,
            "source": "USA",
            "target": "DEU"
        },
        {
            "Number Citations": 71,
            "source": "USA",
            "target": "BEL"
        },
        {
            "Number Citations": 3968,
            "source": "USA",
            "target": "JPN"
        },
        {
            "Number Citations": 32119,
            "source": "USA",
            "target": "USA"
        },
        {
            "Number Citations": 687,
            "source": "USA",
            "target": "CAN"
        },
        {
            "Number Citations": 20,
            "source": "USA",
            "target": "BRA"
        },
        {
            "Number Citations": 115,
            "source": "USA",
            "target": "FIN"
        },
        {
            "Number Citations": 941,
            "source": "USA",
            "target": "TWN"
        },
        {
            "Number Citations": 690,
            "source": "USA",
            "target": "KOR"
        },
        {
            "Number Citations": 20,
            "source": "USA",
            "target": "ESP"
        },
        {
            "Number Citations": 188,
            "source": "USA",
            "target": "ITA"
        },
        {
            "Number Citations": 42,
            "source": "USA",
            "target": "DNK"
        },
        {
            "Number Citations": 493,
            "source": "USA",
            "target": "FRA"
        },
        {
            "Number Citations": 167,
            "source": "USA",
            "target": "NLD"
        },
        {
            "Number Citations": 47,
            "source": "USA",
            "target": "SGP"
        },
        {
            "Number Citations": 27,
            "source": "USA",
            "target": "NOR"
        },
        {
            "Number Citations": 583,
            "source": "USA",
            "target": "GBR"
        },
        {
            "Number Citations": 24,
            "source": "USA",
            "target": "CHN"
        },
        {
            "Number Citations": 227,
            "source": "USA",
            "target": "SWE"
        },
        {
            "Number Citations": 32,
            "source": "USA",
            "target": "RUS"
        },
        {
            "Number Citations": 89,
            "source": "USA",
            "target": "AUS"
        },
        {
            "Number Citations": 127,
            "source": "USA",
            "target": "CHE"
        },
        {
            "Number Citations": 17,
            "source": "USA",
            "target": "HKG"
        },
        {
            "Number Citations": 219,
            "source": "USA",
            "target": "ISR"
        },
        {
            "Number Citations": 2,
            "source": "USA",
            "target": "BHS"
        },
        {
            "Number Citations": 36,
            "source": "USA",
            "target": "AUT"
        },
        {
            "Number Citations": 22,
            "source": "USA",
            "target": "IRL"
        },
        {
            "Number Citations": 20,
            "source": "USA",
            "target": "NZL"
        },
        {
            "Number Citations": 17,
            "source": "USA",
            "target": "ZAF"
        },
        {
            "Number Citations": 5,
            "source": "USA",
            "target": "PHL"
        },
        {
            "Number Citations": 22,
            "source": "USA",
            "target": "IND"
        },
        {
            "Number Citations": 2,
            "source": "USA",
            "target": "POL"
        },
        {
            "Number Citations": 5,
            "source": "USA",
            "target": "CZE"
        },
        {
            "Number Citations": 7,
            "source": "USA",
            "target": "MEX"
        },
        {
            "Number Citations": 2,
            "source": "USA",
            "target": "KWT"
        },
        {
            "Number Citations": 5,
            "source": "USA",
            "target": "GRC"
        },
        {
            "Number Citations": 2,
            "source": "USA",
            "target": "EGY"
        },
        {
            "Number Citations": 2,
            "source": "USA",
            "target": "VEN"
        },
        {
            "Number Citations": 14,
            "source": "USA",
            "target": "ISL"
        },
        {
            "Number Citations": 3,
            "source": "USA",
            "target": "UKR"
        },
        {
            "Number Citations": 1,
            "source": "USA",
            "target": "NIC"
        },
        {
            "Number Citations": 7,
            "source": "USA",
            "target": "ARG"
        },
        {
            "Number Citations": 4,
            "source": "USA",
            "target": "MYS"
        },
        {
            "Number Citations": 2,
            "source": "USA",
            "target": "HRV"
        },
        {
            "Number Citations": 1,
            "source": "USA",
            "target": "BGR"
        },
        {
            "Number Citations": 1,
            "source": "USA",
            "target": "HUN"
        },
        {
            "Number Citations": 1,
            "source": "USA",
            "target": "MCO"
        },
        {
            "Number Citations": 3,
            "source": "USA",
            "target": "CRI"
        },
        {
            "Number Citations": 1,
            "source": "USA",
            "target": "GTM"
        },
        {
            "Number Citations": 1,
            "source": "USA",
            "target": "CSK"
        },
        {
            "Number Citations": 3,
            "source": "USA",
            "target": "IDN"
        },
        {
            "Number Citations": 1,
            "source": "USA",
            "target": "SAU"
        },
        {
            "Number Citations": 1,
            "source": "USA",
            "target": "TTO"
        },
        {
            "Number Citations": 2,
            "source": "USA",
            "target": "SYR"
        },
        {
            "Number Citations": 1,
            "source": "USA",
            "target": "SVK"
        },
        {
            "Number Citations": 1,
            "source": "USA",
            "target": "LIE"
        },
        {
            "Number Citations": 2,
            "source": "USA",
            "target": "PER"
        },
        {
            "Number Citations": 1,
            "source": "USA",
            "target": "USSR"
        },
        {
            "Number Citations": 1,
            "source": "USA",
            "target": "VNM"
        },
        {
            "Number Citations": 1,
            "source": "USA",
            "target": "SVN"
        },
        {
            "Number Citations": 1,
            "source": "USA",
            "target": "BOL"
        },
        {
            "Number Citations": 29,
            "source": "TWN",
            "target": "DEU"
        },
        {
            "Number Citations": 200,
            "source": "TWN",
            "target": "JPN"
        },
        {
            "Number Citations": 649,
            "source": "TWN",
            "target": "USA"
        },
        {
            "Number Citations": 21,
            "source": "TWN",
            "target": "CAN"
        },
        {
            "Number Citations": 1,
            "source": "TWN",
            "target": "FIN"
        },
        {
            "Number Citations": 872,
            "source": "TWN",
            "target": "TWN"
        },
        {
            "Number Citations": 70,
            "source": "TWN",
            "target": "KOR"
        },
        {
            "Number Citations": 2,
            "source": "TWN",
            "target": "ESP"
        },
        {
            "Number Citations": 13,
            "source": "TWN",
            "target": "ITA"
        },
        {
            "Number Citations": 13,
            "source": "TWN",
            "target": "FRA"
        },
        {
            "Number Citations": 3,
            "source": "TWN",
            "target": "NLD"
        },
        {
            "Number Citations": 16,
            "source": "TWN",
            "target": "SGP"
        },
        {
            "Number Citations": 7,
            "source": "TWN",
            "target": "GBR"
        },
        {
            "Number Citations": 7,
            "source": "TWN",
            "target": "CHN"
        },
        {
            "Number Citations": 2,
            "source": "TWN",
            "target": "AUS"
        },
        {
            "Number Citations": 2,
            "source": "TWN",
            "target": "CHE"
        },
        {
            "Number Citations": 7,
            "source": "TWN",
            "target": "HKG"
        },
        {
            "Number Citations": 4,
            "source": "TWN",
            "target": "ISR"
        },
        {
            "Number Citations": 1,
            "source": "TWN",
            "target": "AUT"
        },
        {
            "Number Citations": 1,
            "source": "TWN",
            "target": "NZL"
        },
        {
            "Number Citations": 1,
            "source": "TWN",
            "target": "ZAF"
        },
        {
            "Number Citations": 1,
            "source": "TWN",
            "target": "PHL"
        },
        {
            "Number Citations": 1,
            "source": "TWN",
            "target": "ARG"
        },
        {
            "Number Citations": 1,
            "source": "TWN",
            "target": "MYS"
        },
        {
            "Number Citations": 4,
            "source": "TWN",
            "target": "CRI"
        },
        {
            "Number Citations": 3,
            "source": "TWN",
            "target": "IDN"
        },
        {
            "Number Citations": 66,
            "source": "GBR",
            "target": "DEU"
        },
        {
            "Number Citations": 6,
            "source": "GBR",
            "target": "BEL"
        },
        {
            "Number Citations": 133,
            "source": "GBR",
            "target": "JPN"
        },
        {
            "Number Citations": 656,
            "source": "GBR",
            "target": "USA"
        },
        {
            "Number Citations": 17,
            "source": "GBR",
            "target": "CAN"
        },
        {
            "Number Citations": 5,
            "source": "GBR",
            "target": "FIN"
        },
        {
            "Number Citations": 16,
            "source": "GBR",
            "target": "TWN"
        },
        {
            "Number Citations": 24,
            "source": "GBR",
            "target": "KOR"
        },
        {
            "Number Citations": 8,
            "source": "GBR",
            "target": "ITA"
        },
        {
            "Number Citations": 2,
            "source": "GBR",
            "target": "DNK"
        },
        {
            "Number Citations": 20,
            "source": "GBR",
            "target": "FRA"
        },
        {
            "Number Citations": 4,
            "source": "GBR",
            "target": "NLD"
        },
        {
            "Number Citations": 1,
            "source": "GBR",
            "target": "NOR"
        },
        {
            "Number Citations": 226,
            "source": "GBR",
            "target": "GBR"
        },
        {
            "Number Citations": 16,
            "source": "GBR",
            "target": "SWE"
        },
        {
            "Number Citations": 3,
            "source": "GBR",
            "target": "AUS"
        },
        {
            "Number Citations": 3,
            "source": "GBR",
            "target": "CHE"
        },
        {
            "Number Citations": 2,
            "source": "GBR",
            "target": "HKG"
        },
        {
            "Number Citations": 10,
            "source": "GBR",
            "target": "ISR"
        },
        {
            "Number Citations": 2,
            "source": "GBR",
            "target": "AUT"
        },
        {
            "Number Citations": 1,
            "source": "GBR",
            "target": "IRL"
        },
        {
            "Number Citations": 2,
            "source": "GBR",
            "target": "NZL"
        },
        {
            "Number Citations": 1,
            "source": "GBR",
            "target": "ZAF"
        },
        {
            "Number Citations": 1,
            "source": "GBR",
            "target": "LUX"
        },
        {
            "Number Citations": 1,
            "source": "GBR",
            "target": "IND"
        },
        {
            "Number Citations": 1,
            "source": "GBR",
            "target": "MEX"
        },
        {
            "Number Citations": 1,
            "source": "GBR",
            "target": "THA"
        },
        {
            "Number Citations": 14,
            "source": "FIN",
            "target": "DEU"
        },
        {
            "Number Citations": 18,
            "source": "FIN",
            "target": "JPN"
        },
        {
            "Number Citations": 90,
            "source": "FIN",
            "target": "USA"
        },
        {
            "Number Citations": 8,
            "source": "FIN",
            "target": "CAN"
        },
        {
            "Number Citations": 63,
            "source": "FIN",
            "target": "FIN"
        },
        {
            "Number Citations": 3,
            "source": "FIN",
            "target": "TWN"
        },
        {
            "Number Citations": 6,
            "source": "FIN",
            "target": "KOR"
        },
        {
            "Number Citations": 1,
            "source": "FIN",
            "target": "ITA"
        },
        {
            "Number Citations": 3,
            "source": "FIN",
            "target": "FRA"
        },
        {
            "Number Citations": 1,
            "source": "FIN",
            "target": "NLD"
        },
        {
            "Number Citations": 3,
            "source": "FIN",
            "target": "GBR"
        },
        {
            "Number Citations": 16,
            "source": "FIN",
            "target": "SWE"
        },
        {
            "Number Citations": 1,
            "source": "FIN",
            "target": "CHE"
        },
        {
            "Number Citations": 1,
            "source": "FIN",
            "target": "HKG"
        },
        {
            "Number Citations": 3,
            "source": "FIN",
            "target": "ISR"
        },
        {
            "Number Citations": 1,
            "source": "FIN",
            "target": "AUT"
        },
        {
            "Number Citations": 2,
            "source": "FIN",
            "target": "ISL"
        },
        {
            "Number Citations": 62,
            "source": "FRA",
            "target": "DEU"
        },
        {
            "Number Citations": 8,
            "source": "FRA",
            "target": "BEL"
        },
        {
            "Number Citations": 117,
            "source": "FRA",
            "target": "JPN"
        },
        {
            "Number Citations": 477,
            "source": "FRA",
            "target": "USA"
        },
        {
            "Number Citations": 17,
            "source": "FRA",
            "target": "CAN"
        },
        {
            "Number Citations": 4,
            "source": "FRA",
            "target": "FIN"
        },
        {
            "Number Citations": 18,
            "source": "FRA",
            "target": "TWN"
        },
        {
            "Number Citations": 18,
            "source": "FRA",
            "target": "KOR"
        },
        {
            "Number Citations": 1,
            "source": "FRA",
            "target": "ESP"
        },
        {
            "Number Citations": 11,
            "source": "FRA",
            "target": "ITA"
        },
        {
            "Number Citations": 1,
            "source": "FRA",
            "target": "DNK"
        },
        {
            "Number Citations": 310,
            "source": "FRA",
            "target": "FRA"
        },
        {
            "Number Citations": 6,
            "source": "FRA",
            "target": "NLD"
        },
        {
            "Number Citations": 3,
            "source": "FRA",
            "target": "NOR"
        },
        {
            "Number Citations": 21,
            "source": "FRA",
            "target": "GBR"
        },
        {
            "Number Citations": 1,
            "source": "FRA",
            "target": "CHN"
        },
        {
            "Number Citations": 10,
            "source": "FRA",
            "target": "SWE"
        },
        {
            "Number Citations": 2,
            "source": "FRA",
            "target": "AUS"
        },
        {
            "Number Citations": 14,
            "source": "FRA",
            "target": "CHE"
        },
        {
            "Number Citations": 3,
            "source": "FRA",
            "target": "ISR"
        },
        {
            "Number Citations": 1,
            "source": "FRA",
            "target": "IRL"
        },
        {
            "Number Citations": 1,
            "source": "FRA",
            "target": "NZL"
        },
        {
            "Number Citations": 1,
            "source": "FRA",
            "target": "IND"
        },
        {
            "Number Citations": 1,
            "source": "FRA",
            "target": "UKR"
        },
        {
            "Number Citations": 2,
            "source": "FRA",
            "target": "SVK"
        },
        {
            "Number Citations": 26,
            "source": "CHE",
            "target": "DEU"
        },
        {
            "Number Citations": 1,
            "source": "CHE",
            "target": "BEL"
        },
        {
            "Number Citations": 38,
            "source": "CHE",
            "target": "JPN"
        },
        {
            "Number Citations": 130,
            "source": "CHE",
            "target": "USA"
        },
        {
            "Number Citations": 4,
            "source": "CHE",
            "target": "CAN"
        },
        {
            "Number Citations": 1,
            "source": "CHE",
            "target": "FIN"
        },
        {
            "Number Citations": 4,
            "source": "CHE",
            "target": "TWN"
        },
        {
            "Number Citations": 3,
            "source": "CHE",
            "target": "KOR"
        },
        {
            "Number Citations": 2,
            "source": "CHE",
            "target": "ESP"
        },
        {
            "Number Citations": 2,
            "source": "CHE",
            "target": "ITA"
        },
        {
            "Number Citations": 2,
            "source": "CHE",
            "target": "DNK"
        },
        {
            "Number Citations": 7,
            "source": "CHE",
            "target": "FRA"
        },
        {
            "Number Citations": 1,
            "source": "CHE",
            "target": "NLD"
        },
        {
            "Number Citations": 1,
            "source": "CHE",
            "target": "NOR"
        },
        {
            "Number Citations": 9,
            "source": "CHE",
            "target": "GBR"
        },
        {
            "Number Citations": 1,
            "source": "CHE",
            "target": "CHN"
        },
        {
            "Number Citations": 2,
            "source": "CHE",
            "target": "SWE"
        },
        {
            "Number Citations": 89,
            "source": "CHE",
            "target": "CHE"
        },
        {
            "Number Citations": 2,
            "source": "CHE",
            "target": "HKG"
        },
        {
            "Number Citations": 1,
            "source": "CHE",
            "target": "ISR"
        },
        {
            "Number Citations": 5,
            "source": "CHE",
            "target": "AUT"
        },
        {
            "Number Citations": 1,
            "source": "CHE",
            "target": "IND"
        },
        {
            "Number Citations": 1,
            "source": "CHE",
            "target": "ARG"
        },
        {
            "Number Citations": 1,
            "source": "CHE",
            "target": "LIE"
        },
        {
            "Number Citations": 8,
            "source": "AUS",
            "target": "DEU"
        },
        {
            "Number Citations": 18,
            "source": "AUS",
            "target": "JPN"
        },
        {
            "Number Citations": 72,
            "source": "AUS",
            "target": "USA"
        },
        {
            "Number Citations": 8,
            "source": "AUS",
            "target": "CAN"
        },
        {
            "Number Citations": 2,
            "source": "AUS",
            "target": "FIN"
        },
        {
            "Number Citations": 1,
            "source": "AUS",
            "target": "TWN"
        },
        {
            "Number Citations": 2,
            "source": "AUS",
            "target": "KOR"
        },
        {
            "Number Citations": 1,
            "source": "AUS",
            "target": "ITA"
        },
        {
            "Number Citations": 4,
            "source": "AUS",
            "target": "FRA"
        },
        {
            "Number Citations": 2,
            "source": "AUS",
            "target": "GBR"
        },
        {
            "Number Citations": 1,
            "source": "AUS",
            "target": "SWE"
        },
        {
            "Number Citations": 1,
            "source": "AUS",
            "target": "RUS"
        },
        {
            "Number Citations": 42,
            "source": "AUS",
            "target": "AUS"
        },
        {
            "Number Citations": 2,
            "source": "AUS",
            "target": "CHE"
        },
        {
            "Number Citations": 2,
            "source": "AUS",
            "target": "ISR"
        },
        {
            "Number Citations": 4,
            "source": "AUS",
            "target": "ZAF"
        },
        {
            "Number Citations": 38,
            "source": "CAN",
            "target": "DEU"
        },
        {
            "Number Citations": 5,
            "source": "CAN",
            "target": "BEL"
        },
        {
            "Number Citations": 96,
            "source": "CAN",
            "target": "JPN"
        },
        {
            "Number Citations": 691,
            "source": "CAN",
            "target": "USA"
        },
        {
            "Number Citations": 222,
            "source": "CAN",
            "target": "CAN"
        },
        {
            "Number Citations": 1,
            "source": "CAN",
            "target": "BRA"
        },
        {
            "Number Citations": 11,
            "source": "CAN",
            "target": "FIN"
        },
        {
            "Number Citations": 26,
            "source": "CAN",
            "target": "TWN"
        },
        {
            "Number Citations": 24,
            "source": "CAN",
            "target": "KOR"
        },
        {
            "Number Citations": 2,
            "source": "CAN",
            "target": "ESP"
        },
        {
            "Number Citations": 7,
            "source": "CAN",
            "target": "ITA"
        },
        {
            "Number Citations": 1,
            "source": "CAN",
            "target": "DNK"
        },
        {
            "Number Citations": 24,
            "source": "CAN",
            "target": "FRA"
        },
        {
            "Number Citations": 6,
            "source": "CAN",
            "target": "NLD"
        },
        {
            "Number Citations": 2,
            "source": "CAN",
            "target": "SGP"
        },
        {
            "Number Citations": 1,
            "source": "CAN",
            "target": "NOR"
        },
        {
            "Number Citations": 12,
            "source": "CAN",
            "target": "GBR"
        },
        {
            "Number Citations": 13,
            "source": "CAN",
            "target": "SWE"
        },
        {
            "Number Citations": 2,
            "source": "CAN",
            "target": "RUS"
        },
        {
            "Number Citations": 5,
            "source": "CAN",
            "target": "AUS"
        },
        {
            "Number Citations": 6,
            "source": "CAN",
            "target": "CHE"
        },
        {
            "Number Citations": 1,
            "source": "CAN",
            "target": "HKG"
        },
        {
            "Number Citations": 5,
            "source": "CAN",
            "target": "ISR"
        },
        {
            "Number Citations": 6,
            "source": "CAN",
            "target": "AUT"
        },
        {
            "Number Citations": 1,
            "source": "CAN",
            "target": "IRL"
        },
        {
            "Number Citations": 1,
            "source": "CAN",
            "target": "NZL"
        },
        {
            "Number Citations": 1,
            "source": "CAN",
            "target": "ZAF"
        },
        {
            "Number Citations": 1,
            "source": "CAN",
            "target": "IND"
        },
        {
            "Number Citations": 1,
            "source": "CAN",
            "target": "POL"
        },
        {
            "Number Citations": 1,
            "source": "CAN",
            "target": "GRC"
        },
        {
            "Number Citations": 1,
            "source": "CAN",
            "target": "MYS"
        },
        {
            "Number Citations": 1,
            "source": "CAN",
            "target": "BGR"
        },
        {
            "Number Citations": 1,
            "source": "CAN",
            "target": "IDN"
        },
        {
            "Number Citations": 28,
            "source": "ITA",
            "target": "DEU"
        },
        {
            "Number Citations": 59,
            "source": "ITA",
            "target": "JPN"
        },
        {
            "Number Citations": 193,
            "source": "ITA",
            "target": "USA"
        },
        {
            "Number Citations": 11,
            "source": "ITA",
            "target": "CAN"
        },
        {
            "Number Citations": 1,
            "source": "ITA",
            "target": "BRA"
        },
        {
            "Number Citations": 2,
            "source": "ITA",
            "target": "FIN"
        },
        {
            "Number Citations": 20,
            "source": "ITA",
            "target": "TWN"
        },
        {
            "Number Citations": 20,
            "source": "ITA",
            "target": "KOR"
        },
        {
            "Number Citations": 1,
            "source": "ITA",
            "target": "ESP"
        },
        {
            "Number Citations": 81,
            "source": "ITA",
            "target": "ITA"
        },
        {
            "Number Citations": 1,
            "source": "ITA",
            "target": "DNK"
        },
        {
            "Number Citations": 19,
            "source": "ITA",
            "target": "FRA"
        },
        {
            "Number Citations": 2,
            "source": "ITA",
            "target": "NLD"
        },
        {
            "Number Citations": 7,
            "source": "ITA",
            "target": "GBR"
        },
        {
            "Number Citations": 3,
            "source": "ITA",
            "target": "AUS"
        },
        {
            "Number Citations": 1,
            "source": "ITA",
            "target": "CHE"
        },
        {
            "Number Citations": 2,
            "source": "ITA",
            "target": "HKG"
        },
        {
            "Number Citations": 1,
            "source": "ITA",
            "target": "ISR"
        },
        {
            "Number Citations": 3,
            "source": "ITA",
            "target": "AUT"
        },
        {
            "Number Citations": 1,
            "source": "ITA",
            "target": "VEN"
        },
        {
            "Number Citations": 5,
            "source": "HKG",
            "target": "DEU"
        },
        {
            "Number Citations": 13,
            "source": "HKG",
            "target": "JPN"
        },
        {
            "Number Citations": 42,
            "source": "HKG",
            "target": "USA"
        },
        {
            "Number Citations": 1,
            "source": "HKG",
            "target": "FIN"
        },
        {
            "Number Citations": 8,
            "source": "HKG",
            "target": "TWN"
        },
        {
            "Number Citations": 3,
            "source": "HKG",
            "target": "KOR"
        },
        {
            "Number Citations": 2,
            "source": "HKG",
            "target": "FRA"
        },
        {
            "Number Citations": 1,
            "source": "HKG",
            "target": "SGP"
        },
        {
            "Number Citations": 2,
            "source": "HKG",
            "target": "GBR"
        },
        {
            "Number Citations": 1,
            "source": "HKG",
            "target": "CHN"
        },
        {
            "Number Citations": 16,
            "source": "HKG",
            "target": "HKG"
        },
        {
            "Number Citations": 11,
            "source": "AUT",
            "target": "DEU"
        },
        {
            "Number Citations": 13,
            "source": "AUT",
            "target": "JPN"
        },
        {
            "Number Citations": 37,
            "source": "AUT",
            "target": "USA"
        },
        {
            "Number Citations": 2,
            "source": "AUT",
            "target": "CAN"
        },
        {
            "Number Citations": 1,
            "source": "AUT",
            "target": "TWN"
        },
        {
            "Number Citations": 2,
            "source": "AUT",
            "target": "ITA"
        },
        {
            "Number Citations": 2,
            "source": "AUT",
            "target": "FRA"
        },
        {
            "Number Citations": 1,
            "source": "AUT",
            "target": "GBR"
        },
        {
            "Number Citations": 3,
            "source": "AUT",
            "target": "CHE"
        },
        {
            "Number Citations": 23,
            "source": "AUT",
            "target": "AUT"
        },
        {
            "Number Citations": 1,
            "source": "AUT",
            "target": "IND"
        },
        {
            "Number Citations": 8,
            "source": "BEL",
            "target": "DEU"
        },
        {
            "Number Citations": 93,
            "source": "BEL",
            "target": "BEL"
        },
        {
            "Number Citations": 22,
            "source": "BEL",
            "target": "JPN"
        },
        {
            "Number Citations": 78,
            "source": "BEL",
            "target": "USA"
        },
        {
            "Number Citations": 1,
            "source": "BEL",
            "target": "FIN"
        },
        {
            "Number Citations": 1,
            "source": "BEL",
            "target": "TWN"
        },
        {
            "Number Citations": 2,
            "source": "BEL",
            "target": "KOR"
        },
        {
            "Number Citations": 4,
            "source": "BEL",
            "target": "ITA"
        },
        {
            "Number Citations": 8,
            "source": "BEL",
            "target": "FRA"
        },
        {
            "Number Citations": 1,
            "source": "BEL",
            "target": "NLD"
        },
        {
            "Number Citations": 3,
            "source": "BEL",
            "target": "GBR"
        },
        {
            "Number Citations": 7,
            "source": "BEL",
            "target": "SWE"
        },
        {
            "Number Citations": 5,
            "source": "BEL",
            "target": "CHE"
        },
        {
            "Number Citations": 2,
            "source": "BEL",
            "target": "ISR"
        },
        {
            "Number Citations": 1,
            "source": "BEL",
            "target": "MEX"
        },
        {
            "Number Citations": 16,
            "source": "NLD",
            "target": "DEU"
        },
        {
            "Number Citations": 4,
            "source": "NLD",
            "target": "BEL"
        },
        {
            "Number Citations": 70,
            "source": "NLD",
            "target": "JPN"
        },
        {
            "Number Citations": 173,
            "source": "NLD",
            "target": "USA"
        },
        {
            "Number Citations": 4,
            "source": "NLD",
            "target": "CAN"
        },
        {
            "Number Citations": 5,
            "source": "NLD",
            "target": "FIN"
        },
        {
            "Number Citations": 10,
            "source": "NLD",
            "target": "TWN"
        },
        {
            "Number Citations": 8,
            "source": "NLD",
            "target": "KOR"
        },
        {
            "Number Citations": 6,
            "source": "NLD",
            "target": "ITA"
        },
        {
            "Number Citations": 7,
            "source": "NLD",
            "target": "FRA"
        },
        {
            "Number Citations": 90,
            "source": "NLD",
            "target": "NLD"
        },
        {
            "Number Citations": 8,
            "source": "NLD",
            "target": "GBR"
        },
        {
            "Number Citations": 2,
            "source": "NLD",
            "target": "SWE"
        },
        {
            "Number Citations": 1,
            "source": "NLD",
            "target": "RUS"
        },
        {
            "Number Citations": 2,
            "source": "NLD",
            "target": "AUS"
        },
        {
            "Number Citations": 5,
            "source": "NLD",
            "target": "CHE"
        },
        {
            "Number Citations": 2,
            "source": "NLD",
            "target": "ISR"
        },
        {
            "Number Citations": 2,
            "source": "NLD",
            "target": "AUT"
        },
        {
            "Number Citations": 1,
            "source": "NLD",
            "target": "CZE"
        },
        {
            "Number Citations": 1,
            "source": "NLD",
            "target": "GRC"
        },
        {
            "Number Citations": 1,
            "source": "NLD",
            "target": "MYS"
        },
        {
            "Number Citations": 31,
            "source": "KOR",
            "target": "DEU"
        },
        {
            "Number Citations": 1,
            "source": "KOR",
            "target": "BEL"
        },
        {
            "Number Citations": 368,
            "source": "KOR",
            "target": "JPN"
        },
        {
            "Number Citations": 513,
            "source": "KOR",
            "target": "USA"
        },
        {
            "Number Citations": 7,
            "source": "KOR",
            "target": "CAN"
        },
        {
            "Number Citations": 1,
            "source": "KOR",
            "target": "BRA"
        },
        {
            "Number Citations": 3,
            "source": "KOR",
            "target": "FIN"
        },
        {
            "Number Citations": 132,
            "source": "KOR",
            "target": "TWN"
        },
        {
            "Number Citations": 550,
            "source": "KOR",
            "target": "KOR"
        },
        {
            "Number Citations": 9,
            "source": "KOR",
            "target": "ITA"
        },
        {
            "Number Citations": 2,
            "source": "KOR",
            "target": "DNK"
        },
        {
            "Number Citations": 14,
            "source": "KOR",
            "target": "FRA"
        },
        {
            "Number Citations": 7,
            "source": "KOR",
            "target": "NLD"
        },
        {
            "Number Citations": 4,
            "source": "KOR",
            "target": "SGP"
        },
        {
            "Number Citations": 10,
            "source": "KOR",
            "target": "GBR"
        },
        {
            "Number Citations": 1,
            "source": "KOR",
            "target": "SWE"
        },
        {
            "Number Citations": 1,
            "source": "KOR",
            "target": "AUS"
        },
        {
            "Number Citations": 1,
            "source": "KOR",
            "target": "CHE"
        },
        {
            "Number Citations": 2,
            "source": "KOR",
            "target": "HKG"
        },
        {
            "Number Citations": 4,
            "source": "KOR",
            "target": "ISR"
        },
        {
            "Number Citations": 1,
            "source": "KOR",
            "target": "AUT"
        },
        {
            "Number Citations": 1,
            "source": "KOR",
            "target": "IRL"
        },
        {
            "Number Citations": 1,
            "source": "KOR",
            "target": "MYS"
        },
        {
            "Number Citations": 1,
            "source": "KOR",
            "target": "THA"
        },
        {
            "Number Citations": 6,
            "source": "RUS",
            "target": "DEU"
        },
        {
            "Number Citations": 8,
            "source": "RUS",
            "target": "JPN"
        },
        {
            "Number Citations": 37,
            "source": "RUS",
            "target": "USA"
        },
        {
            "Number Citations": 1,
            "source": "RUS",
            "target": "KOR"
        },
        {
            "Number Citations": 1,
            "source": "RUS",
            "target": "GBR"
        },
        {
            "Number Citations": 8,
            "source": "RUS",
            "target": "RUS"
        },
        {
            "Number Citations": 1,
            "source": "RUS",
            "target": "CHE"
        },
        {
            "Number Citations": 1,
            "source": "RUS",
            "target": "ISR"
        },
        {
            "Number Citations": 2,
            "source": "RUS",
            "target": "USSR"
        },
        {
            "Number Citations": 29,
            "source": "SWE",
            "target": "DEU"
        },
        {
            "Number Citations": 2,
            "source": "SWE",
            "target": "BEL"
        },
        {
            "Number Citations": 38,
            "source": "SWE",
            "target": "JPN"
        },
        {
            "Number Citations": 233,
            "source": "SWE",
            "target": "USA"
        },
        {
            "Number Citations": 17,
            "source": "SWE",
            "target": "CAN"
        },
        {
            "Number Citations": 16,
            "source": "SWE",
            "target": "FIN"
        },
        {
            "Number Citations": 4,
            "source": "SWE",
            "target": "TWN"
        },
        {
            "Number Citations": 6,
            "source": "SWE",
            "target": "KOR"
        },
        {
            "Number Citations": 1,
            "source": "SWE",
            "target": "ESP"
        },
        {
            "Number Citations": 2,
            "source": "SWE",
            "target": "ITA"
        },
        {
            "Number Citations": 2,
            "source": "SWE",
            "target": "DNK"
        },
        {
            "Number Citations": 11,
            "source": "SWE",
            "target": "FRA"
        },
        {
            "Number Citations": 3,
            "source": "SWE",
            "target": "NLD"
        },
        {
            "Number Citations": 1,
            "source": "SWE",
            "target": "NOR"
        },
        {
            "Number Citations": 6,
            "source": "SWE",
            "target": "GBR"
        },
        {
            "Number Citations": 105,
            "source": "SWE",
            "target": "SWE"
        },
        {
            "Number Citations": 2,
            "source": "SWE",
            "target": "AUS"
        },
        {
            "Number Citations": 1,
            "source": "SWE",
            "target": "CHE"
        },
        {
            "Number Citations": 4,
            "source": "SWE",
            "target": "ISR"
        },
        {
            "Number Citations": 1,
            "source": "SWE",
            "target": "AUT"
        },
        {
            "Number Citations": 1,
            "source": "SWE",
            "target": "LUX"
        },
        {
            "Number Citations": 1,
            "source": "SWE",
            "target": "UKR"
        },
        {
            "Number Citations": 10,
            "source": "ISR",
            "target": "DEU"
        },
        {
            "Number Citations": 1,
            "source": "ISR",
            "target": "BEL"
        },
        {
            "Number Citations": 35,
            "source": "ISR",
            "target": "JPN"
        },
        {
            "Number Citations": 250,
            "source": "ISR",
            "target": "USA"
        },
        {
            "Number Citations": 6,
            "source": "ISR",
            "target": "CAN"
        },
        {
            "Number Citations": 2,
            "source": "ISR",
            "target": "TWN"
        },
        {
            "Number Citations": 7,
            "source": "ISR",
            "target": "KOR"
        },
        {
            "Number Citations": 2,
            "source": "ISR",
            "target": "ITA"
        },
        {
            "Number Citations": 2,
            "source": "ISR",
            "target": "DNK"
        },
        {
            "Number Citations": 6,
            "source": "ISR",
            "target": "FRA"
        },
        {
            "Number Citations": 2,
            "source": "ISR",
            "target": "NLD"
        },
        {
            "Number Citations": 10,
            "source": "ISR",
            "target": "GBR"
        },
        {
            "Number Citations": 2,
            "source": "ISR",
            "target": "SWE"
        },
        {
            "Number Citations": 1,
            "source": "ISR",
            "target": "CHE"
        },
        {
            "Number Citations": 22,
            "source": "ISR",
            "target": "ISR"
        },
        {
            "Number Citations": 1,
            "source": "ISR",
            "target": "IND"
        },
        {
            "Number Citations": 1,
            "source": "ISR",
            "target": "PER"
        },
        {
            "Number Citations": 4,
            "source": "NZL",
            "target": "DEU"
        },
        {
            "Number Citations": 3,
            "source": "NZL",
            "target": "JPN"
        },
        {
            "Number Citations": 19,
            "source": "NZL",
            "target": "USA"
        },
        {
            "Number Citations": 1,
            "source": "NZL",
            "target": "CAN"
        },
        {
            "Number Citations": 2,
            "source": "NZL",
            "target": "KOR"
        },
        {
            "Number Citations": 2,
            "source": "NZL",
            "target": "ITA"
        },
        {
            "Number Citations": 2,
            "source": "NZL",
            "target": "GBR"
        },
        {
            "Number Citations": 3,
            "source": "NZL",
            "target": "NZL"
        },
        {
            "Number Citations": 3,
            "source": "ESP",
            "target": "DEU"
        },
        {
            "Number Citations": 4,
            "source": "ESP",
            "target": "JPN"
        },
        {
            "Number Citations": 34,
            "source": "ESP",
            "target": "USA"
        },
        {
            "Number Citations": 2,
            "source": "ESP",
            "target": "CAN"
        },
        {
            "Number Citations": 1,
            "source": "ESP",
            "target": "TWN"
        },
        {
            "Number Citations": 3,
            "source": "ESP",
            "target": "ESP"
        },
        {
            "Number Citations": 3,
            "source": "ESP",
            "target": "FRA"
        },
        {
            "Number Citations": 2,
            "source": "ESP",
            "target": "CHE"
        },
        {
            "Number Citations": 1,
            "source": "ESP",
            "target": "ARG"
        },
        {
            "Number Citations": 1,
            "source": "SVN",
            "target": "DEU"
        },
        {
            "Number Citations": 1,
            "source": "SVN",
            "target": "USA"
        },
        {
            "Number Citations": 1,
            "source": "SVN",
            "target": "SVN"
        },
        {
            "Number Citations": 1,
            "source": "ARG",
            "target": "DEU"
        },
        {
            "Number Citations": 19,
            "source": "ARG",
            "target": "USA"
        },
        {
            "Number Citations": 1,
            "source": "ARG",
            "target": "DNK"
        },
        {
            "Number Citations": 2,
            "source": "ARG",
            "target": "FRA"
        },
        {
            "Number Citations": 2,
            "source": "ARG",
            "target": "NLD"
        },
        {
            "Number Citations": 1,
            "source": "ARG",
            "target": "GBR"
        },
        {
            "Number Citations": 1,
            "source": "ARG",
            "target": "AUS"
        },
        {
            "Number Citations": 1,
            "source": "ARG",
            "target": "ISR"
        },
        {
            "Number Citations": 1,
            "source": "ARG",
            "target": "GRC"
        },
        {
            "Number Citations": 2,
            "source": "ZAF",
            "target": "DEU"
        },
        {
            "Number Citations": 1,
            "source": "ZAF",
            "target": "JPN"
        },
        {
            "Number Citations": 12,
            "source": "ZAF",
            "target": "USA"
        },
        {
            "Number Citations": 2,
            "source": "ZAF",
            "target": "CAN"
        },
        {
            "Number Citations": 1,
            "source": "ZAF",
            "target": "ITA"
        },
        {
            "Number Citations": 1,
            "source": "ZAF",
            "target": "DNK"
        },
        {
            "Number Citations": 1,
            "source": "ZAF",
            "target": "GBR"
        },
        {
            "Number Citations": 1,
            "source": "ZAF",
            "target": "ISR"
        },
        {
            "Number Citations": 1,
            "source": "ZAF",
            "target": "IRL"
        },
        {
            "Number Citations": 3,
            "source": "ZAF",
            "target": "ZAF"
        },
        {
            "Number Citations": 1,
            "source": "CSK",
            "target": "DEU"
        },
        {
            "Number Citations": 1,
            "source": "CSK",
            "target": "GBR"
        },
        {
            "Number Citations": 1,
            "source": "IRL",
            "target": "DEU"
        },
        {
            "Number Citations": 3,
            "source": "IRL",
            "target": "JPN"
        },
        {
            "Number Citations": 20,
            "source": "IRL",
            "target": "USA"
        },
        {
            "Number Citations": 1,
            "source": "IRL",
            "target": "TWN"
        },
        {
            "Number Citations": 1,
            "source": "IRL",
            "target": "CHE"
        },
        {
            "Number Citations": 1,
            "source": "SGP",
            "target": "DEU"
        },
        {
            "Number Citations": 10,
            "source": "SGP",
            "target": "JPN"
        },
        {
            "Number Citations": 48,
            "source": "SGP",
            "target": "USA"
        },
        {
            "Number Citations": 1,
            "source": "SGP",
            "target": "CAN"
        },
        {
            "Number Citations": 24,
            "source": "SGP",
            "target": "TWN"
        },
        {
            "Number Citations": 4,
            "source": "SGP",
            "target": "KOR"
        },
        {
            "Number Citations": 1,
            "source": "SGP",
            "target": "ITA"
        },
        {
            "Number Citations": 8,
            "source": "SGP",
            "target": "SGP"
        },
        {
            "Number Citations": 2,
            "source": "SGP",
            "target": "GBR"
        },
        {
            "Number Citations": 1,
            "source": "SGP",
            "target": "AUS"
        },
        {
            "Number Citations": 1,
            "source": "SGP",
            "target": "ISR"
        },
        {
            "Number Citations": 1,
            "source": "SGP",
            "target": "IDN"
        },
        {
            "Number Citations": 2,
            "source": "NOR",
            "target": "DEU"
        },
        {
            "Number Citations": 3,
            "source": "NOR",
            "target": "JPN"
        },
        {
            "Number Citations": 32,
            "source": "NOR",
            "target": "USA"
        },
        {
            "Number Citations": 2,
            "source": "NOR",
            "target": "TWN"
        },
        {
            "Number Citations": 1,
            "source": "NOR",
            "target": "DNK"
        },
        {
            "Number Citations": 1,
            "source": "NOR",
            "target": "NLD"
        },
        {
            "Number Citations": 3,
            "source": "NOR",
            "target": "NOR"
        },
        {
            "Number Citations": 2,
            "source": "NOR",
            "target": "GBR"
        },
        {
            "Number Citations": 1,
            "source": "NOR",
            "target": "RUS"
        },
        {
            "Number Citations": 1,
            "source": "NOR",
            "target": "AUS"
        },
        {
            "Number Citations": 1,
            "source": "SAU",
            "target": "DEU"
        },
        {
            "Number Citations": 3,
            "source": "SAU",
            "target": "USA"
        },
        {
            "Number Citations": 1,
            "source": "CHL",
            "target": "DEU"
        },
        {
            "Number Citations": 4,
            "source": "CHL",
            "target": "USA"
        },
        {
            "Number Citations": 1,
            "source": "CHL",
            "target": "FRA"
        },
        {
            "Number Citations": 4,
            "source": "DNK",
            "target": "DEU"
        },
        {
            "Number Citations": 5,
            "source": "DNK",
            "target": "JPN"
        },
        {
            "Number Citations": 43,
            "source": "DNK",
            "target": "USA"
        },
        {
            "Number Citations": 1,
            "source": "DNK",
            "target": "TWN"
        },
        {
            "Number Citations": 1,
            "source": "DNK",
            "target": "ITA"
        },
        {
            "Number Citations": 45,
            "source": "DNK",
            "target": "DNK"
        },
        {
            "Number Citations": 3,
            "source": "DNK",
            "target": "FRA"
        },
        {
            "Number Citations": 1,
            "source": "DNK",
            "target": "NLD"
        },
        {
            "Number Citations": 1,
            "source": "DNK",
            "target": "GBR"
        },
        {
            "Number Citations": 1,
            "source": "DNK",
            "target": "CHE"
        },
        {
            "Number Citations": 1,
            "source": "HUN",
            "target": "DEU"
        },
        {
            "Number Citations": 20,
            "source": "HUN",
            "target": "USA"
        },
        {
            "Number Citations": 1,
            "source": "HUN",
            "target": "TWN"
        },
        {
            "Number Citations": 1,
            "source": "HUN",
            "target": "CHE"
        },
        {
            "Number Citations": 1,
            "source": "CZE",
            "target": "DEU"
        },
        {
            "Number Citations": 2,
            "source": "CZE",
            "target": "JPN"
        },
        {
            "Number Citations": 1,
            "source": "CZE",
            "target": "RUS"
        },
        {
            "Number Citations": 1,
            "source": "KWT",
            "target": "DEU"
        },
        {
            "Number Citations": 1,
            "source": "CHN",
            "target": "DEU"
        },
        {
            "Number Citations": 2,
            "source": "CHN",
            "target": "JPN"
        },
        {
            "Number Citations": 7,
            "source": "CHN",
            "target": "USA"
        },
        {
            "Number Citations": 1,
            "source": "CHN",
            "target": "CAN"
        },
        {
            "Number Citations": 2,
            "source": "CHN",
            "target": "TWN"
        },
        {
            "Number Citations": 2,
            "source": "CHN",
            "target": "KOR"
        },
        {
            "Number Citations": 1,
            "source": "CHN",
            "target": "NLD"
        },
        {
            "Number Citations": 3,
            "source": "CHN",
            "target": "CHN"
        },
        {
            "Number Citations": 1,
            "source": "CHN",
            "target": "HKG"
        },
        {
            "Number Citations": 1,
            "source": "CYM",
            "target": "DEU"
        },
        {
            "Number Citations": 1,
            "source": "CYM",
            "target": "USA"
        },
        {
            "Number Citations": 1,
            "source": "BRA",
            "target": "DEU"
        },
        {
            "Number Citations": 1,
            "source": "BRA",
            "target": "JPN"
        },
        {
            "Number Citations": 12,
            "source": "BRA",
            "target": "USA"
        },
        {
            "Number Citations": 1,
            "source": "BRA",
            "target": "CAN"
        },
        {
            "Number Citations": 3,
            "source": "BRA",
            "target": "BRA"
        },
        {
            "Number Citations": 2,
            "source": "BRA",
            "target": "SWE"
        },
        {
            "Number Citations": 1,
            "source": "LIE",
            "target": "JPN"
        },
        {
            "Number Citations": 2,
            "source": "LIE",
            "target": "USA"
        },
        {
            "Number Citations": 1,
            "source": "LIE",
            "target": "CAN"
        },
        {
            "Number Citations": 1,
            "source": "GRC",
            "target": "JPN"
        },
        {
            "Number Citations": 1,
            "source": "GRC",
            "target": "USA"
        },
        {
            "Number Citations": 1,
            "source": "GRC",
            "target": "GBR"
        },
        {
            "Number Citations": 1,
            "source": "UKR",
            "target": "JPN"
        },
        {
            "Number Citations": 2,
            "source": "UKR",
            "target": "USA"
        },
        {
            "Number Citations": 1,
            "source": "IND",
            "target": "JPN"
        },
        {
            "Number Citations": 12,
            "source": "IND",
            "target": "USA"
        },
        {
            "Number Citations": 1,
            "source": "IND",
            "target": "KOR"
        },
        {
            "Number Citations": 1,
            "source": "IND",
            "target": "ITA"
        },
        {
            "Number Citations": 1,
            "source": "IND",
            "target": "GBR"
        },
        {
            "Number Citations": 2,
            "source": "IND",
            "target": "ISR"
        },
        {
            "Number Citations": 4,
            "source": "IND",
            "target": "IND"
        },
        {
            "Number Citations": 1,
            "source": "COL",
            "target": "JPN"
        },
        {
            "Number Citations": 2,
            "source": "COL",
            "target": "USA"
        },
        {
            "Number Citations": 4,
            "source": "VEN",
            "target": "USA"
        },
        {
            "Number Citations": 4,
            "source": "VEN",
            "target": "VEN"
        },
        {
            "Number Citations": 9,
            "source": "ISL",
            "target": "USA"
        },
        {
            "Number Citations": 1,
            "source": "ISL",
            "target": "ISL"
        },
        {
            "Number Citations": 5,
            "source": "MYS",
            "target": "USA"
        },
        {
            "Number Citations": 1,
            "source": "MYS",
            "target": "TWN"
        },
        {
            "Number Citations": 2,
            "source": "LUX",
            "target": "USA"
        },
        {
            "Number Citations": 1,
            "source": "LUX",
            "target": "LUX"
        },
        {
            "Number Citations": 7,
            "source": "BHS",
            "target": "USA"
        },
        {
            "Number Citations": 1,
            "source": "BHS",
            "target": "FRA"
        },
        {
            "Number Citations": 1,
            "source": "USSR",
            "target": "USA"
        },
        {
            "Number Citations": 4,
            "source": "GTM",
            "target": "USA"
        },
        {
            "Number Citations": 3,
            "source": "MCO",
            "target": "USA"
        },
        {
            "Number Citations": 1,
            "source": "MCO",
            "target": "BRA"
        },
        {
            "Number Citations": 1,
            "source": "MCO",
            "target": "AUT"
        },
        {
            "Number Citations": 1,
            "source": "MCO",
            "target": "MCO"
        },
        {
            "Number Citations": 3,
            "source": "MEX",
            "target": "USA"
        },
        {
            "Number Citations": 1,
            "source": "MEX",
            "target": "MEX"
        },
        {
            "Number Citations": 2,
            "source": "PER",
            "target": "USA"
        },
        {
            "Number Citations": 1,
            "source": "PER",
            "target": "PER"
        },
        {
            "Number Citations": 1,
            "source": "HRV",
            "target": "USA"
        },
        {
            "Number Citations": 1,
            "source": "VGB",
            "target": "USA"
        },
        {
            "Number Citations": 1,
            "source": "KNA",
            "target": "USA"
        },
        {
            "Number Citations": 1,
            "source": "BLR",
            "target": "USA"
        },
        {
            "Number Citations": 1,
            "source": "MMR",
            "target": "USA"
        },
        {
            "Number Citations": 2,
            "source": "TUR",
            "target": "USA"
        },
        {
            "Number Citations": 1,
            "source": "TUR",
            "target": "TWN"
        },
        {
            "Number Citations": 1,
            "source": "TTO",
            "target": "USA"
        },
        {
            "Number Citations": 1,
            "source": "SLV",
            "target": "USA"
        },
        {
            "Number Citations": 1,
            "source": "PAK",
            "target": "USA"
        },
        {
            "Number Citations": 1,
            "source": "THA",
            "target": "USA"
        },
        {
            "Number Citations": 1,
            "source": "THA",
            "target": "TWN"
        },
        {
            "Number Citations": 1,
            "source": "THA",
            "target": "FRA"
        },
        {
            "Number Citations": 1,
            "source": "THA",
            "target": "GBR"
        },
        {
            "Number Citations": 1,
            "source": "AND",
            "target": "AND"
        },
        {
            "Number Citations": 1,
            "source": "ECU",
            "target": "ECU"
        }
    ]
}