{
    "directed": true,
    "multigraph": false,
    "graph": {
        "year": 1979
    },
    "nodes": [
        {
            "id": "USA"
        },
        {
            "id": "GBR"
        },
        {
            "id": "ZAF"
        },
        {
            "id": "FRA"
        },
        {
            "id": "CHE"
        },
        {
            "id": "CAN"
        },
        {
            "id": "SWE"
        },
        {
            "id": "JPN"
        },
        {
            "id": "USSR"
        },
        {
            "id": "DEU"
        },
        {
            "id": "BEL"
        },
        {
            "id": "NOR"
        },
        {
            "id": "CSK"
        },
        {
            "id": "ITA"
        },
        {
            "id": "ESP"
        },
        {
            "id": "AUS"
        },
        {
            "id": "NLD"
        },
        {
            "id": "LBN"
        },
        {
            "id": "BOL"
        },
        {
            "id": "MEX"
        },
        {
            "id": "ROU"
        },
        {
            "id": "NZL"
        },
        {
            "id": "AUT"
        },
        {
            "id": "LIE"
        },
        {
            "id": "DNK"
        },
        {
            "id": "ISR"
        },
        {
            "id": "FIN"
        },
        {
            "id": "KOR"
        },
        {
            "id": "IND"
        },
        {
            "id": "HKG"
        },
        {
            "id": "CRI"
        },
        {
            "id": "SAU"
        },
        {
            "id": "CHL"
        },
        {
            "id": "MCO"
        },
        {
            "id": "IRL"
        },
        {
            "id": "LKA"
        },
        {
            "id": "SGP"
        },
        {
            "id": "COL"
        },
        {
            "id": "YUG"
        },
        {
            "id": "ARG"
        },
        {
            "id": "HUN"
        },
        {
            "id": "POL"
        },
        {
            "id": "GRC"
        },
        {
            "id": "PHL"
        },
        {
            "id": "CHN"
        },
        {
            "id": "LUX"
        },
        {
            "id": "TWN"
        },
        {
            "id": "HND"
        },
        {
            "id": "BRA"
        },
        {
            "id": "KEN"
        },
        {
            "id": "VEN"
        },
        {
            "id": "IRN"
        },
        {
            "id": "BMU"
        },
        {
            "id": "MAR"
        },
        {
            "id": "THA"
        },
        {
            "id": "BGR"
        },
        {
            "id": "BRB"
        },
        {
            "id": "BHS"
        },
        {
            "id": "IDN"
        },
        {
            "id": "TTO"
        },
        {
            "id": "PRT"
        },
        {
            "id": "JAM"
        },
        {
            "id": "KWT"
        },
        {
            "id": "NIC"
        },
        {
            "id": "SDN"
        },
        {
            "id": "PER"
        },
        {
            "id": "MLI"
        },
        {
            "id": "TZA"
        },
        {
            "id": "TUR"
        },
        {
            "id": "DOM"
        },
        {
            "id": "PAN"
        },
        {
            "id": "CUB"
        },
        {
            "id": "MYS"
        },
        {
            "id": "ISL"
        },
        {
            "id": "URY"
        },
        {
            "id": "EGY"
        },
        {
            "id": "GUY"
        },
        {
            "id": "NGA"
        },
        {
            "id": "HTI"
        },
        {
            "id": "GTM"
        },
        {
            "id": "CYM"
        },
        {
            "id": "ECU"
        },
        {
            "id": "MMR"
        },
        {
            "id": "PYF"
        },
        {
            "id": "SEN"
        },
        {
            "id": "ANT"
        },
        {
            "id": "TUN"
        },
        {
            "id": "ATG"
        },
        {
            "id": "PRY"
        }
    ],
    "links": [
        {
            "Number Citations": 92831,
            "source": "USA",
            "target": "USA"
        },
        {
            "Number Citations": 10750,
            "source": "USA",
            "target": "JPN"
        },
        {
            "Number Citations": 1960,
            "source": "USA",
            "target": "CAN"
        },
        {
            "Number Citations": 339,
            "source": "USA",
            "target": "AUT"
        },
        {
            "Number Citations": 987,
            "source": "USA",
            "target": "NLD"
        },
        {
            "Number Citations": 3973,
            "source": "USA",
            "target": "GBR"
        },
        {
            "Number Citations": 8184,
            "source": "USA",
            "target": "DEU"
        },
        {
            "Number Citations": 1103,
            "source": "USA",
            "target": "SWE"
        },
        {
            "Number Citations": 3247,
            "source": "USA",
            "target": "FRA"
        },
        {
            "Number Citations": 1152,
            "source": "USA",
            "target": "ITA"
        },
        {
            "Number Citations": 1785,
            "source": "USA",
            "target": "CHE"
        },
        {
            "Number Citations": 87,
            "source": "USA",
            "target": "ESP"
        },
        {
            "Number Citations": 51,
            "source": "USA",
            "target": "POL"
        },
        {
            "Number Citations": 617,
            "source": "USA",
            "target": "USSR"
        },
        {
            "Number Citations": 157,
            "source": "USA",
            "target": "FIN"
        },
        {
            "Number Citations": 105,
            "source": "USA",
            "target": "HUN"
        },
        {
            "Number Citations": 465,
            "source": "USA",
            "target": "AUS"
        },
        {
            "Number Citations": 391,
            "source": "USA",
            "target": "BEL"
        },
        {
            "Number Citations": 153,
            "source": "USA",
            "target": "NOR"
        },
        {
            "Number Citations": 189,
            "source": "USA",
            "target": "ISR"
        },
        {
            "Number Citations": 241,
            "source": "USA",
            "target": "DNK"
        },
        {
            "Number Citations": 17,
            "source": "USA",
            "target": "VEN"
        },
        {
            "Number Citations": 119,
            "source": "USA",
            "target": "ZAF"
        },
        {
            "Number Citations": 4,
            "source": "USA",
            "target": "MYS"
        },
        {
            "Number Citations": 30,
            "source": "USA",
            "target": "ARG"
        },
        {
            "Number Citations": 18,
            "source": "USA",
            "target": "IRL"
        },
        {
            "Number Citations": 65,
            "source": "USA",
            "target": "CSK"
        },
        {
            "Number Citations": 82,
            "source": "USA",
            "target": "MEX"
        },
        {
            "Number Citations": 43,
            "source": "USA",
            "target": "NZL"
        },
        {
            "Number Citations": 3,
            "source": "USA",
            "target": "MCO"
        },
        {
            "Number Citations": 23,
            "source": "USA",
            "target": "LIE"
        },
        {
            "Number Citations": 24,
            "source": "USA",
            "target": "BGR"
        },
        {
            "Number Citations": 16,
            "source": "USA",
            "target": "IND"
        },
        {
            "Number Citations": 61,
            "source": "USA",
            "target": "TWN"
        },
        {
            "Number Citations": 27,
            "source": "USA",
            "target": "HKG"
        },
        {
            "Number Citations": 5,
            "source": "USA",
            "target": "ISL"
        },
        {
            "Number Citations": 42,
            "source": "USA",
            "target": "LUX"
        },
        {
            "Number Citations": 8,
            "source": "USA",
            "target": "BHS"
        },
        {
            "Number Citations": 4,
            "source": "USA",
            "target": "COL"
        },
        {
            "Number Citations": 12,
            "source": "USA",
            "target": "CUB"
        },
        {
            "Number Citations": 5,
            "source": "USA",
            "target": "KOR"
        },
        {
            "Number Citations": 15,
            "source": "USA",
            "target": "CRI"
        },
        {
            "Number Citations": 29,
            "source": "USA",
            "target": "BRA"
        },
        {
            "Number Citations": 12,
            "source": "USA",
            "target": "TUR"
        },
        {
            "Number Citations": 1,
            "source": "USA",
            "target": "CYM"
        },
        {
            "Number Citations": 8,
            "source": "USA",
            "target": "PHL"
        },
        {
            "Number Citations": 8,
            "source": "USA",
            "target": "ECU"
        },
        {
            "Number Citations": 5,
            "source": "USA",
            "target": "HTI"
        },
        {
            "Number Citations": 11,
            "source": "USA",
            "target": "IRN"
        },
        {
            "Number Citations": 14,
            "source": "USA",
            "target": "ROU"
        },
        {
            "Number Citations": 8,
            "source": "USA",
            "target": "YUG"
        },
        {
            "Number Citations": 17,
            "source": "USA",
            "target": "GRC"
        },
        {
            "Number Citations": 9,
            "source": "USA",
            "target": "PER"
        },
        {
            "Number Citations": 3,
            "source": "USA",
            "target": "THA"
        },
        {
            "Number Citations": 9,
            "source": "USA",
            "target": "TTO"
        },
        {
            "Number Citations": 6,
            "source": "USA",
            "target": "PYF"
        },
        {
            "Number Citations": 2,
            "source": "USA",
            "target": "SEN"
        },
        {
            "Number Citations": 2,
            "source": "USA",
            "target": "CHN"
        },
        {
            "Number Citations": 5,
            "source": "USA",
            "target": "BMU"
        },
        {
            "Number Citations": 3,
            "source": "USA",
            "target": "ANT"
        },
        {
            "Number Citations": 4,
            "source": "USA",
            "target": "IDN"
        },
        {
            "Number Citations": 2,
            "source": "USA",
            "target": "TUN"
        },
        {
            "Number Citations": 7,
            "source": "USA",
            "target": "ATG"
        },
        {
            "Number Citations": 1,
            "source": "USA",
            "target": "PRY"
        },
        {
            "Number Citations": 3510,
            "source": "GBR",
            "target": "USA"
        },
        {
            "Number Citations": 697,
            "source": "GBR",
            "target": "JPN"
        },
        {
            "Number Citations": 101,
            "source": "GBR",
            "target": "CAN"
        },
        {
            "Number Citations": 26,
            "source": "GBR",
            "target": "AUT"
        },
        {
            "Number Citations": 82,
            "source": "GBR",
            "target": "NLD"
        },
        {
            "Number Citations": 1096,
            "source": "GBR",
            "target": "GBR"
        },
        {
            "Number Citations": 646,
            "source": "GBR",
            "target": "DEU"
        },
        {
            "Number Citations": 79,
            "source": "GBR",
            "target": "SWE"
        },
        {
            "Number Citations": 248,
            "source": "GBR",
            "target": "FRA"
        },
        {
            "Number Citations": 97,
            "source": "GBR",
            "target": "ITA"
        },
        {
            "Number Citations": 158,
            "source": "GBR",
            "target": "CHE"
        },
        {
            "Number Citations": 9,
            "source": "GBR",
            "target": "ESP"
        },
        {
            "Number Citations": 3,
            "source": "GBR",
            "target": "POL"
        },
        {
            "Number Citations": 47,
            "source": "GBR",
            "target": "USSR"
        },
        {
            "Number Citations": 4,
            "source": "GBR",
            "target": "FIN"
        },
        {
            "Number Citations": 8,
            "source": "GBR",
            "target": "HUN"
        },
        {
            "Number Citations": 17,
            "source": "GBR",
            "target": "AUS"
        },
        {
            "Number Citations": 34,
            "source": "GBR",
            "target": "BEL"
        },
        {
            "Number Citations": 12,
            "source": "GBR",
            "target": "NOR"
        },
        {
            "Number Citations": 10,
            "source": "GBR",
            "target": "ISR"
        },
        {
            "Number Citations": 10,
            "source": "GBR",
            "target": "DNK"
        },
        {
            "Number Citations": 1,
            "source": "GBR",
            "target": "VEN"
        },
        {
            "Number Citations": 16,
            "source": "GBR",
            "target": "ZAF"
        },
        {
            "Number Citations": 1,
            "source": "GBR",
            "target": "ARG"
        },
        {
            "Number Citations": 2,
            "source": "GBR",
            "target": "IRL"
        },
        {
            "Number Citations": 8,
            "source": "GBR",
            "target": "CSK"
        },
        {
            "Number Citations": 2,
            "source": "GBR",
            "target": "MEX"
        },
        {
            "Number Citations": 7,
            "source": "GBR",
            "target": "NZL"
        },
        {
            "Number Citations": 2,
            "source": "GBR",
            "target": "MCO"
        },
        {
            "Number Citations": 1,
            "source": "GBR",
            "target": "BGR"
        },
        {
            "Number Citations": 5,
            "source": "GBR",
            "target": "IND"
        },
        {
            "Number Citations": 3,
            "source": "GBR",
            "target": "TWN"
        },
        {
            "Number Citations": 2,
            "source": "GBR",
            "target": "HKG"
        },
        {
            "Number Citations": 2,
            "source": "GBR",
            "target": "LUX"
        },
        {
            "Number Citations": 1,
            "source": "GBR",
            "target": "BHS"
        },
        {
            "Number Citations": 1,
            "source": "GBR",
            "target": "BRA"
        },
        {
            "Number Citations": 1,
            "source": "GBR",
            "target": "TUR"
        },
        {
            "Number Citations": 1,
            "source": "GBR",
            "target": "HTI"
        },
        {
            "Number Citations": 1,
            "source": "GBR",
            "target": "IRN"
        },
        {
            "Number Citations": 1,
            "source": "GBR",
            "target": "ROU"
        },
        {
            "Number Citations": 2,
            "source": "GBR",
            "target": "YUG"
        },
        {
            "Number Citations": 96,
            "source": "ZAF",
            "target": "USA"
        },
        {
            "Number Citations": 9,
            "source": "ZAF",
            "target": "JPN"
        },
        {
            "Number Citations": 10,
            "source": "ZAF",
            "target": "CAN"
        },
        {
            "Number Citations": 1,
            "source": "ZAF",
            "target": "NLD"
        },
        {
            "Number Citations": 8,
            "source": "ZAF",
            "target": "GBR"
        },
        {
            "Number Citations": 20,
            "source": "ZAF",
            "target": "DEU"
        },
        {
            "Number Citations": 3,
            "source": "ZAF",
            "target": "SWE"
        },
        {
            "Number Citations": 2,
            "source": "ZAF",
            "target": "FRA"
        },
        {
            "Number Citations": 2,
            "source": "ZAF",
            "target": "ITA"
        },
        {
            "Number Citations": 4,
            "source": "ZAF",
            "target": "CHE"
        },
        {
            "Number Citations": 1,
            "source": "ZAF",
            "target": "ESP"
        },
        {
            "Number Citations": 3,
            "source": "ZAF",
            "target": "USSR"
        },
        {
            "Number Citations": 2,
            "source": "ZAF",
            "target": "HUN"
        },
        {
            "Number Citations": 2,
            "source": "ZAF",
            "target": "DNK"
        },
        {
            "Number Citations": 15,
            "source": "ZAF",
            "target": "ZAF"
        },
        {
            "Number Citations": 1,
            "source": "ZAF",
            "target": "MEX"
        },
        {
            "Number Citations": 2289,
            "source": "FRA",
            "target": "USA"
        },
        {
            "Number Citations": 457,
            "source": "FRA",
            "target": "JPN"
        },
        {
            "Number Citations": 71,
            "source": "FRA",
            "target": "CAN"
        },
        {
            "Number Citations": 20,
            "source": "FRA",
            "target": "AUT"
        },
        {
            "Number Citations": 53,
            "source": "FRA",
            "target": "NLD"
        },
        {
            "Number Citations": 212,
            "source": "FRA",
            "target": "GBR"
        },
        {
            "Number Citations": 441,
            "source": "FRA",
            "target": "DEU"
        },
        {
            "Number Citations": 58,
            "source": "FRA",
            "target": "SWE"
        },
        {
            "Number Citations": 686,
            "source": "FRA",
            "target": "FRA"
        },
        {
            "Number Citations": 70,
            "source": "FRA",
            "target": "ITA"
        },
        {
            "Number Citations": 106,
            "source": "FRA",
            "target": "CHE"
        },
        {
            "Number Citations": 11,
            "source": "FRA",
            "target": "ESP"
        },
        {
            "Number Citations": 1,
            "source": "FRA",
            "target": "POL"
        },
        {
            "Number Citations": 37,
            "source": "FRA",
            "target": "USSR"
        },
        {
            "Number Citations": 9,
            "source": "FRA",
            "target": "FIN"
        },
        {
            "Number Citations": 12,
            "source": "FRA",
            "target": "HUN"
        },
        {
            "Number Citations": 12,
            "source": "FRA",
            "target": "AUS"
        },
        {
            "Number Citations": 16,
            "source": "FRA",
            "target": "BEL"
        },
        {
            "Number Citations": 9,
            "source": "FRA",
            "target": "NOR"
        },
        {
            "Number Citations": 7,
            "source": "FRA",
            "target": "ISR"
        },
        {
            "Number Citations": 12,
            "source": "FRA",
            "target": "DNK"
        },
        {
            "Number Citations": 2,
            "source": "FRA",
            "target": "VEN"
        },
        {
            "Number Citations": 4,
            "source": "FRA",
            "target": "ZAF"
        },
        {
            "Number Citations": 2,
            "source": "FRA",
            "target": "ARG"
        },
        {
            "Number Citations": 1,
            "source": "FRA",
            "target": "IRL"
        },
        {
            "Number Citations": 5,
            "source": "FRA",
            "target": "CSK"
        },
        {
            "Number Citations": 3,
            "source": "FRA",
            "target": "MEX"
        },
        {
            "Number Citations": 4,
            "source": "FRA",
            "target": "NZL"
        },
        {
            "Number Citations": 1,
            "source": "FRA",
            "target": "LIE"
        },
        {
            "Number Citations": 1,
            "source": "FRA",
            "target": "IND"
        },
        {
            "Number Citations": 2,
            "source": "FRA",
            "target": "TWN"
        },
        {
            "Number Citations": 1,
            "source": "FRA",
            "target": "HKG"
        },
        {
            "Number Citations": 2,
            "source": "FRA",
            "target": "LUX"
        },
        {
            "Number Citations": 1,
            "source": "FRA",
            "target": "KOR"
        },
        {
            "Number Citations": 1,
            "source": "FRA",
            "target": "BRA"
        },
        {
            "Number Citations": 1,
            "source": "FRA",
            "target": "TUR"
        },
        {
            "Number Citations": 1,
            "source": "FRA",
            "target": "GRC"
        },
        {
            "Number Citations": 1064,
            "source": "CHE",
            "target": "USA"
        },
        {
            "Number Citations": 241,
            "source": "CHE",
            "target": "JPN"
        },
        {
            "Number Citations": 35,
            "source": "CHE",
            "target": "CAN"
        },
        {
            "Number Citations": 36,
            "source": "CHE",
            "target": "AUT"
        },
        {
            "Number Citations": 38,
            "source": "CHE",
            "target": "NLD"
        },
        {
            "Number Citations": 106,
            "source": "CHE",
            "target": "GBR"
        },
        {
            "Number Citations": 394,
            "source": "CHE",
            "target": "DEU"
        },
        {
            "Number Citations": 36,
            "source": "CHE",
            "target": "SWE"
        },
        {
            "Number Citations": 133,
            "source": "CHE",
            "target": "FRA"
        },
        {
            "Number Citations": 39,
            "source": "CHE",
            "target": "ITA"
        },
        {
            "Number Citations": 532,
            "source": "CHE",
            "target": "CHE"
        },
        {
            "Number Citations": 4,
            "source": "CHE",
            "target": "ESP"
        },
        {
            "Number Citations": 1,
            "source": "CHE",
            "target": "POL"
        },
        {
            "Number Citations": 17,
            "source": "CHE",
            "target": "USSR"
        },
        {
            "Number Citations": 3,
            "source": "CHE",
            "target": "FIN"
        },
        {
            "Number Citations": 4,
            "source": "CHE",
            "target": "HUN"
        },
        {
            "Number Citations": 7,
            "source": "CHE",
            "target": "AUS"
        },
        {
            "Number Citations": 10,
            "source": "CHE",
            "target": "BEL"
        },
        {
            "Number Citations": 5,
            "source": "CHE",
            "target": "ISR"
        },
        {
            "Number Citations": 4,
            "source": "CHE",
            "target": "DNK"
        },
        {
            "Number Citations": 1,
            "source": "CHE",
            "target": "VEN"
        },
        {
            "Number Citations": 1,
            "source": "CHE",
            "target": "ZAF"
        },
        {
            "Number Citations": 6,
            "source": "CHE",
            "target": "CSK"
        },
        {
            "Number Citations": 3,
            "source": "CHE",
            "target": "MEX"
        },
        {
            "Number Citations": 5,
            "source": "CHE",
            "target": "NZL"
        },
        {
            "Number Citations": 1,
            "source": "CHE",
            "target": "IND"
        },
        {
            "Number Citations": 1,
            "source": "CHE",
            "target": "TWN"
        },
        {
            "Number Citations": 1,
            "source": "CHE",
            "target": "BHS"
        },
        {
            "Number Citations": 1,
            "source": "CHE",
            "target": "COL"
        },
        {
            "Number Citations": 1,
            "source": "CHE",
            "target": "CUB"
        },
        {
            "Number Citations": 1,
            "source": "CHE",
            "target": "BRA"
        },
        {
            "Number Citations": 1,
            "source": "CHE",
            "target": "PHL"
        },
        {
            "Number Citations": 1617,
            "source": "CAN",
            "target": "USA"
        },
        {
            "Number Citations": 195,
            "source": "CAN",
            "target": "JPN"
        },
        {
            "Number Citations": 295,
            "source": "CAN",
            "target": "CAN"
        },
        {
            "Number Citations": 10,
            "source": "CAN",
            "target": "AUT"
        },
        {
            "Number Citations": 20,
            "source": "CAN",
            "target": "NLD"
        },
        {
            "Number Citations": 95,
            "source": "CAN",
            "target": "GBR"
        },
        {
            "Number Citations": 149,
            "source": "CAN",
            "target": "DEU"
        },
        {
            "Number Citations": 55,
            "source": "CAN",
            "target": "SWE"
        },
        {
            "Number Citations": 76,
            "source": "CAN",
            "target": "FRA"
        },
        {
            "Number Citations": 35,
            "source": "CAN",
            "target": "ITA"
        },
        {
            "Number Citations": 28,
            "source": "CAN",
            "target": "CHE"
        },
        {
            "Number Citations": 1,
            "source": "CAN",
            "target": "ESP"
        },
        {
            "Number Citations": 1,
            "source": "CAN",
            "target": "POL"
        },
        {
            "Number Citations": 15,
            "source": "CAN",
            "target": "USSR"
        },
        {
            "Number Citations": 9,
            "source": "CAN",
            "target": "FIN"
        },
        {
            "Number Citations": 5,
            "source": "CAN",
            "target": "HUN"
        },
        {
            "Number Citations": 23,
            "source": "CAN",
            "target": "AUS"
        },
        {
            "Number Citations": 4,
            "source": "CAN",
            "target": "BEL"
        },
        {
            "Number Citations": 6,
            "source": "CAN",
            "target": "NOR"
        },
        {
            "Number Citations": 3,
            "source": "CAN",
            "target": "ISR"
        },
        {
            "Number Citations": 4,
            "source": "CAN",
            "target": "DNK"
        },
        {
            "Number Citations": 1,
            "source": "CAN",
            "target": "VEN"
        },
        {
            "Number Citations": 5,
            "source": "CAN",
            "target": "ZAF"
        },
        {
            "Number Citations": 1,
            "source": "CAN",
            "target": "ARG"
        },
        {
            "Number Citations": 3,
            "source": "CAN",
            "target": "CSK"
        },
        {
            "Number Citations": 1,
            "source": "CAN",
            "target": "MEX"
        },
        {
            "Number Citations": 3,
            "source": "CAN",
            "target": "NZL"
        },
        {
            "Number Citations": 2,
            "source": "CAN",
            "target": "TWN"
        },
        {
            "Number Citations": 1,
            "source": "CAN",
            "target": "ISL"
        },
        {
            "Number Citations": 6,
            "source": "CAN",
            "target": "LUX"
        },
        {
            "Number Citations": 1,
            "source": "CAN",
            "target": "BHS"
        },
        {
            "Number Citations": 3,
            "source": "CAN",
            "target": "BRA"
        },
        {
            "Number Citations": 1,
            "source": "CAN",
            "target": "IRN"
        },
        {
            "Number Citations": 1,
            "source": "CAN",
            "target": "GRC"
        },
        {
            "Number Citations": 1,
            "source": "CAN",
            "target": "TUN"
        },
        {
            "Number Citations": 1,
            "source": "CAN",
            "target": "ATG"
        },
        {
            "Number Citations": 791,
            "source": "SWE",
            "target": "USA"
        },
        {
            "Number Citations": 128,
            "source": "SWE",
            "target": "JPN"
        },
        {
            "Number Citations": 28,
            "source": "SWE",
            "target": "CAN"
        },
        {
            "Number Citations": 8,
            "source": "SWE",
            "target": "AUT"
        },
        {
            "Number Citations": 13,
            "source": "SWE",
            "target": "NLD"
        },
        {
            "Number Citations": 56,
            "source": "SWE",
            "target": "GBR"
        },
        {
            "Number Citations": 148,
            "source": "SWE",
            "target": "DEU"
        },
        {
            "Number Citations": 214,
            "source": "SWE",
            "target": "SWE"
        },
        {
            "Number Citations": 70,
            "source": "SWE",
            "target": "FRA"
        },
        {
            "Number Citations": 28,
            "source": "SWE",
            "target": "ITA"
        },
        {
            "Number Citations": 38,
            "source": "SWE",
            "target": "CHE"
        },
        {
            "Number Citations": 3,
            "source": "SWE",
            "target": "ESP"
        },
        {
            "Number Citations": 12,
            "source": "SWE",
            "target": "USSR"
        },
        {
            "Number Citations": 13,
            "source": "SWE",
            "target": "FIN"
        },
        {
            "Number Citations": 1,
            "source": "SWE",
            "target": "HUN"
        },
        {
            "Number Citations": 8,
            "source": "SWE",
            "target": "AUS"
        },
        {
            "Number Citations": 1,
            "source": "SWE",
            "target": "BEL"
        },
        {
            "Number Citations": 5,
            "source": "SWE",
            "target": "NOR"
        },
        {
            "Number Citations": 5,
            "source": "SWE",
            "target": "ISR"
        },
        {
            "Number Citations": 4,
            "source": "SWE",
            "target": "DNK"
        },
        {
            "Number Citations": 1,
            "source": "SWE",
            "target": "VEN"
        },
        {
            "Number Citations": 4,
            "source": "SWE",
            "target": "ZAF"
        },
        {
            "Number Citations": 1,
            "source": "SWE",
            "target": "MEX"
        },
        {
            "Number Citations": 3,
            "source": "SWE",
            "target": "NZL"
        },
        {
            "Number Citations": 1,
            "source": "SWE",
            "target": "BGR"
        },
        {
            "Number Citations": 1,
            "source": "SWE",
            "target": "COL"
        },
        {
            "Number Citations": 3,
            "source": "SWE",
            "target": "BRA"
        },
        {
            "Number Citations": 5482,
            "source": "JPN",
            "target": "USA"
        },
        {
            "Number Citations": 5326,
            "source": "JPN",
            "target": "JPN"
        },
        {
            "Number Citations": 107,
            "source": "JPN",
            "target": "CAN"
        },
        {
            "Number Citations": 43,
            "source": "JPN",
            "target": "AUT"
        },
        {
            "Number Citations": 141,
            "source": "JPN",
            "target": "NLD"
        },
        {
            "Number Citations": 420,
            "source": "JPN",
            "target": "GBR"
        },
        {
            "Number Citations": 1175,
            "source": "JPN",
            "target": "DEU"
        },
        {
            "Number Citations": 85,
            "source": "JPN",
            "target": "SWE"
        },
        {
            "Number Citations": 305,
            "source": "JPN",
            "target": "FRA"
        },
        {
            "Number Citations": 150,
            "source": "JPN",
            "target": "ITA"
        },
        {
            "Number Citations": 248,
            "source": "JPN",
            "target": "CHE"
        },
        {
            "Number Citations": 9,
            "source": "JPN",
            "target": "ESP"
        },
        {
            "Number Citations": 7,
            "source": "JPN",
            "target": "POL"
        },
        {
            "Number Citations": 79,
            "source": "JPN",
            "target": "USSR"
        },
        {
            "Number Citations": 10,
            "source": "JPN",
            "target": "FIN"
        },
        {
            "Number Citations": 7,
            "source": "JPN",
            "target": "HUN"
        },
        {
            "Number Citations": 40,
            "source": "JPN",
            "target": "AUS"
        },
        {
            "Number Citations": 65,
            "source": "JPN",
            "target": "BEL"
        },
        {
            "Number Citations": 8,
            "source": "JPN",
            "target": "NOR"
        },
        {
            "Number Citations": 12,
            "source": "JPN",
            "target": "ISR"
        },
        {
            "Number Citations": 36,
            "source": "JPN",
            "target": "DNK"
        },
        {
            "Number Citations": 11,
            "source": "JPN",
            "target": "ZAF"
        },
        {
            "Number Citations": 2,
            "source": "JPN",
            "target": "ARG"
        },
        {
            "Number Citations": 1,
            "source": "JPN",
            "target": "IRL"
        },
        {
            "Number Citations": 17,
            "source": "JPN",
            "target": "CSK"
        },
        {
            "Number Citations": 11,
            "source": "JPN",
            "target": "MEX"
        },
        {
            "Number Citations": 2,
            "source": "JPN",
            "target": "NZL"
        },
        {
            "Number Citations": 13,
            "source": "JPN",
            "target": "TWN"
        },
        {
            "Number Citations": 1,
            "source": "JPN",
            "target": "HKG"
        },
        {
            "Number Citations": 5,
            "source": "JPN",
            "target": "LUX"
        },
        {
            "Number Citations": 2,
            "source": "JPN",
            "target": "BHS"
        },
        {
            "Number Citations": 1,
            "source": "JPN",
            "target": "CRI"
        },
        {
            "Number Citations": 2,
            "source": "JPN",
            "target": "BRA"
        },
        {
            "Number Citations": 1,
            "source": "JPN",
            "target": "MMR"
        },
        {
            "Number Citations": 1,
            "source": "JPN",
            "target": "ROU"
        },
        {
            "Number Citations": 1,
            "source": "JPN",
            "target": "YUG"
        },
        {
            "Number Citations": 1,
            "source": "JPN",
            "target": "PER"
        },
        {
            "Number Citations": 226,
            "source": "USSR",
            "target": "USA"
        },
        {
            "Number Citations": 53,
            "source": "USSR",
            "target": "JPN"
        },
        {
            "Number Citations": 6,
            "source": "USSR",
            "target": "CAN"
        },
        {
            "Number Citations": 2,
            "source": "USSR",
            "target": "AUT"
        },
        {
            "Number Citations": 8,
            "source": "USSR",
            "target": "NLD"
        },
        {
            "Number Citations": 16,
            "source": "USSR",
            "target": "GBR"
        },
        {
            "Number Citations": 39,
            "source": "USSR",
            "target": "DEU"
        },
        {
            "Number Citations": 9,
            "source": "USSR",
            "target": "SWE"
        },
        {
            "Number Citations": 11,
            "source": "USSR",
            "target": "FRA"
        },
        {
            "Number Citations": 7,
            "source": "USSR",
            "target": "ITA"
        },
        {
            "Number Citations": 8,
            "source": "USSR",
            "target": "CHE"
        },
        {
            "Number Citations": 2,
            "source": "USSR",
            "target": "ESP"
        },
        {
            "Number Citations": 96,
            "source": "USSR",
            "target": "USSR"
        },
        {
            "Number Citations": 2,
            "source": "USSR",
            "target": "FIN"
        },
        {
            "Number Citations": 1,
            "source": "USSR",
            "target": "HUN"
        },
        {
            "Number Citations": 2,
            "source": "USSR",
            "target": "AUS"
        },
        {
            "Number Citations": 5,
            "source": "USSR",
            "target": "BEL"
        },
        {
            "Number Citations": 3,
            "source": "USSR",
            "target": "NOR"
        },
        {
            "Number Citations": 2,
            "source": "USSR",
            "target": "ISR"
        },
        {
            "Number Citations": 1,
            "source": "USSR",
            "target": "DNK"
        },
        {
            "Number Citations": 3,
            "source": "USSR",
            "target": "ZAF"
        },
        {
            "Number Citations": 1,
            "source": "USSR",
            "target": "MEX"
        },
        {
            "Number Citations": 3,
            "source": "USSR",
            "target": "BGR"
        },
        {
            "Number Citations": 2,
            "source": "USSR",
            "target": "LUX"
        },
        {
            "Number Citations": 2,
            "source": "USSR",
            "target": "ROU"
        },
        {
            "Number Citations": 5151,
            "source": "DEU",
            "target": "USA"
        },
        {
            "Number Citations": 1528,
            "source": "DEU",
            "target": "JPN"
        },
        {
            "Number Citations": 122,
            "source": "DEU",
            "target": "CAN"
        },
        {
            "Number Citations": 92,
            "source": "DEU",
            "target": "AUT"
        },
        {
            "Number Citations": 114,
            "source": "DEU",
            "target": "NLD"
        },
        {
            "Number Citations": 496,
            "source": "DEU",
            "target": "GBR"
        },
        {
            "Number Citations": 3248,
            "source": "DEU",
            "target": "DEU"
        },
        {
            "Number Citations": 122,
            "source": "DEU",
            "target": "SWE"
        },
        {
            "Number Citations": 398,
            "source": "DEU",
            "target": "FRA"
        },
        {
            "Number Citations": 168,
            "source": "DEU",
            "target": "ITA"
        },
        {
            "Number Citations": 357,
            "source": "DEU",
            "target": "CHE"
        },
        {
            "Number Citations": 17,
            "source": "DEU",
            "target": "ESP"
        },
        {
            "Number Citations": 5,
            "source": "DEU",
            "target": "POL"
        },
        {
            "Number Citations": 91,
            "source": "DEU",
            "target": "USSR"
        },
        {
            "Number Citations": 13,
            "source": "DEU",
            "target": "FIN"
        },
        {
            "Number Citations": 9,
            "source": "DEU",
            "target": "HUN"
        },
        {
            "Number Citations": 42,
            "source": "DEU",
            "target": "AUS"
        },
        {
            "Number Citations": 52,
            "source": "DEU",
            "target": "BEL"
        },
        {
            "Number Citations": 15,
            "source": "DEU",
            "target": "NOR"
        },
        {
            "Number Citations": 12,
            "source": "DEU",
            "target": "ISR"
        },
        {
            "Number Citations": 28,
            "source": "DEU",
            "target": "DNK"
        },
        {
            "Number Citations": 2,
            "source": "DEU",
            "target": "VEN"
        },
        {
            "Number Citations": 12,
            "source": "DEU",
            "target": "ZAF"
        },
        {
            "Number Citations": 5,
            "source": "DEU",
            "target": "ARG"
        },
        {
            "Number Citations": 1,
            "source": "DEU",
            "target": "IRL"
        },
        {
            "Number Citations": 14,
            "source": "DEU",
            "target": "CSK"
        },
        {
            "Number Citations": 9,
            "source": "DEU",
            "target": "MEX"
        },
        {
            "Number Citations": 2,
            "source": "DEU",
            "target": "NZL"
        },
        {
            "Number Citations": 2,
            "source": "DEU",
            "target": "LIE"
        },
        {
            "Number Citations": 4,
            "source": "DEU",
            "target": "IND"
        },
        {
            "Number Citations": 6,
            "source": "DEU",
            "target": "TWN"
        },
        {
            "Number Citations": 2,
            "source": "DEU",
            "target": "HKG"
        },
        {
            "Number Citations": 10,
            "source": "DEU",
            "target": "LUX"
        },
        {
            "Number Citations": 3,
            "source": "DEU",
            "target": "BHS"
        },
        {
            "Number Citations": 1,
            "source": "DEU",
            "target": "CUB"
        },
        {
            "Number Citations": 3,
            "source": "DEU",
            "target": "BRA"
        },
        {
            "Number Citations": 2,
            "source": "DEU",
            "target": "MMR"
        },
        {
            "Number Citations": 7,
            "source": "DEU",
            "target": "YUG"
        },
        {
            "Number Citations": 1,
            "source": "DEU",
            "target": "GRC"
        },
        {
            "Number Citations": 1,
            "source": "DEU",
            "target": "BMU"
        },
        {
            "Number Citations": 255,
            "source": "BEL",
            "target": "USA"
        },
        {
            "Number Citations": 81,
            "source": "BEL",
            "target": "JPN"
        },
        {
            "Number Citations": 10,
            "source": "BEL",
            "target": "CAN"
        },
        {
            "Number Citations": 4,
            "source": "BEL",
            "target": "AUT"
        },
        {
            "Number Citations": 12,
            "source": "BEL",
            "target": "NLD"
        },
        {
            "Number Citations": 31,
            "source": "BEL",
            "target": "GBR"
        },
        {
            "Number Citations": 71,
            "source": "BEL",
            "target": "DEU"
        },
        {
            "Number Citations": 9,
            "source": "BEL",
            "target": "SWE"
        },
        {
            "Number Citations": 19,
            "source": "BEL",
            "target": "FRA"
        },
        {
            "Number Citations": 9,
            "source": "BEL",
            "target": "ITA"
        },
        {
            "Number Citations": 11,
            "source": "BEL",
            "target": "CHE"
        },
        {
            "Number Citations": 5,
            "source": "BEL",
            "target": "USSR"
        },
        {
            "Number Citations": 1,
            "source": "BEL",
            "target": "FIN"
        },
        {
            "Number Citations": 1,
            "source": "BEL",
            "target": "HUN"
        },
        {
            "Number Citations": 3,
            "source": "BEL",
            "target": "AUS"
        },
        {
            "Number Citations": 57,
            "source": "BEL",
            "target": "BEL"
        },
        {
            "Number Citations": 1,
            "source": "BEL",
            "target": "CSK"
        },
        {
            "Number Citations": 1,
            "source": "BEL",
            "target": "MEX"
        },
        {
            "Number Citations": 2,
            "source": "BEL",
            "target": "LUX"
        },
        {
            "Number Citations": 2,
            "source": "BEL",
            "target": "BHS"
        },
        {
            "Number Citations": 96,
            "source": "NOR",
            "target": "USA"
        },
        {
            "Number Citations": 14,
            "source": "NOR",
            "target": "JPN"
        },
        {
            "Number Citations": 5,
            "source": "NOR",
            "target": "CAN"
        },
        {
            "Number Citations": 2,
            "source": "NOR",
            "target": "AUT"
        },
        {
            "Number Citations": 2,
            "source": "NOR",
            "target": "NLD"
        },
        {
            "Number Citations": 5,
            "source": "NOR",
            "target": "GBR"
        },
        {
            "Number Citations": 14,
            "source": "NOR",
            "target": "DEU"
        },
        {
            "Number Citations": 5,
            "source": "NOR",
            "target": "SWE"
        },
        {
            "Number Citations": 9,
            "source": "NOR",
            "target": "FRA"
        },
        {
            "Number Citations": 11,
            "source": "NOR",
            "target": "ITA"
        },
        {
            "Number Citations": 2,
            "source": "NOR",
            "target": "CHE"
        },
        {
            "Number Citations": 1,
            "source": "NOR",
            "target": "ESP"
        },
        {
            "Number Citations": 1,
            "source": "NOR",
            "target": "USSR"
        },
        {
            "Number Citations": 1,
            "source": "NOR",
            "target": "FIN"
        },
        {
            "Number Citations": 1,
            "source": "NOR",
            "target": "AUS"
        },
        {
            "Number Citations": 1,
            "source": "NOR",
            "target": "BEL"
        },
        {
            "Number Citations": 12,
            "source": "NOR",
            "target": "NOR"
        },
        {
            "Number Citations": 1,
            "source": "NOR",
            "target": "ZAF"
        },
        {
            "Number Citations": 93,
            "source": "CSK",
            "target": "USA"
        },
        {
            "Number Citations": 26,
            "source": "CSK",
            "target": "JPN"
        },
        {
            "Number Citations": 4,
            "source": "CSK",
            "target": "CAN"
        },
        {
            "Number Citations": 1,
            "source": "CSK",
            "target": "AUT"
        },
        {
            "Number Citations": 1,
            "source": "CSK",
            "target": "NLD"
        },
        {
            "Number Citations": 7,
            "source": "CSK",
            "target": "GBR"
        },
        {
            "Number Citations": 39,
            "source": "CSK",
            "target": "DEU"
        },
        {
            "Number Citations": 6,
            "source": "CSK",
            "target": "SWE"
        },
        {
            "Number Citations": 8,
            "source": "CSK",
            "target": "FRA"
        },
        {
            "Number Citations": 8,
            "source": "CSK",
            "target": "ITA"
        },
        {
            "Number Citations": 6,
            "source": "CSK",
            "target": "CHE"
        },
        {
            "Number Citations": 11,
            "source": "CSK",
            "target": "USSR"
        },
        {
            "Number Citations": 1,
            "source": "CSK",
            "target": "AUS"
        },
        {
            "Number Citations": 1,
            "source": "CSK",
            "target": "BEL"
        },
        {
            "Number Citations": 2,
            "source": "CSK",
            "target": "ISR"
        },
        {
            "Number Citations": 1,
            "source": "CSK",
            "target": "ZAF"
        },
        {
            "Number Citations": 27,
            "source": "CSK",
            "target": "CSK"
        },
        {
            "Number Citations": 1,
            "source": "CSK",
            "target": "BGR"
        },
        {
            "Number Citations": 663,
            "source": "ITA",
            "target": "USA"
        },
        {
            "Number Citations": 158,
            "source": "ITA",
            "target": "JPN"
        },
        {
            "Number Citations": 27,
            "source": "ITA",
            "target": "CAN"
        },
        {
            "Number Citations": 12,
            "source": "ITA",
            "target": "AUT"
        },
        {
            "Number Citations": 15,
            "source": "ITA",
            "target": "NLD"
        },
        {
            "Number Citations": 51,
            "source": "ITA",
            "target": "GBR"
        },
        {
            "Number Citations": 141,
            "source": "ITA",
            "target": "DEU"
        },
        {
            "Number Citations": 10,
            "source": "ITA",
            "target": "SWE"
        },
        {
            "Number Citations": 51,
            "source": "ITA",
            "target": "FRA"
        },
        {
            "Number Citations": 232,
            "source": "ITA",
            "target": "ITA"
        },
        {
            "Number Citations": 32,
            "source": "ITA",
            "target": "CHE"
        },
        {
            "Number Citations": 6,
            "source": "ITA",
            "target": "ESP"
        },
        {
            "Number Citations": 9,
            "source": "ITA",
            "target": "USSR"
        },
        {
            "Number Citations": 1,
            "source": "ITA",
            "target": "HUN"
        },
        {
            "Number Citations": 7,
            "source": "ITA",
            "target": "AUS"
        },
        {
            "Number Citations": 8,
            "source": "ITA",
            "target": "BEL"
        },
        {
            "Number Citations": 1,
            "source": "ITA",
            "target": "NOR"
        },
        {
            "Number Citations": 5,
            "source": "ITA",
            "target": "DNK"
        },
        {
            "Number Citations": 2,
            "source": "ITA",
            "target": "ZAF"
        },
        {
            "Number Citations": 2,
            "source": "ITA",
            "target": "CSK"
        },
        {
            "Number Citations": 1,
            "source": "ITA",
            "target": "MEX"
        },
        {
            "Number Citations": 2,
            "source": "ITA",
            "target": "TWN"
        },
        {
            "Number Citations": 3,
            "source": "ITA",
            "target": "BHS"
        },
        {
            "Number Citations": 1,
            "source": "ITA",
            "target": "COL"
        },
        {
            "Number Citations": 1,
            "source": "ITA",
            "target": "BRA"
        },
        {
            "Number Citations": 10,
            "source": "ITA",
            "target": "ROU"
        },
        {
            "Number Citations": 2,
            "source": "ITA",
            "target": "GRC"
        },
        {
            "Number Citations": 57,
            "source": "ESP",
            "target": "USA"
        },
        {
            "Number Citations": 13,
            "source": "ESP",
            "target": "JPN"
        },
        {
            "Number Citations": 1,
            "source": "ESP",
            "target": "CAN"
        },
        {
            "Number Citations": 3,
            "source": "ESP",
            "target": "GBR"
        },
        {
            "Number Citations": 14,
            "source": "ESP",
            "target": "DEU"
        },
        {
            "Number Citations": 1,
            "source": "ESP",
            "target": "SWE"
        },
        {
            "Number Citations": 6,
            "source": "ESP",
            "target": "FRA"
        },
        {
            "Number Citations": 1,
            "source": "ESP",
            "target": "ITA"
        },
        {
            "Number Citations": 3,
            "source": "ESP",
            "target": "CHE"
        },
        {
            "Number Citations": 3,
            "source": "ESP",
            "target": "ESP"
        },
        {
            "Number Citations": 1,
            "source": "ESP",
            "target": "USSR"
        },
        {
            "Number Citations": 1,
            "source": "ESP",
            "target": "FIN"
        },
        {
            "Number Citations": 1,
            "source": "ESP",
            "target": "NOR"
        },
        {
            "Number Citations": 1,
            "source": "ESP",
            "target": "ISR"
        },
        {
            "Number Citations": 1,
            "source": "ESP",
            "target": "CSK"
        },
        {
            "Number Citations": 1,
            "source": "ESP",
            "target": "HKG"
        },
        {
            "Number Citations": 262,
            "source": "AUS",
            "target": "USA"
        },
        {
            "Number Citations": 27,
            "source": "AUS",
            "target": "JPN"
        },
        {
            "Number Citations": 5,
            "source": "AUS",
            "target": "CAN"
        },
        {
            "Number Citations": 5,
            "source": "AUS",
            "target": "AUT"
        },
        {
            "Number Citations": 5,
            "source": "AUS",
            "target": "NLD"
        },
        {
            "Number Citations": 34,
            "source": "AUS",
            "target": "GBR"
        },
        {
            "Number Citations": 31,
            "source": "AUS",
            "target": "DEU"
        },
        {
            "Number Citations": 2,
            "source": "AUS",
            "target": "SWE"
        },
        {
            "Number Citations": 16,
            "source": "AUS",
            "target": "FRA"
        },
        {
            "Number Citations": 5,
            "source": "AUS",
            "target": "ITA"
        },
        {
            "Number Citations": 9,
            "source": "AUS",
            "target": "CHE"
        },
        {
            "Number Citations": 3,
            "source": "AUS",
            "target": "USSR"
        },
        {
            "Number Citations": 1,
            "source": "AUS",
            "target": "FIN"
        },
        {
            "Number Citations": 39,
            "source": "AUS",
            "target": "AUS"
        },
        {
            "Number Citations": 2,
            "source": "AUS",
            "target": "BEL"
        },
        {
            "Number Citations": 3,
            "source": "AUS",
            "target": "ISR"
        },
        {
            "Number Citations": 1,
            "source": "AUS",
            "target": "DNK"
        },
        {
            "Number Citations": 1,
            "source": "AUS",
            "target": "ARG"
        },
        {
            "Number Citations": 2,
            "source": "AUS",
            "target": "NZL"
        },
        {
            "Number Citations": 1,
            "source": "AUS",
            "target": "LIE"
        },
        {
            "Number Citations": 1,
            "source": "AUS",
            "target": "TWN"
        },
        {
            "Number Citations": 1,
            "source": "AUS",
            "target": "LUX"
        },
        {
            "Number Citations": 5,
            "source": "AUS",
            "target": "CUB"
        },
        {
            "Number Citations": 1,
            "source": "AUS",
            "target": "CRI"
        },
        {
            "Number Citations": 2,
            "source": "AUS",
            "target": "BRA"
        },
        {
            "Number Citations": 722,
            "source": "NLD",
            "target": "USA"
        },
        {
            "Number Citations": 170,
            "source": "NLD",
            "target": "JPN"
        },
        {
            "Number Citations": 18,
            "source": "NLD",
            "target": "CAN"
        },
        {
            "Number Citations": 6,
            "source": "NLD",
            "target": "AUT"
        },
        {
            "Number Citations": 212,
            "source": "NLD",
            "target": "NLD"
        },
        {
            "Number Citations": 57,
            "source": "NLD",
            "target": "GBR"
        },
        {
            "Number Citations": 139,
            "source": "NLD",
            "target": "DEU"
        },
        {
            "Number Citations": 23,
            "source": "NLD",
            "target": "SWE"
        },
        {
            "Number Citations": 57,
            "source": "NLD",
            "target": "FRA"
        },
        {
            "Number Citations": 24,
            "source": "NLD",
            "target": "ITA"
        },
        {
            "Number Citations": 65,
            "source": "NLD",
            "target": "CHE"
        },
        {
            "Number Citations": 2,
            "source": "NLD",
            "target": "ESP"
        },
        {
            "Number Citations": 7,
            "source": "NLD",
            "target": "USSR"
        },
        {
            "Number Citations": 2,
            "source": "NLD",
            "target": "FIN"
        },
        {
            "Number Citations": 3,
            "source": "NLD",
            "target": "HUN"
        },
        {
            "Number Citations": 2,
            "source": "NLD",
            "target": "AUS"
        },
        {
            "Number Citations": 3,
            "source": "NLD",
            "target": "BEL"
        },
        {
            "Number Citations": 3,
            "source": "NLD",
            "target": "NOR"
        },
        {
            "Number Citations": 2,
            "source": "NLD",
            "target": "ISR"
        },
        {
            "Number Citations": 4,
            "source": "NLD",
            "target": "DNK"
        },
        {
            "Number Citations": 1,
            "source": "NLD",
            "target": "ARG"
        },
        {
            "Number Citations": 6,
            "source": "NLD",
            "target": "CSK"
        },
        {
            "Number Citations": 2,
            "source": "NLD",
            "target": "MEX"
        },
        {
            "Number Citations": 1,
            "source": "NLD",
            "target": "HKG"
        },
        {
            "Number Citations": 1,
            "source": "NLD",
            "target": "LUX"
        },
        {
            "Number Citations": 1,
            "source": "NLD",
            "target": "MMR"
        },
        {
            "Number Citations": 1,
            "source": "NLD",
            "target": "GRC"
        },
        {
            "Number Citations": 4,
            "source": "LBN",
            "target": "USA"
        },
        {
            "Number Citations": 2,
            "source": "LBN",
            "target": "AUS"
        },
        {
            "Number Citations": 1,
            "source": "LBN",
            "target": "DNK"
        },
        {
            "Number Citations": 1,
            "source": "LBN",
            "target": "MEX"
        },
        {
            "Number Citations": 5,
            "source": "BOL",
            "target": "USA"
        },
        {
            "Number Citations": 1,
            "source": "BOL",
            "target": "JPN"
        },
        {
            "Number Citations": 1,
            "source": "BOL",
            "target": "ITA"
        },
        {
            "Number Citations": 1,
            "source": "BOL",
            "target": "CHE"
        },
        {
            "Number Citations": 49,
            "source": "MEX",
            "target": "USA"
        },
        {
            "Number Citations": 2,
            "source": "MEX",
            "target": "JPN"
        },
        {
            "Number Citations": 2,
            "source": "MEX",
            "target": "CAN"
        },
        {
            "Number Citations": 2,
            "source": "MEX",
            "target": "GBR"
        },
        {
            "Number Citations": 3,
            "source": "MEX",
            "target": "DEU"
        },
        {
            "Number Citations": 1,
            "source": "MEX",
            "target": "SWE"
        },
        {
            "Number Citations": 3,
            "source": "MEX",
            "target": "FRA"
        },
        {
            "Number Citations": 1,
            "source": "MEX",
            "target": "USSR"
        },
        {
            "Number Citations": 4,
            "source": "MEX",
            "target": "ISR"
        },
        {
            "Number Citations": 1,
            "source": "MEX",
            "target": "ZAF"
        },
        {
            "Number Citations": 14,
            "source": "MEX",
            "target": "MEX"
        },
        {
            "Number Citations": 1,
            "source": "MEX",
            "target": "TWN"
        },
        {
            "Number Citations": 16,
            "source": "ROU",
            "target": "USA"
        },
        {
            "Number Citations": 3,
            "source": "ROU",
            "target": "JPN"
        },
        {
            "Number Citations": 2,
            "source": "ROU",
            "target": "GBR"
        },
        {
            "Number Citations": 2,
            "source": "ROU",
            "target": "DEU"
        },
        {
            "Number Citations": 1,
            "source": "ROU",
            "target": "SWE"
        },
        {
            "Number Citations": 4,
            "source": "ROU",
            "target": "FRA"
        },
        {
            "Number Citations": 1,
            "source": "ROU",
            "target": "USSR"
        },
        {
            "Number Citations": 1,
            "source": "ROU",
            "target": "NOR"
        },
        {
            "Number Citations": 1,
            "source": "ROU",
            "target": "DNK"
        },
        {
            "Number Citations": 1,
            "source": "ROU",
            "target": "ZAF"
        },
        {
            "Number Citations": 2,
            "source": "ROU",
            "target": "NZL"
        },
        {
            "Number Citations": 2,
            "source": "ROU",
            "target": "ROU"
        },
        {
            "Number Citations": 27,
            "source": "NZL",
            "target": "USA"
        },
        {
            "Number Citations": 3,
            "source": "NZL",
            "target": "JPN"
        },
        {
            "Number Citations": 6,
            "source": "NZL",
            "target": "GBR"
        },
        {
            "Number Citations": 6,
            "source": "NZL",
            "target": "DEU"
        },
        {
            "Number Citations": 2,
            "source": "NZL",
            "target": "SWE"
        },
        {
            "Number Citations": 1,
            "source": "NZL",
            "target": "ITA"
        },
        {
            "Number Citations": 1,
            "source": "NZL",
            "target": "CHE"
        },
        {
            "Number Citations": 1,
            "source": "NZL",
            "target": "ESP"
        },
        {
            "Number Citations": 1,
            "source": "NZL",
            "target": "AUS"
        },
        {
            "Number Citations": 2,
            "source": "NZL",
            "target": "NZL"
        },
        {
            "Number Citations": 1,
            "source": "NZL",
            "target": "BRA"
        },
        {
            "Number Citations": 211,
            "source": "AUT",
            "target": "USA"
        },
        {
            "Number Citations": 65,
            "source": "AUT",
            "target": "JPN"
        },
        {
            "Number Citations": 7,
            "source": "AUT",
            "target": "CAN"
        },
        {
            "Number Citations": 110,
            "source": "AUT",
            "target": "AUT"
        },
        {
            "Number Citations": 9,
            "source": "AUT",
            "target": "NLD"
        },
        {
            "Number Citations": 11,
            "source": "AUT",
            "target": "GBR"
        },
        {
            "Number Citations": 80,
            "source": "AUT",
            "target": "DEU"
        },
        {
            "Number Citations": 3,
            "source": "AUT",
            "target": "SWE"
        },
        {
            "Number Citations": 17,
            "source": "AUT",
            "target": "FRA"
        },
        {
            "Number Citations": 3,
            "source": "AUT",
            "target": "ITA"
        },
        {
            "Number Citations": 17,
            "source": "AUT",
            "target": "CHE"
        },
        {
            "Number Citations": 1,
            "source": "AUT",
            "target": "ESP"
        },
        {
            "Number Citations": 6,
            "source": "AUT",
            "target": "USSR"
        },
        {
            "Number Citations": 2,
            "source": "AUT",
            "target": "AUS"
        },
        {
            "Number Citations": 3,
            "source": "AUT",
            "target": "BEL"
        },
        {
            "Number Citations": 1,
            "source": "AUT",
            "target": "NOR"
        },
        {
            "Number Citations": 2,
            "source": "AUT",
            "target": "DNK"
        },
        {
            "Number Citations": 5,
            "source": "AUT",
            "target": "CSK"
        },
        {
            "Number Citations": 1,
            "source": "AUT",
            "target": "BGR"
        },
        {
            "Number Citations": 1,
            "source": "AUT",
            "target": "KOR"
        },
        {
            "Number Citations": 2,
            "source": "AUT",
            "target": "BRA"
        },
        {
            "Number Citations": 1,
            "source": "AUT",
            "target": "PER"
        },
        {
            "Number Citations": 20,
            "source": "LIE",
            "target": "USA"
        },
        {
            "Number Citations": 3,
            "source": "LIE",
            "target": "JPN"
        },
        {
            "Number Citations": 1,
            "source": "LIE",
            "target": "DEU"
        },
        {
            "Number Citations": 2,
            "source": "LIE",
            "target": "SWE"
        },
        {
            "Number Citations": 145,
            "source": "DNK",
            "target": "USA"
        },
        {
            "Number Citations": 23,
            "source": "DNK",
            "target": "JPN"
        },
        {
            "Number Citations": 7,
            "source": "DNK",
            "target": "CAN"
        },
        {
            "Number Citations": 3,
            "source": "DNK",
            "target": "AUT"
        },
        {
            "Number Citations": 3,
            "source": "DNK",
            "target": "NLD"
        },
        {
            "Number Citations": 10,
            "source": "DNK",
            "target": "GBR"
        },
        {
            "Number Citations": 44,
            "source": "DNK",
            "target": "DEU"
        },
        {
            "Number Citations": 9,
            "source": "DNK",
            "target": "SWE"
        },
        {
            "Number Citations": 11,
            "source": "DNK",
            "target": "FRA"
        },
        {
            "Number Citations": 3,
            "source": "DNK",
            "target": "ITA"
        },
        {
            "Number Citations": 7,
            "source": "DNK",
            "target": "CHE"
        },
        {
            "Number Citations": 1,
            "source": "DNK",
            "target": "ESP"
        },
        {
            "Number Citations": 3,
            "source": "DNK",
            "target": "USSR"
        },
        {
            "Number Citations": 1,
            "source": "DNK",
            "target": "FIN"
        },
        {
            "Number Citations": 3,
            "source": "DNK",
            "target": "BEL"
        },
        {
            "Number Citations": 27,
            "source": "DNK",
            "target": "DNK"
        },
        {
            "Number Citations": 1,
            "source": "DNK",
            "target": "CSK"
        },
        {
            "Number Citations": 1,
            "source": "DNK",
            "target": "HKG"
        },
        {
            "Number Citations": 80,
            "source": "ISR",
            "target": "USA"
        },
        {
            "Number Citations": 17,
            "source": "ISR",
            "target": "JPN"
        },
        {
            "Number Citations": 2,
            "source": "ISR",
            "target": "AUT"
        },
        {
            "Number Citations": 2,
            "source": "ISR",
            "target": "NLD"
        },
        {
            "Number Citations": 6,
            "source": "ISR",
            "target": "GBR"
        },
        {
            "Number Citations": 16,
            "source": "ISR",
            "target": "DEU"
        },
        {
            "Number Citations": 2,
            "source": "ISR",
            "target": "FRA"
        },
        {
            "Number Citations": 3,
            "source": "ISR",
            "target": "ITA"
        },
        {
            "Number Citations": 2,
            "source": "ISR",
            "target": "CHE"
        },
        {
            "Number Citations": 4,
            "source": "ISR",
            "target": "USSR"
        },
        {
            "Number Citations": 1,
            "source": "ISR",
            "target": "AUS"
        },
        {
            "Number Citations": 6,
            "source": "ISR",
            "target": "ISR"
        },
        {
            "Number Citations": 1,
            "source": "ISR",
            "target": "DNK"
        },
        {
            "Number Citations": 1,
            "source": "ISR",
            "target": "MEX"
        },
        {
            "Number Citations": 72,
            "source": "FIN",
            "target": "USA"
        },
        {
            "Number Citations": 9,
            "source": "FIN",
            "target": "JPN"
        },
        {
            "Number Citations": 10,
            "source": "FIN",
            "target": "CAN"
        },
        {
            "Number Citations": 2,
            "source": "FIN",
            "target": "NLD"
        },
        {
            "Number Citations": 14,
            "source": "FIN",
            "target": "GBR"
        },
        {
            "Number Citations": 10,
            "source": "FIN",
            "target": "DEU"
        },
        {
            "Number Citations": 6,
            "source": "FIN",
            "target": "SWE"
        },
        {
            "Number Citations": 5,
            "source": "FIN",
            "target": "FRA"
        },
        {
            "Number Citations": 1,
            "source": "FIN",
            "target": "ITA"
        },
        {
            "Number Citations": 3,
            "source": "FIN",
            "target": "CHE"
        },
        {
            "Number Citations": 29,
            "source": "FIN",
            "target": "FIN"
        },
        {
            "Number Citations": 3,
            "source": "FIN",
            "target": "BEL"
        },
        {
            "Number Citations": 1,
            "source": "FIN",
            "target": "NOR"
        },
        {
            "Number Citations": 1,
            "source": "FIN",
            "target": "ZAF"
        },
        {
            "Number Citations": 1,
            "source": "FIN",
            "target": "IDN"
        },
        {
            "Number Citations": 9,
            "source": "KOR",
            "target": "USA"
        },
        {
            "Number Citations": 1,
            "source": "KOR",
            "target": "JPN"
        },
        {
            "Number Citations": 1,
            "source": "KOR",
            "target": "GBR"
        },
        {
            "Number Citations": 1,
            "source": "KOR",
            "target": "DEU"
        },
        {
            "Number Citations": 2,
            "source": "KOR",
            "target": "ITA"
        },
        {
            "Number Citations": 6,
            "source": "IND",
            "target": "USA"
        },
        {
            "Number Citations": 1,
            "source": "IND",
            "target": "JPN"
        },
        {
            "Number Citations": 1,
            "source": "IND",
            "target": "GBR"
        },
        {
            "Number Citations": 2,
            "source": "IND",
            "target": "FRA"
        },
        {
            "Number Citations": 1,
            "source": "IND",
            "target": "ITA"
        },
        {
            "Number Citations": 2,
            "source": "IND",
            "target": "CHE"
        },
        {
            "Number Citations": 1,
            "source": "IND",
            "target": "BEL"
        },
        {
            "Number Citations": 3,
            "source": "IND",
            "target": "IND"
        },
        {
            "Number Citations": 11,
            "source": "HKG",
            "target": "USA"
        },
        {
            "Number Citations": 2,
            "source": "HKG",
            "target": "JPN"
        },
        {
            "Number Citations": 2,
            "source": "HKG",
            "target": "DEU"
        },
        {
            "Number Citations": 1,
            "source": "HKG",
            "target": "FRA"
        },
        {
            "Number Citations": 1,
            "source": "HKG",
            "target": "TWN"
        },
        {
            "Number Citations": 1,
            "source": "HKG",
            "target": "HKG"
        },
        {
            "Number Citations": 6,
            "source": "CRI",
            "target": "USA"
        },
        {
            "Number Citations": 1,
            "source": "CRI",
            "target": "CAN"
        },
        {
            "Number Citations": 1,
            "source": "CRI",
            "target": "BEL"
        },
        {
            "Number Citations": 1,
            "source": "SAU",
            "target": "USA"
        },
        {
            "Number Citations": 1,
            "source": "SAU",
            "target": "TWN"
        },
        {
            "Number Citations": 5,
            "source": "CHL",
            "target": "USA"
        },
        {
            "Number Citations": 1,
            "source": "CHL",
            "target": "DEU"
        },
        {
            "Number Citations": 1,
            "source": "CHL",
            "target": "PER"
        },
        {
            "Number Citations": 5,
            "source": "MCO",
            "target": "USA"
        },
        {
            "Number Citations": 1,
            "source": "MCO",
            "target": "JPN"
        },
        {
            "Number Citations": 1,
            "source": "MCO",
            "target": "CAN"
        },
        {
            "Number Citations": 1,
            "source": "MCO",
            "target": "NLD"
        },
        {
            "Number Citations": 1,
            "source": "MCO",
            "target": "DEU"
        },
        {
            "Number Citations": 1,
            "source": "MCO",
            "target": "ITA"
        },
        {
            "Number Citations": 22,
            "source": "IRL",
            "target": "USA"
        },
        {
            "Number Citations": 2,
            "source": "IRL",
            "target": "JPN"
        },
        {
            "Number Citations": 3,
            "source": "IRL",
            "target": "GBR"
        },
        {
            "Number Citations": 5,
            "source": "IRL",
            "target": "DEU"
        },
        {
            "Number Citations": 1,
            "source": "IRL",
            "target": "ITA"
        },
        {
            "Number Citations": 1,
            "source": "IRL",
            "target": "CHE"
        },
        {
            "Number Citations": 1,
            "source": "IRL",
            "target": "USSR"
        },
        {
            "Number Citations": 1,
            "source": "IRL",
            "target": "IRL"
        },
        {
            "Number Citations": 1,
            "source": "IRL",
            "target": "NZL"
        },
        {
            "Number Citations": 1,
            "source": "LKA",
            "target": "USA"
        },
        {
            "Number Citations": 2,
            "source": "SGP",
            "target": "USA"
        },
        {
            "Number Citations": 1,
            "source": "SGP",
            "target": "DEU"
        },
        {
            "Number Citations": 12,
            "source": "COL",
            "target": "USA"
        },
        {
            "Number Citations": 2,
            "source": "COL",
            "target": "DEU"
        },
        {
            "Number Citations": 1,
            "source": "COL",
            "target": "FRA"
        },
        {
            "Number Citations": 1,
            "source": "COL",
            "target": "ITA"
        },
        {
            "Number Citations": 8,
            "source": "YUG",
            "target": "USA"
        },
        {
            "Number Citations": 1,
            "source": "YUG",
            "target": "JPN"
        },
        {
            "Number Citations": 1,
            "source": "YUG",
            "target": "CAN"
        },
        {
            "Number Citations": 1,
            "source": "YUG",
            "target": "DEU"
        },
        {
            "Number Citations": 1,
            "source": "YUG",
            "target": "FRA"
        },
        {
            "Number Citations": 1,
            "source": "YUG",
            "target": "USSR"
        },
        {
            "Number Citations": 17,
            "source": "ARG",
            "target": "USA"
        },
        {
            "Number Citations": 3,
            "source": "ARG",
            "target": "JPN"
        },
        {
            "Number Citations": 1,
            "source": "ARG",
            "target": "CAN"
        },
        {
            "Number Citations": 1,
            "source": "ARG",
            "target": "NLD"
        },
        {
            "Number Citations": 2,
            "source": "ARG",
            "target": "GBR"
        },
        {
            "Number Citations": 2,
            "source": "ARG",
            "target": "DEU"
        },
        {
            "Number Citations": 1,
            "source": "ARG",
            "target": "FRA"
        },
        {
            "Number Citations": 7,
            "source": "ARG",
            "target": "ARG"
        },
        {
            "Number Citations": 1,
            "source": "ARG",
            "target": "PRY"
        },
        {
            "Number Citations": 27,
            "source": "HUN",
            "target": "USA"
        },
        {
            "Number Citations": 9,
            "source": "HUN",
            "target": "JPN"
        },
        {
            "Number Citations": 1,
            "source": "HUN",
            "target": "NLD"
        },
        {
            "Number Citations": 4,
            "source": "HUN",
            "target": "GBR"
        },
        {
            "Number Citations": 7,
            "source": "HUN",
            "target": "DEU"
        },
        {
            "Number Citations": 2,
            "source": "HUN",
            "target": "FRA"
        },
        {
            "Number Citations": 2,
            "source": "HUN",
            "target": "ITA"
        },
        {
            "Number Citations": 4,
            "source": "HUN",
            "target": "CHE"
        },
        {
            "Number Citations": 2,
            "source": "HUN",
            "target": "POL"
        },
        {
            "Number Citations": 15,
            "source": "HUN",
            "target": "HUN"
        },
        {
            "Number Citations": 1,
            "source": "HUN",
            "target": "BEL"
        },
        {
            "Number Citations": 21,
            "source": "POL",
            "target": "USA"
        },
        {
            "Number Citations": 1,
            "source": "POL",
            "target": "JPN"
        },
        {
            "Number Citations": 1,
            "source": "POL",
            "target": "CAN"
        },
        {
            "Number Citations": 1,
            "source": "POL",
            "target": "NLD"
        },
        {
            "Number Citations": 3,
            "source": "POL",
            "target": "DEU"
        },
        {
            "Number Citations": 3,
            "source": "POL",
            "target": "SWE"
        },
        {
            "Number Citations": 3,
            "source": "POL",
            "target": "FRA"
        },
        {
            "Number Citations": 4,
            "source": "POL",
            "target": "POL"
        },
        {
            "Number Citations": 3,
            "source": "POL",
            "target": "USSR"
        },
        {
            "Number Citations": 1,
            "source": "POL",
            "target": "ZAF"
        },
        {
            "Number Citations": 1,
            "source": "POL",
            "target": "IRL"
        },
        {
            "Number Citations": 2,
            "source": "POL",
            "target": "CSK"
        },
        {
            "Number Citations": 8,
            "source": "GRC",
            "target": "USA"
        },
        {
            "Number Citations": 2,
            "source": "GRC",
            "target": "JPN"
        },
        {
            "Number Citations": 2,
            "source": "GRC",
            "target": "FRA"
        },
        {
            "Number Citations": 1,
            "source": "GRC",
            "target": "ITA"
        },
        {
            "Number Citations": 2,
            "source": "GRC",
            "target": "CHE"
        },
        {
            "Number Citations": 1,
            "source": "GRC",
            "target": "FIN"
        },
        {
            "Number Citations": 1,
            "source": "GRC",
            "target": "GRC"
        },
        {
            "Number Citations": 11,
            "source": "PHL",
            "target": "USA"
        },
        {
            "Number Citations": 1,
            "source": "PHL",
            "target": "JPN"
        },
        {
            "Number Citations": 3,
            "source": "PHL",
            "target": "CHE"
        },
        {
            "Number Citations": 2,
            "source": "PHL",
            "target": "PHL"
        },
        {
            "Number Citations": 10,
            "source": "CHN",
            "target": "USA"
        },
        {
            "Number Citations": 3,
            "source": "CHN",
            "target": "CHE"
        },
        {
            "Number Citations": 1,
            "source": "CHN",
            "target": "HUN"
        },
        {
            "Number Citations": 1,
            "source": "CHN",
            "target": "PHL"
        },
        {
            "Number Citations": 17,
            "source": "LUX",
            "target": "USA"
        },
        {
            "Number Citations": 3,
            "source": "LUX",
            "target": "JPN"
        },
        {
            "Number Citations": 1,
            "source": "LUX",
            "target": "CAN"
        },
        {
            "Number Citations": 4,
            "source": "LUX",
            "target": "GBR"
        },
        {
            "Number Citations": 1,
            "source": "LUX",
            "target": "DEU"
        },
        {
            "Number Citations": 2,
            "source": "LUX",
            "target": "FRA"
        },
        {
            "Number Citations": 5,
            "source": "LUX",
            "target": "LUX"
        },
        {
            "Number Citations": 8,
            "source": "TWN",
            "target": "USA"
        },
        {
            "Number Citations": 2,
            "source": "TWN",
            "target": "JPN"
        },
        {
            "Number Citations": 1,
            "source": "TWN",
            "target": "CAN"
        },
        {
            "Number Citations": 1,
            "source": "TWN",
            "target": "GBR"
        },
        {
            "Number Citations": 2,
            "source": "TWN",
            "target": "DEU"
        },
        {
            "Number Citations": 2,
            "source": "TWN",
            "target": "ITA"
        },
        {
            "Number Citations": 1,
            "source": "TWN",
            "target": "ISR"
        },
        {
            "Number Citations": 5,
            "source": "TWN",
            "target": "TWN"
        },
        {
            "Number Citations": 1,
            "source": "TWN",
            "target": "HKG"
        },
        {
            "Number Citations": 1,
            "source": "HND",
            "target": "USA"
        },
        {
            "Number Citations": 17,
            "source": "BRA",
            "target": "USA"
        },
        {
            "Number Citations": 1,
            "source": "BRA",
            "target": "JPN"
        },
        {
            "Number Citations": 2,
            "source": "BRA",
            "target": "CAN"
        },
        {
            "Number Citations": 6,
            "source": "BRA",
            "target": "DEU"
        },
        {
            "Number Citations": 1,
            "source": "BRA",
            "target": "FRA"
        },
        {
            "Number Citations": 1,
            "source": "BRA",
            "target": "LUX"
        },
        {
            "Number Citations": 5,
            "source": "BRA",
            "target": "BRA"
        },
        {
            "Number Citations": 2,
            "source": "KEN",
            "target": "USA"
        },
        {
            "Number Citations": 1,
            "source": "KEN",
            "target": "DEU"
        },
        {
            "Number Citations": 7,
            "source": "VEN",
            "target": "USA"
        },
        {
            "Number Citations": 1,
            "source": "VEN",
            "target": "GBR"
        },
        {
            "Number Citations": 1,
            "source": "VEN",
            "target": "FRA"
        },
        {
            "Number Citations": 7,
            "source": "IRN",
            "target": "USA"
        },
        {
            "Number Citations": 1,
            "source": "IRN",
            "target": "JPN"
        },
        {
            "Number Citations": 1,
            "source": "BMU",
            "target": "USA"
        },
        {
            "Number Citations": 2,
            "source": "MAR",
            "target": "USA"
        },
        {
            "Number Citations": 2,
            "source": "THA",
            "target": "USA"
        },
        {
            "Number Citations": 1,
            "source": "THA",
            "target": "JPN"
        },
        {
            "Number Citations": 11,
            "source": "BGR",
            "target": "USA"
        },
        {
            "Number Citations": 3,
            "source": "BGR",
            "target": "JPN"
        },
        {
            "Number Citations": 1,
            "source": "BGR",
            "target": "CAN"
        },
        {
            "Number Citations": 1,
            "source": "BGR",
            "target": "AUT"
        },
        {
            "Number Citations": 1,
            "source": "BGR",
            "target": "GBR"
        },
        {
            "Number Citations": 1,
            "source": "BGR",
            "target": "DEU"
        },
        {
            "Number Citations": 1,
            "source": "BGR",
            "target": "SWE"
        },
        {
            "Number Citations": 3,
            "source": "BGR",
            "target": "FRA"
        },
        {
            "Number Citations": 1,
            "source": "BGR",
            "target": "NOR"
        },
        {
            "Number Citations": 1,
            "source": "BGR",
            "target": "BGR"
        },
        {
            "Number Citations": 1,
            "source": "BGR",
            "target": "BRA"
        },
        {
            "Number Citations": 3,
            "source": "BRB",
            "target": "USA"
        },
        {
            "Number Citations": 4,
            "source": "BHS",
            "target": "USA"
        },
        {
            "Number Citations": 1,
            "source": "BHS",
            "target": "JPN"
        },
        {
            "Number Citations": 1,
            "source": "BHS",
            "target": "ITA"
        },
        {
            "Number Citations": 2,
            "source": "IDN",
            "target": "USA"
        },
        {
            "Number Citations": 1,
            "source": "IDN",
            "target": "JPN"
        },
        {
            "Number Citations": 1,
            "source": "IDN",
            "target": "NLD"
        },
        {
            "Number Citations": 3,
            "source": "TTO",
            "target": "USA"
        },
        {
            "Number Citations": 1,
            "source": "TTO",
            "target": "DEU"
        },
        {
            "Number Citations": 1,
            "source": "TTO",
            "target": "BEL"
        },
        {
            "Number Citations": 3,
            "source": "PRT",
            "target": "USA"
        },
        {
            "Number Citations": 1,
            "source": "PRT",
            "target": "DEU"
        },
        {
            "Number Citations": 1,
            "source": "PRT",
            "target": "SWE"
        },
        {
            "Number Citations": 1,
            "source": "PRT",
            "target": "ITA"
        },
        {
            "Number Citations": 4,
            "source": "JAM",
            "target": "USA"
        },
        {
            "Number Citations": 1,
            "source": "JAM",
            "target": "GBR"
        },
        {
            "Number Citations": 1,
            "source": "JAM",
            "target": "DEU"
        },
        {
            "Number Citations": 1,
            "source": "KWT",
            "target": "USA"
        },
        {
            "Number Citations": 1,
            "source": "NIC",
            "target": "USA"
        },
        {
            "Number Citations": 1,
            "source": "NIC",
            "target": "JPN"
        },
        {
            "Number Citations": 1,
            "source": "NIC",
            "target": "DEU"
        },
        {
            "Number Citations": 1,
            "source": "SDN",
            "target": "USA"
        },
        {
            "Number Citations": 2,
            "source": "PER",
            "target": "USA"
        },
        {
            "Number Citations": 1,
            "source": "PER",
            "target": "DEU"
        },
        {
            "Number Citations": 1,
            "source": "PER",
            "target": "MEX"
        },
        {
            "Number Citations": 1,
            "source": "MLI",
            "target": "USA"
        },
        {
            "Number Citations": 1,
            "source": "TZA",
            "target": "USA"
        },
        {
            "Number Citations": 1,
            "source": "TZA",
            "target": "JPN"
        },
        {
            "Number Citations": 2,
            "source": "TUR",
            "target": "USA"
        },
        {
            "Number Citations": 1,
            "source": "DOM",
            "target": "USA"
        },
        {
            "Number Citations": 2,
            "source": "PAN",
            "target": "USA"
        },
        {
            "Number Citations": 1,
            "source": "CUB",
            "target": "USA"
        },
        {
            "Number Citations": 1,
            "source": "CUB",
            "target": "ITA"
        },
        {
            "Number Citations": 1,
            "source": "CUB",
            "target": "CUB"
        },
        {
            "Number Citations": 2,
            "source": "MYS",
            "target": "USA"
        },
        {
            "Number Citations": 1,
            "source": "MYS",
            "target": "JPN"
        },
        {
            "Number Citations": 3,
            "source": "ISL",
            "target": "USA"
        },
        {
            "Number Citations": 2,
            "source": "URY",
            "target": "USA"
        },
        {
            "Number Citations": 2,
            "source": "URY",
            "target": "JPN"
        },
        {
            "Number Citations": 1,
            "source": "URY",
            "target": "DEU"
        },
        {
            "Number Citations": 1,
            "source": "EGY",
            "target": "USA"
        },
        {
            "Number Citations": 1,
            "source": "EGY",
            "target": "DEU"
        },
        {
            "Number Citations": 1,
            "source": "GUY",
            "target": "JPN"
        },
        {
            "Number Citations": 1,
            "source": "GUY",
            "target": "HUN"
        },
        {
            "Number Citations": 1,
            "source": "NGA",
            "target": "GBR"
        },
        {
            "Number Citations": 1,
            "source": "HTI",
            "target": "DEU"
        },
        {
            "Number Citations": 1,
            "source": "HTI",
            "target": "MEX"
        },
        {
            "Number Citations": 1,
            "source": "GTM",
            "target": "DEU"
        },
        {
            "Number Citations": 1,
            "source": "GTM",
            "target": "FRA"
        },
        {
            "Number Citations": 1,
            "source": "TUN",
            "target": "TUN"
        }
    ]
}