,PER,JOR,BLR,BRN,GIN,NLD,JAM,CSK,MAC,ITA,MHL,ETH,TUR,CYP,BHR,GEO,ESP,SVN,SLV,VCT,ZWE,YEM,ARG,LIE,CHN,LCA,LBY,MAR,PRY,COD,CYM,BEL,BGR,VEN,KOR,AUS,ARM,FRA,MDG,BOL,DNK,YUG,MWI,SDN,FIN,GUF,TTO,KGZ,LBN,ABW,PHL,URY,KAZ,SWE,BRA,CZE,UKR,ISL,COK,BHS,HRV,LBR,FRO,OMN,VNM,KWT,ZMB,HUN,ATG,GLP,AZE,ECU,JPN,HND,POL,MUS,THA,SVK,BMU,DEU,IRN,CHL,CMR,ISR,TZA,LUX,SYR,CHE,RUS,PYF,PNG,ROU,TUN,CAN,IRQ,SGP,EST,USSR,VUT,SWZ,TCD,MLI,NIC,CRI,SAU,COL,TWN,UGA,GHA,CCK,LKA,DOM,EGY,BRB,SUR,NGA,TCA,CIV,GRL,IDN,GUY,DZA,IND,HTI,NZL,MEX,KEN,ZAF,CUB,LVA,MRT,NCL,AUT,MYS,UZB,HKG,KNA,VGB,GTM,USA,GRC,IRL,GBR,MMR,PAK,NOR,PRT,MCO,MTQ,SMR,AND,PAN,ANT,LTU,MLT,SEN,AIA,ARE,NFK,BLZ
1975,5.1389972401452605e-05,,,,,0.009740207698474902,2.511029661940297e-05,0.0014747333157866434,,0.009716929558191043,,,7.845400170865537e-10,,,,0.0010907299610023867,,3.348067924462354e-05,,3.5707173357927126e-26,,0.0002981108555961319,0.00018022323905104288,2.511029661940297e-05,,3.5707173357927126e-26,3.5707173357927126e-26,,,,0.004557499134244324,0.00042295831524671895,3.5707173357927126e-26,8.86941144905074e-05,0.00361461549480967,,0.03533149745445389,,3.5707173357927126e-26,0.002671617798708806,1.674019774626865e-05,9.115806763914734e-06,3.5707173357927126e-26,0.001327662743709351,,1.3445332861919583e-06,,6.788426622602249e-05,,9.256920359208294e-05,3.5707173357927126e-26,,0.012943263848854457,0.0004408752417123507,,,2.585622364643495e-05,,6.155454322079379e-05,,,,,1.674019774626865e-05,3.5707173357927126e-26,3.5707173357927126e-26,0.0005184794656280805,,,,8.479795021982534e-06,0.10896157835093664,3.5707173357927126e-26,0.00042044284994788685,,3.5707173357927126e-26,,1.7039638149345274e-05,0.0879868255361612,7.728650049693622e-05,0.0001011868943683923,3.5707173357927126e-26,0.001769936505758127,3.5707173357927126e-26,0.00034156601526950096,8.370098873134324e-06,0.018210941006359078,,,,0.0003127491965471334,3.5707173357927126e-26,0.02282268984018753,,1.674019774626865e-05,,0.004870516096725773,,,,3.5707173357927126e-26,3.5707173357927126e-26,3.5707173357927126e-26,,3.350332179813279e-05,0.0003431414203000074,3.5707173357927126e-26,,,3.5707173357927126e-26,8.370098873134324e-06,5.8696168318660864e-05,1.7161255791512724e-05,,1.674019774626865e-05,,,,3.5707173357927126e-26,,3.5707173357927126e-26,0.00025635315424060604,3.5707173357927126e-26,0.00032507981831229817,0.0009230727559182294,2.512032896435616e-05,0.0011837382664650852,3.5707173357927126e-26,,,,0.003635268507836361,4.1850494365671623e-05,,0.00011810586042664941,,,3.34803954925373e-05,0.9876071601124276,0.00013757465990026855,0.00021363567686148428,0.04968141509032901,4.1850494365671623e-05,3.5707173357927126e-26,0.0013675437411190866,0.00012905915910210784,5.1226618380878927e-05,,,,7.822298863396171e-05,,,,,,,,
1976,6.617701251468692e-05,3.132590539588797e-26,,,,0.01157484640060419,3.132590539588797e-26,0.0015105771421723233,,0.011914378583623523,,,3.132590539588797e-26,,,,0.0011821516044042428,,1.6317840674456734e-05,,2.5120450416418515e-05,,0.0002901555007917926,0.00035163833521190135,7.73524186542146e-05,3.132590539588797e-26,,3.132590539588797e-26,,,4.079460168614184e-05,0.005891712854824128,0.0003091519893605673,3.132590539588797e-26,8.98747022571737e-05,0.005036532273185708,,0.038396967606107286,,3.2806648852498814e-05,0.002779458452757102,9.187323599024241e-05,1.6317840674456734e-05,3.132590539588797e-26,0.0016729473837712855,,2.522200437033325e-05,,3.132590539588797e-26,,5.798909592354608e-05,8.158987825186386e-06,,0.015302604794446164,0.0003148703043339045,,,3.132590539588797e-26,,4.2486635028405016e-05,,3.132590539588797e-26,,,,3.132590539588797e-26,3.132590539588797e-26,0.0006923240785123018,,,,,0.11613031239047535,3.132590539588797e-26,0.00031151200053148247,,,,3.297761635608416e-05,0.09009412731818678,1.7333389434090937e-05,1.9212178664517207e-06,3.132590539588797e-26,0.0016475659682154036,3.132590539588797e-26,0.00023627819532784754,3.132590539588797e-26,0.01925972067654083,,,,0.0004024587186772953,3.132590539588797e-26,0.0206690419054837,,7.343028303505532e-05,,0.00507677776914289,,,,3.132590539588797e-26,3.132590539588797e-26,8.158920337228367e-06,6.531335632596204e-05,4.137315593453565e-05,0.0004333325537845361,,,,,3.132590539588797e-26,8.158920337228367e-06,,,8.158920337228367e-06,,,,2.4476761011685103e-05,8.263199782661365e-06,3.132590539588797e-26,0.0002088369624345803,1.673639880580988e-05,0.000535342722097155,0.001042278249734237,8.57747846858151e-06,0.001497167584904043,3.132590539588797e-26,,,,0.0039722499266374766,3.3767257785724676e-05,,0.00021887968752143055,,,8.158920337228367e-06,0.9863705525379716,0.00016951144489858744,0.00047288534771099816,0.05060111706213286,,3.132590539588797e-26,0.001712897373160197,3.132590539588797e-26,7.524517400720349e-05,3.132590539588797e-26,,,4.9279752042207486e-05,,,,,,,,1.6317840674456734e-05
1977,4.1999643935949175e-05,,,,3.4532775272106917e-26,0.012197612140264696,0.00010149462035287291,0.0011631277279101312,,0.01149801376810301,,,8.33740689080308e-06,,,,0.0012910644859817275,,4.2422693225358554e-05,,1.8146131324292466e-05,,0.00038130337442917976,0.0002101444381962909,2.5167576623627578e-05,,3.4532775272106917e-26,0.0001375530477279381,,,4.168703445401541e-05,0.004582863903039593,0.0004199021285980589,3.4532775272106917e-26,6.748929525192765e-05,0.00431058578051757,,0.03680976397352555,,9.494927926359395e-06,0.00259567298954399,0.00014393998289911636,,3.4532775272106917e-26,0.0016996090123726452,,9.171302494551274e-05,,3.4532775272106917e-26,,0.00014477244753322978,3.4532775272106917e-26,,0.01436699919281812,0.00046919298851560206,,,3.4532775272106917e-26,,5.0257790660985695e-05,,,,,,,,0.0008758903761001833,,,,3.4532775272106917e-26,0.113418695208462,3.4532775272106917e-26,0.0002859866459862666,,3.4532775272106917e-26,,4.199792040257992e-05,0.08710305384675054,8.349540847211026e-05,5.017979729603681e-05,3.4532775272106917e-26,0.0018727485547680362,3.4532775272106917e-26,0.00016445181764171248,,0.018394447395917835,,,4.2422693225358554e-05,0.0002759356469952063,2.5407240735160744e-05,0.023632965650657603,0.00010044390275238847,6.0197155294580736e-05,,0.004747518792430207,,,,3.4532775272106917e-26,3.4532775272106917e-26,7.577232078857088e-05,1.667481378160616e-05,2.6150297035805503e-05,0.0007837743689835415,3.4532775272106917e-26,1.6777831743479255e-05,,0.00010078454146098011,,3.4532775272106917e-26,2.5012220672409244e-05,,3.4532775272106917e-26,,8.33740689080308e-06,,3.4532775272106917e-26,8.33740689080308e-06,8.33740689080308e-06,0.00015313657302601982,3.4532775272106917e-26,0.00048410109415604865,0.0006579679220791603,3.4532775272106917e-26,0.0011085695873296276,2.5048838111975388e-05,,,,0.0033949673351588165,6.087128335093122e-05,,6.236281674565597e-05,,,6.669925512642464e-05,0.9871802550862747,0.00020406768105730384,0.00022230637027528615,0.046771458584728975,3.4532775272106917e-26,3.4532775272106917e-26,0.0018607783535377175,4.322830828934525e-05,0.00015455737360141783,3.4532775272106917e-26,,,8.376112652653838e-06,,,,3.4532775272106917e-26,,,,3.4532775272106917e-26
1978,2.94863977995776e-26,2.5992053189603395e-05,,,,0.010772906298370386,8.07534329370625e-06,0.0010080292436360483,,0.010808504310493848,,,4.0894218930213156e-05,,,,0.0013252630798456487,,4.1129350469514994e-05,,3.2301373174825e-05,,0.00029727887414668797,0.00018021263455166896,2.94863977995776e-26,,,4.037671646853125e-05,,,,0.0047589212581893555,0.00044723203818626377,4.0865896395565505e-05,0.00016343586374523774,0.004946852870118017,,0.0358318653469392,5.669452168416885e-05,2.026778615001819e-06,0.0025391119574634897,0.00018828003842599397,,,0.0018554701762787042,,4.139078411830824e-05,,8.938969389140207e-05,,6.706937533504816e-05,2.94863977995776e-26,,0.013671883837840189,0.00048786049608144665,,,2.462324050268722e-05,,0.00019193432070069598,,,,,,,2.94863977995776e-26,0.0009533685870393462,8.263092326012565e-06,,,2.94863977995776e-26,0.12366507580586412,8.07534329370625e-06,0.00028061901832059576,,2.94863977995776e-26,,2.94863977995776e-26,0.09184662513305906,8.121002617144239e-05,6.462015553052353e-05,2.94863977995776e-26,0.0020599382783285775,,0.0002744708849988877,2.94863977995776e-26,0.01988854269397143,,,2.94863977995776e-26,9.278342706373398e-05,2.94863977995776e-26,0.0229122389049497,,1.6246775870434377e-05,,0.005265262992022971,,3.2301373174825e-05,,,3.2301373174825e-05,1.6903320588396237e-05,2.94863977995776e-26,6.53993111737026e-05,0.0004225778398394637,,,,,2.422602988111875e-05,2.94863977995776e-26,,,0.00010577388406131819,,2.94863977995776e-26,,4.037671646853125e-05,2.94863977995776e-26,,0.000116206757596587,2.94863977995776e-26,0.0005950811579014307,0.0005057298244434175,2.94863977995776e-26,0.0015649133811336425,9.015726326996302e-06,,,,0.0035202765268379436,1.9487171716603642e-05,,0.00033777058008133836,,,2.94863977995776e-26,0.9854877598346561,0.00012197135238668646,0.0004235465348847459,0.04847376412975208,4.152656109108346e-05,2.94863977995776e-26,0.001231745847043409,0.00012979308128528694,0.00021291697958924615,,,,3.345121779737721e-05,,,,,,,,2.94863977995776e-26
1979,9.544445197861066e-05,,,,,0.010712282164420108,1.066949478734605e-25,0.0007240029386533012,,0.012527323945155594,,,0.0001263212616305266,,,,0.0009487273350986045,,,,,,0.00032273423810083476,0.0002428755092904759,2.0915001693078548e-05,,,1.066949478734605e-25,1.0460923180594456e-05,,1.0457500846539274e-05,0.0042520421401344025,0.0002518270520336645,0.00018146418450670307,5.2699990846192595e-05,0.004978156611898085,,0.03517173432095876,,1.066949478734605e-25,0.0026069835937200135,9.260930993125791e-05,,1.066949478734605e-25,0.0016777135922670036,,9.411750761885348e-05,,1.066949478734605e-25,,8.386961588155019e-05,1.066949478734605e-25,,0.011871856806067414,0.0003111564283491237,,,5.25092223658055e-05,,9.050202708705922e-05,,,,,,1.066949478734605e-25,,0.001126725261369308,7.342422405888404e-05,,,8.366000677231419e-05,0.12140042153426339,1.066949478734605e-25,0.000549386951491365,,3.137250253961782e-05,,5.325112013271116e-05,0.09086894725131764,0.00011571251008556505,1.066949478734605e-25,,0.0020137320584686104,1.066949478734605e-25,0.0004587073200968303,,0.019577680864772316,,6.274500507923564e-05,,0.0001496243222982579,2.113694396145531e-05,0.020908718869056694,,1.066949478734605e-25,,0.006695158587198029,,,,1.066949478734605e-25,1.066949478734605e-25,0.00015820272846439306,1.066949478734605e-25,4.229634659687514e-05,0.0006635636999416748,,,,1.066949478734605e-25,1.066949478734605e-25,1.066949478734605e-25,1.066949478734605e-25,,1.066949478734605e-25,,,,4.184779407408476e-05,1.066949478734605e-25,,0.00017405200484157897,5.2745786873220266e-05,0.00046107591038516377,0.000883999087968051,1.066949478734605e-25,0.0012815539811256661,0.00012692652655894423,,,,0.0037265573923544212,4.1830003386157095e-05,,0.00028701809742478357,,,1.066949478734605e-25,0.9861754523553333,0.0001797170057262541,0.0001917834513549682,0.04321688213567959,3.3282544632260545e-06,,0.0016365336545539426,1.066949478734605e-25,3.228906782066561e-05,,,,1.066949478734605e-25,3.137250253961782e-05,,,2.0915001693078548e-05,,,,
1980,2.1364075488498387e-26,2.1364075488498387e-26,,,,0.010298450113530429,3.812788235742069e-05,0.0005743217691777454,,0.011789408466394279,,2.1364075488498387e-26,2.277879287704751e-05,3.796465479507918e-05,,,0.0007967969809063724,,2.1364075488498387e-26,,2.1364075488498387e-26,7.592930959015836e-06,0.00023805472661978135,0.00044891318687346224,7.592930959015836e-06,,2.1364075488498387e-26,2.1364075488498387e-26,,,2.1364075488498387e-26,0.00392109400589638,0.0002461775255523728,0.0003465128799084086,0.00010581082070699068,0.004401574703793845,,0.035808679859409796,,1.5185861918031672e-05,0.002754784000209922,0.0001693520448065792,,,0.001531506381005637,,,,2.1364075488498387e-26,,2.1364075488498387e-26,2.1364075488498387e-26,,0.013508119068792682,0.000346553411477997,,,2.1364075488498387e-26,,9.512080833518635e-05,,,,,2.1364075488498387e-26,,,0.0009764529090750343,2.1364075488498387e-26,,,,0.1220526437405235,2.1364075488498387e-26,0.00045060816119757896,,3.796465479507918e-05,,4.583361369794081e-05,0.08964224600365651,2.3632150714749925e-05,7.24281551041341e-05,2.1364075488498387e-26,0.0022352833845470424,2.1364075488498387e-26,0.0002714505988473314,,0.01867016180928631,,,7.696923404883941e-06,0.00010494854418360813,3.264293091158949e-05,0.02120265212577577,1.61913833351883e-05,8.462514646072416e-05,,0.0060358051280435645,,,,2.1364075488498387e-26,2.1364075488498387e-26,2.3094184018843227e-05,3.0371723836063344e-05,7.592930959015836e-06,0.0008657209941056737,,,,2.1364075488498387e-26,2.1364075488498387e-26,0.00015201718586715685,2.1364075488498387e-26,,1.2550694910041651e-06,,,,2.1364075488498387e-26,2.1364075488498387e-26,2.1364075488498387e-26,3.866480890705757e-05,4.616985968890989e-05,0.0008452742596749003,0.0009115100475166393,7.908322100811554e-06,0.001378994683604629,4.646716210170977e-08,,,2.277879287704751e-05,0.0037235298984538115,2.1364075488498387e-26,,0.0004857959127296567,,,2.1364075488498387e-26,0.9862921080279982,4.097655661746329e-05,0.0002662747763635689,0.04096753150723961,2.1364075488498387e-26,2.1364075488498387e-26,0.001302059076528183,7.908322100811554e-06,0.00010080990709161495,,,,7.592930959015836e-06,4.6497264103303455e-05,,,,,,,2.1364075488498387e-26
1981,6.008572785330696e-05,1.1199955590456477e-26,,,,0.009769185272813324,1.1199955590456477e-26,0.0004776289812320849,,0.012293612272861815,,,2.759060752087672e-05,,,,0.0008589338310139171,,1.1199955590456477e-26,,1.1199955590456477e-26,1.1199955590456477e-26,0.00018247578515539836,0.00026625437577982816,6.920972275010784e-05,,,1.1199955590456477e-26,,6.783821292352846e-06,1.1199955590456477e-26,0.004275325494692702,0.0003960080198921161,0.00017592900447352413,0.00027629733788973046,0.005679365135038981,,0.03454837161778607,1.1199955590456477e-26,1.1199955590456477e-26,0.002080791140432677,6.087447983054503e-05,1.3629500697594564e-05,,0.0019584291372374517,,2.0451950674120034e-05,,2.773644976601925e-05,,4.683365470782944e-05,1.1199955590456477e-26,,0.011861987528014315,0.000265937400206914,,,1.1199955590456477e-26,,0.00011731252870879825,,5.438902422314672e-05,,,1.1199955590456477e-26,1.1199955590456477e-26,,0.0011577619268979505,1.1199955590456477e-26,,,1.1199955590456477e-26,0.13072189746399382,1.1199955590456477e-26,0.0004564740509163992,,2.8200533433737795e-05,,2.6743433023978983e-05,0.09000868301169201,2.685079212049611e-05,4.005715190220465e-05,1.1199955590456477e-26,0.0024920992968988174,1.1199955590456477e-26,0.00047216111609903823,,0.015883261342575592,,1.1199955590456477e-26,,0.0001970123027396133,1.4849352523316724e-05,0.021523102135114866,,7.378194785150875e-05,,0.004330569060065308,2.0028575951102324e-05,,,1.1199955590456477e-26,1.1199955590456477e-26,6.24820793912006e-05,2.0028575951102324e-05,3.365830471731909e-05,0.0010376230627206517,1.1199955590456477e-26,1.1199955590456477e-26,,,1.458422451425299e-07,4.01664055076884e-05,1.1199955590456477e-26,,2.3197317470434715e-05,,,,2.6981884664996114e-05,1.1199955590456477e-26,1.1199955590456477e-26,7.065016464423308e-05,6.676191983700773e-06,0.0007662285547619089,0.0006580688335942108,1.1199955590456477e-26,0.002130678277193769,1.1199955590456477e-26,,1.1199955590456477e-26,,0.003306035814056768,1.1199955590456477e-26,,0.0008607979963379384,,,1.1199955590456477e-26,0.9852581718194772,4.885921902809823e-05,0.00020345916169521927,0.04089581115992868,1.1199955590456477e-26,,0.0015507321479875122,6.166187157150598e-05,8.14044818523417e-05,,,,1.1199955590456477e-26,,,,,,,,
1982,1.6620097258767266e-26,1.6620097258767266e-26,,,,0.010039862356661785,1.6620097258767266e-26,0.0006856031397555832,,0.011298755160054292,,,1.6620097258767266e-26,7.769471082654518e-06,,,0.0006743428350891642,,,,1.6620097258767266e-26,,0.000191016959484497,0.00030238517248673704,1.6620097258767266e-26,1.6620097258767266e-26,,1.6620097258767266e-26,7.2347934111602405e-06,,5.412305037859012e-05,0.003755296467452716,0.00024948374683841327,0.000109399379053566,0.0001418071020132648,0.005082643604533031,,0.03420204402945815,,1.6620097258767266e-26,0.0022728998324982475,0.00017509357446793272,,,0.0018537654672996073,,1.6620097258767266e-26,,3.616696112054783e-05,,6.631126770819811e-05,1.6620097258767266e-26,,0.011434179456477548,0.0005199021910590077,,,1.6620097258767266e-26,,3.7164102998707706e-05,,,,,1.6620097258767266e-26,,,0.001322822642362635,1.6620097258767266e-26,,,,0.13084604625661178,1.6620097258767266e-26,0.00037808359154100317,,1.6620097258767266e-26,,4.381187530930368e-05,0.08094361442791422,1.6620097258767266e-26,7.393715475987259e-06,,0.0021791096997033532,,0.0004366567831788159,1.6620097258767266e-26,0.01600577537330929,,,,9.40616448328013e-05,1.59052765546153e-05,0.021857132204125766,,2.968620096421617e-05,,0.0028100637148760154,,,,1.6620097258767266e-26,1.6620097258767266e-26,2.8933568896438264e-05,1.6620097258767266e-26,8.208078417555343e-05,0.0014032844332907007,,,,,,9.598603352860487e-07,1.6620097258767266e-26,,1.6620097258767266e-26,,1.993365615992146e-06,,7.233392224109566e-06,,1.6620097258767266e-26,0.00015107804552436845,5.15939843530634e-05,0.0006433491035930675,0.000796741942664483,1.6620097258767266e-26,0.0012888897492657765,1.6620097258767266e-26,,1.6620097258767266e-26,,0.0030342104317389765,7.393715475987259e-06,,0.0002675636997720783,,,1.6620097258767266e-26,0.9861401826413672,0.0001607605088258776,0.0004285258025884146,0.03888143387110551,,1.5654282527771346e-05,0.0011663116469108328,6.628851432370429e-05,0.00012616183486078173,,,,2.17001766723287e-05,1.6620097258767266e-26,,,,,,,1.6620097258767266e-26
1983,2.167166408695113e-05,,,,,0.011252365929794002,1.555210453808782e-26,0.00046863660741694127,,0.00832157372734751,,,1.555210453808782e-26,1.555210453808782e-26,,,0.0007452140063269353,,2.2873146591867056e-05,,4.295406826554179e-05,,0.00020219121528735346,0.0001731624970858084,1.4885156624013517e-05,,1.555210453808782e-26,2.1446858037095653e-05,7.1489526790318845e-06,,2.14470135718103e-05,0.0044097087326794866,0.0002537264311667436,0.00012767618858015197,0.0003710984650439007,0.004328979020617575,,0.03099732219214896,,1.555210453808782e-26,0.0016504592975956382,0.00010994248879229384,1.555210453808782e-26,,0.0016668925596994536,,1.555210453808782e-26,,1.555210453808782e-26,,0.00014334429269490643,7.1489526790318845e-06,,0.00968192746141977,0.0004330032219456909,,,1.4297905358063769e-05,,4.463540210770499e-05,,2.2434560885224884e-05,,,1.555210453808782e-26,,1.555210453808782e-26,0.0014450438533761191,,,,,0.13617159675562304,1.555210453808782e-26,0.00018805747871978416,,5.800367874806029e-05,,2.1478564352103888e-05,0.08097002989139294,1.555210453808782e-26,1.555210453808782e-26,,0.0019480844627808999,1.4297905358063769e-05,0.00022300735347370465,,0.013923303080066162,,1.555210453808782e-26,,2.5178602287190843e-07,1.555210453808782e-26,0.021450511208837127,,5.344436300425306e-05,,0.002809342775714435,1.555210453808782e-26,,,1.555210453808782e-26,1.555210453808782e-26,1.555210453808782e-26,3.751555370420635e-05,4.342122758592575e-05,0.0007882135395632215,,,,,7.911507154207812e-05,1.555210453808782e-26,1.555210453808782e-26,,1.555210453808782e-26,,,,1.555210453808782e-26,,1.555210453808782e-26,0.0002446482706789226,1.555210453808782e-26,0.0007489109478836725,0.0004601181217580031,1.555210453808782e-26,0.0012184015145793054,,,,,0.0035400995721740656,1.4885156624013517e-05,,0.00031927087545645383,,,1.555210453808782e-26,0.9857561279908518,0.00010048677146182505,0.0004133642290450096,0.034717696499224314,1.555210453808782e-26,,0.0012795245543410587,0.000119146438217244,7.148952679031885e-05,,,,2.8595810716127538e-05,,,,1.555210453808782e-26,,,,1.555210453808782e-26
1984,6.061672976256654e-27,,,,,0.010709509228677071,5.918950587529293e-06,0.00046767555694071915,,0.010219806069092641,,,2.3675802350117172e-05,5.918950587529293e-06,3.5513703525175755e-05,,0.0007054554773123158,,6.061672976256654e-27,,6.061672976256654e-27,,0.0003499446063865391,0.0002538490571152592,2.4160639810587034e-05,,,8.878425881293939e-05,6.061672976256654e-27,,6.061672976256654e-27,0.003922719755289952,0.00019319525801903586,0.00023927986804256321,0.0003960320614275088,0.00507980791532822,,0.03137158381728808,,6.061672976256654e-27,0.002103286505579694,0.00024263220684041126,,,0.0018288161678926905,,6.061672976256654e-27,,6.061672976256654e-27,,1.1837901175058586e-05,5.918950587529293e-06,,0.010087605977302306,0.0002751043743345452,,,2.9668545299263803e-05,,8.924186033494724e-05,,6.061672976256654e-27,,,6.061672976256654e-27,6.061672976256654e-27,,0.0011424151172816763,,,,6.061672976256654e-27,0.14377283458079146,6.061672976256654e-27,0.0001590845169540417,,1.3392730144767831e-05,,3.763580396431825e-05,0.07934244079101238,6.061672976256654e-27,7.275611808509795e-05,6.061672976256654e-27,0.002804418770753926,6.061672976256654e-27,0.0001601229966632798,,0.012275888379927113,,,,3.3560242116307496e-05,1.2376271804691538e-05,0.023460208024717204,1.7772849181066585e-05,5.3362840662440324e-05,,0.002295811921032911,,,,6.061672976256654e-27,6.061672976256654e-27,6.061672976256654e-27,8.39404558295936e-05,6.689422441499487e-05,0.0012898244399234204,,,,,8.918636480905725e-05,4.2852426932616425e-05,6.061672976256654e-27,,6.061672976256654e-27,,,,1.1837901175058586e-05,6.061672976256654e-27,,0.00011078773603327209,6.061672976256654e-27,0.0005645259598756798,0.0006033573476847236,6.061672976256654e-27,0.0011918604736502701,1.1837901175058586e-05,,,,0.0026613347875708918,4.7351604700234345e-05,,0.0005317318666461452,,5.918950587529293e-06,3.607514111371684e-05,0.984727347290216,0.00016183554634450673,0.0005696702219850285,0.035524595323558145,6.061672976256654e-27,6.061672976256654e-27,0.0013241353334856934,6.872829363372189e-06,4.947416825776906e-05,,,,6.061672976256654e-27,,,,1.1837972327683118e-05,,4.772874856364092e-05,,
1985,3.835884973110267e-27,3.835884973110267e-27,,,,0.010481921828552317,5.483203610803331e-05,0.0004895003964024072,,0.010599043996193842,,,8.782977973294909e-07,3.835884973110267e-27,,,0.0008732175558035938,,3.835884973110267e-27,,3.835884973110267e-27,,0.00010579657629433151,0.0001359869309766984,1.0790747662140763e-05,3.835884973110267e-27,,9.325003950912075e-05,,,7.058455171248952e-05,0.00361012173885166,0.00017299079092817949,0.0004350318838008179,0.0004401377204785757,0.005680430791939056,,0.03203752754713941,,3.251875650025979e-05,0.0024661092493532223,0.00023479192476314652,,3.835884973110267e-27,0.002417090980134345,,3.835884973110267e-27,,0.00023699305238547046,,3.311314785796127e-05,3.835884973110267e-27,,0.012065683935075068,0.00044797971031618954,,,1.1315291013549705e-05,,4.367751827876717e-05,,3.835884973110267e-27,,,,,3.835884973110267e-27,0.0013041215888466545,,,,2.712338266918941e-05,0.15980023932034812,3.835884973110267e-27,0.00011176416741412668,,3.835884973110267e-27,,1.6574981987033603e-05,0.08092241806181537,3.835884973110267e-27,7.108445775701265e-05,,0.003119804650099489,3.835884973110267e-27,0.00041726561140737644,4.9436662276962924e-05,0.013777173213562059,,,,2.382630429890456e-05,1.1235439570715322e-05,0.026663874657240808,2.1079014757827704e-06,0.00014201157845470316,,0.0018226142309170825,,,,3.835884973110267e-27,3.835884973110267e-27,4.861596373263461e-05,5.5857594674718665e-05,8.073548154783574e-05,0.002116805798830995,,,,3.835884973110267e-27,3.835884973110267e-27,5.483203610803331e-05,3.835884973110267e-27,,1.840096028351088e-05,,,1.6385021960515708e-05,3.776761681749267e-05,,,0.00018128513885465035,9.32120048465795e-25,0.0005912091180568272,0.0004990686375349108,3.835884973110267e-27,0.001379888330615648,5.6296635155801654e-06,,,,0.003158617923784211,3.4254296944630425e-05,,0.0004766766358899523,,,5.395403476524904e-06,0.9818989761340062,0.00011706019985440857,0.0005555714582645133,0.0374332263100642,3.835884973110267e-27,2.7184128882556373e-05,0.001443598705835152,6.595606685280837e-05,8.260013406954182e-05,,,,1.645005902852438e-05,,,,3.835884973110267e-27,,4.336868532358327e-05,,
1986,3.842078191882196e-27,1.619568204817644e-05,,3.237700547804107e-05,,0.009673573473278584,3.842078191882196e-27,0.00034102759295868713,,0.011537765982011242,,,0.00016208176432274646,4.377313992275896e-05,,,0.0012540261268810112,,3.842078191882196e-27,,1.0792335159347022e-05,3.842078191882196e-27,0.00022496380345369752,0.00014269653944654336,0.00016781020091447736,,,3.842078191882196e-27,,,3.842078191882196e-27,0.004033932891612223,0.00023996973297938035,0.0005361316673920922,0.0006590845551843651,0.0061303663463297626,,0.03340312012708308,,3.842078191882196e-27,0.0024742437597733693,2.766406911342993e-05,,3.842078191882196e-27,0.0027153124953739178,,3.842078191882196e-27,,3.9442516007148915e-05,,5.3961675796735115e-05,3.842078191882196e-27,,0.012459899809644714,0.0005250723226389851,,,5.600503760123067e-06,,3.842078191882196e-27,,3.842078191882196e-27,,,3.842078191882196e-27,7.016560487422074e-05,3.842078191882196e-27,0.0012461766005212958,,,,3.881102512063544e-05,0.1671895476179597,3.842078191882196e-27,0.000147098854353241,,1.6195449018931384e-05,,9.806314149070706e-05,0.08460078130078387,3.842078191882196e-27,1.225644918698031e-05,3.842078191882196e-27,0.003389279246048239,,0.00030912334413241464,2.1584670318694044e-05,0.013966500100431763,,,,2.410688610174598e-05,3.842078191882196e-27,0.025522289199537647,3.842078191882196e-27,5.958849075214784e-05,,0.00147557588661698,,,,3.842078191882196e-27,3.842078191882196e-27,3.842078191882196e-27,0.00017563142301710882,7.248283839608845e-05,0.0028025745246799327,,,,,6.35113455611813e-08,1.8106500178595715e-05,2.8041877451407206e-05,,3.842078191882196e-27,,3.842078191882196e-27,3.842078191882196e-27,2.7499802163790045e-05,,,0.00018656558161675544,3.842078191882196e-27,0.0007439848147956086,0.0005464859993999049,3.842078191882196e-27,0.0013043390193310123,2.1584670318694044e-05,,,,0.0036380141868578067,6.036247803146364e-05,,0.0007433601682069217,,,3.842078191882196e-27,0.9803557484557865,0.0001529244255307322,0.0006344959150021194,0.036563863892164,3.842078191882196e-27,3.2842719906413205e-05,0.001261983919472079,6.541133949699507e-05,5.0756845849759267e-05,3.842078191882196e-27,,,2.024983586137561e-06,3.842078191882196e-27,,,3.842078191882196e-27,,3.842078191882196e-27,7.578915622975322e-05,
1987,4.441148524088836e-06,,,6.585205262010941e-33,,0.010727273650778019,1.85799912995699e-05,0.0005311220218880159,,0.012114156697148363,,,4.5275592308408595e-05,,,,0.0011898761345589734,,6.585205262010941e-33,,6.585205262010941e-33,,0.0002297856878011906,0.00016346636791209564,0.00023057576889529483,,,6.585205262010941e-33,6.585205262010941e-33,,6.585205262010941e-33,0.0036017420086616033,0.0003060009685558813,0.00044559183461179163,0.0009026704705436861,0.005980679974224642,,0.0357462765963458,,4.497491366581678e-05,0.002513243434952453,0.00017869828627872854,,,0.0032549973286457095,,2.2352384735885713e-05,,6.585205262010941e-33,,4.171465693753816e-05,8.882297048177672e-06,,0.01198394961118526,0.0005555435744796989,,,1.814495787774864e-05,,5.030987227058896e-05,,6.585205262010941e-33,,,6.585205262010941e-33,0.00014976233197371022,,0.001059116715521904,,,,4.560634114520635e-06,0.17956625923873806,6.585205262010941e-33,0.00015013891039858442,,1.7764594096355344e-05,,4.573967615995624e-05,0.08376663732434277,8.882297048177672e-06,0.00013750028789290763,,0.0036636695872740415,6.585205262010941e-33,0.00018920239642999728,1.425491507794395e-05,0.014001863681653643,,,6.585205262010941e-33,6.511593989809581e-05,6.585205262010941e-33,0.026314407090516915,1.3510609257506385e-05,0.00020599699458433328,,0.0009487202924165391,,,,6.585205262010941e-33,6.585205262010941e-33,1.3648073236095659e-05,0.00016140883109899172,2.7087376726574303e-05,0.003740373934406004,,,,,6.585205262010941e-33,1.0529513196955816e-05,6.585205262010941e-33,,6.585205262010941e-33,,2.6646891144533012e-05,6.585205262010941e-33,6.585205262010941e-33,,,0.00010039990913133015,2.7650390882696407e-05,0.0011235680607030697,0.0006802716366447486,6.585205262010941e-33,0.001453226502982082,3.2283800653229706e-05,,,6.585205262010941e-33,0.003616523337111491,1.940898145063404e-05,,0.000611577335025933,,,9.044610880092247e-06,0.9780768253572809,4.048167900334887e-05,0.0007295703305786739,0.03760240736982805,6.585205262010941e-33,9.479981749895045e-06,0.001659424324568059,3.70119314817504e-05,8.459322976241138e-05,,,2.275684834472832e-05,3.7334643337059215e-05,,,,6.585205262010941e-33,,1.3494187515157353e-05,4.441148524088836e-06,
1988,1.8158603672373707e-05,,,,,0.010729983476183478,7.50151764069242e-33,0.0003082637363183169,,0.01236691843448846,,,2.2880910653903178e-05,2.7237905508560563e-05,,,0.0011752666072806777,,3.182185848191193e-05,,2.7237905508560563e-05,,0.00020695703720062316,8.647013335364478e-05,0.0006406161304414406,,,4.663685786625954e-06,,,5.919811799865059e-05,0.003925366437545179,0.00024804241474472204,0.0004177982755352537,0.0009222566308829601,0.006573085004684819,,0.0355475751726195,,7.50151764069242e-33,0.0018799829906877548,0.0002267877618513126,7.50151764069242e-33,7.50151764069242e-33,0.0030132942343226617,,2.7524185547441384e-05,,7.50151764069242e-33,,7.914872992485402e-05,1.3618952754280281e-05,,0.009534111365706668,0.000355186747180402,,,5.153267516227951e-05,,3.71880729012188e-05,,7.50151764069242e-33,,,7.50151764069242e-33,1.5690102606369856e-05,,0.0007565038837094465,,1.8323782158904976e-05,,7.50151764069242e-33,0.1866535647397793,7.50151764069242e-33,0.00019425467817413394,1.3676418292861973e-05,2.9035954910247482e-05,,8.782153144717576e-05,0.08140779973390094,7.50151764069242e-33,9.191906325832857e-05,,0.003934632235740354,7.50151764069242e-33,0.00022739962846892586,7.50151764069242e-33,0.014814343797825973,,,,4.539650918093427e-06,7.50151764069242e-33,0.025997519591497997,3.351234023166583e-05,9.785213992408206e-05,,0.0007475556455960702,,,,7.50151764069242e-33,7.50151764069242e-33,5.1697844467494186e-05,1.4486411971984069e-05,8.855088438863707e-05,0.00514050466914518,,,,4.539650918093427e-06,7.50151764069242e-33,7.50151764069242e-33,4.123514058695715e-05,,7.50151764069242e-33,,,7.50151764069242e-33,2.8149734387793576e-05,,,0.00017437538939094773,7.50151764069242e-33,0.0006958998485916032,0.000561425824701792,7.50151764069242e-33,0.0018121461390036148,7.50151764069242e-33,,,,0.0035227584425885257,3.6317207344747415e-05,,0.000510429046361385,,,7.50151764069242e-33,0.9769735656676448,0.00013045129795649082,0.0007309786542404104,0.037407963446171734,7.50151764069242e-33,,0.0019009521966614554,6.462042972199212e-05,6.137859080908611e-05,,,7.50151764069242e-33,9.079301836186854e-06,,,1.8710709004500098e-05,7.50151764069242e-33,,7.50151764069242e-33,,7.50151764069242e-33
1989,7.037932657632311e-05,,,,,0.011196984704349173,1.3700343130337395e-33,0.00022822345792793597,,0.010842116317317978,,,1.7547021255937585e-05,1.777402442973282e-05,,,0.001131161105739042,,1.3700343130337395e-33,,2.7542973277360268e-05,,0.0001968996295776593,9.640038254355426e-05,0.0006407118229886774,1.3700343130337395e-33,,1.029211563757305e-05,1.0429391323724094e-05,,1.3700343130337395e-33,0.0036562270955654255,0.00011897882783682846,0.0005926445911516074,0.001430510265055245,0.005954488568059447,,0.030957660448108427,,6.962210187959542e-06,0.002280367494496401,0.00017218969934734832,1.3700343130337395e-33,,0.002118459276435877,,1.3707633362599503e-05,,1.6717620153794448e-08,,0.00020236655216756102,1.0407778611737225e-05,,0.00844932931328407,0.0004712279156524496,,,4.181254936531228e-05,,0.00010042956548478408,,1.3700343130337395e-33,,,1.3700343130337395e-33,2.2857646628059733e-05,1.3700343130337395e-33,0.0009358051997356979,1.3700343130337395e-33,,,7.398585091959834e-05,0.1826211611232665,4.523559279071849e-05,9.145059661693678e-05,,6.654682509055759e-05,,8.056112829438657e-05,0.07068585667529001,8.688274625942146e-07,2.436287556441492e-05,,0.004259185538930526,1.3700343130337395e-33,0.00031490939468374623,1.3700343130337395e-33,0.011502050025927123,,,,1.3700343130337395e-33,1.3700343130337395e-33,0.02922561475852873,1.7338725956267162e-05,0.00030000198606639823,,0.0011507200992406505,,,1.3700343130337395e-33,1.3700343130337395e-33,1.3700343130337395e-33,2.439788400163828e-05,0.00017214508829839194,3.212114051881577e-05,0.004774632123148755,,,4.313891097388939e-06,1.7177512939784616e-05,6.853840678246231e-06,6.716547282020475e-05,4.106663862247995e-06,,1.3700343130337395e-33,,1.3700343130337395e-33,,3.3604994145208686e-05,,1.3700343130337395e-33,0.00010684118848653118,9.987550142015961e-31,0.0006360665563712279,0.0003859211983626617,1.3700343130337395e-33,0.0016219894304800306,6.853816681299752e-06,,,,0.0032531881912705395,7.6203165573933675e-06,,0.0005177519902863171,,,6.853816681299752e-06,0.9787511675392436,0.00010611333146799604,0.0010755721796491618,0.03627667839928124,1.3700343130337395e-33,1.3700343130337395e-33,0.0015492638542735678,0.00010492254362195223,7.233010918762836e-05,1.3700343130337395e-33,,,1.3700343130337395e-33,3.426908340649876e-06,,2.1062984373375214e-05,1.3700343130337395e-33,,2.157624905235595e-05,1.3700343130337395e-33,1.3700343130337395e-33
1990,5.5285951148614856e-05,,,,,0.010389207988364239,4.347347733644267e-06,0.0003195235550129071,,0.011383926108765681,,,3.574406481116789e-06,3.3407585788422754e-05,,,0.0010939094425619538,,1.7420628566660978e-33,,1.7420628566660978e-33,1.7420628566660978e-33,0.00015980420091780192,0.00016458250370695487,0.0005802297160155131,,,1.7420628566660978e-33,7.724761114638819e-06,,2.2698417960494656e-05,0.0032371471815679427,0.00016204085614503476,0.000425071414085318,0.001974046351283813,0.005889175769749012,,0.029083329417267302,1.7420628566660978e-33,1.7420628566660978e-33,0.002002248200570331,0.0002269446348838414,1.7420628566660978e-33,1.7420628566660978e-33,0.0028803043431917794,,1.7420628566660978e-33,,1.7420628566660978e-33,,3.948566696488681e-05,3.346446797736645e-05,,0.008691638966352921,0.00038612251670327416,,,2.9010592209421765e-05,,3.2894806467449916e-05,,1.7420628566660978e-33,,,,5.74732001490444e-05,,0.0006002500862126413,1.7420628566660978e-33,,,7.148812962233578e-06,0.17750656819071048,1.494629723207144e-05,0.0001747247903219216,,4.6467453706510114e-05,,1.7167049678344517e-05,0.06534075552047912,1.9027912547890994e-05,1.8426788814230622e-05,1.7420628566660978e-33,0.004348582828232025,1.7420628566660978e-33,0.00027151307402337275,1.7420628566660978e-33,0.012123717036722973,,,,1.5114255366795416e-05,1.7420628566660978e-33,0.029599900027096112,1.7420628566660978e-33,0.00015025065603744192,,0.0012174424940106336,,,,1.7420628566660978e-33,1.7420628566660978e-33,3.236414561640228e-05,8.544923527151912e-05,6.881501668205794e-05,0.006629721807370841,1.7420628566660978e-33,,,1.7420628566660978e-33,1.4531105957777583e-05,4.9134291425284015e-06,1.7420628566660978e-33,,1.7420628566660978e-33,,1.7420628566660978e-33,,0.00010508863784356609,,,0.00026434101679850255,1.7420628566660978e-33,0.0005619238216093587,0.0003472922240019871,1.7420628566660978e-33,0.0014070619086093722,1.7420628566660978e-33,,,,0.002876181162570274,1.4297625924467156e-05,,0.0007322918466196778,,,1.4535915131685292e-05,0.9801596170333753,9.233678915043882e-05,0.0008536008360727724,0.034423727429521996,1.7420628566660978e-33,1.7420628566660978e-33,0.0013082551054018645,4.67968619930136e-05,4.7561326073388296e-05,,,,2.1446438886700736e-05,1.7420628566660978e-33,,,1.7420628566660978e-33,,4.657522785895889e-05,1.7420628566660978e-33,
1991,2.296692598835894e-05,9.47344799245376e-34,,,,0.009312843600861589,9.726903057149176e-06,0.00018468282342567468,,0.010093179318812824,,,4.8812464121258074e-06,9.47344799245376e-34,,,0.0016689875140794511,,9.47344799245376e-34,,2.9377752302365074e-05,,0.00016669477465882128,0.00014785802728756718,0.0005424221870118523,,,6.48319732222419e-06,,,2.67056230775062e-05,0.0029179731691643964,7.508727066162839e-05,0.000402557928637549,0.0032115688495695776,0.006214142689102428,,0.028556007603937412,9.47344799245376e-34,9.47344799245376e-34,0.002409082616222974,0.0002602026237702075,,,0.0031608489232469736,,9.47344799245376e-34,,9.47344799245376e-34,,0.00011381317965514062,9.47344799245376e-34,,0.006637130183683335,0.0005022916595245572,,,9.47344799245376e-34,,9.92136345277473e-05,,9.47344799245376e-34,,,9.47344799245376e-34,1.97471529196154e-05,9.47344799245376e-34,0.0006387758751016763,6.48319732222419e-06,,,9.726562426297009e-06,0.16566450450019202,9.47344799245376e-34,6.875485171295075e-05,,1.296639464444838e-05,,7.887999868803827e-05,0.06164918117765616,2.3117401792159272e-05,8.987101739948098e-05,,0.0046979879875138,9.47344799245376e-34,0.00021360589323531485,9.47344799245376e-34,0.01060435616603978,,6.5164915731316e-06,,1.0066177246335529e-05,6.48319732222419e-06,0.02874895045766099,9.47344799245376e-34,0.000171277069889852,,0.0011053609551951345,,,,9.47344799245376e-34,9.47344799245376e-34,1.3169758996804602e-05,4.9834243079621594e-05,9.299466171635039e-05,0.007443525880011562,,,,2.617565106776808e-05,1.6207993305560477e-05,1.9730037676198e-05,9.47344799245376e-34,,9.47344799245376e-34,,9.47344799245376e-34,,2.7127911882285884e-05,6.578028888410013e-06,,0.00032745319550398584,9.47344799245376e-34,0.0005257870448922681,0.00035891979217639276,1.6207993305560477e-05,0.001122110263701851,9.47344799245376e-34,,,,0.002443906263615299,0.00015215082987148472,,0.0004658149824282305,,,9.47344799245376e-34,0.9827160335375122,0.00010816276533832495,0.0006992057673724404,0.029512577880495203,,9.47344799245376e-34,0.001082408115412132,7.453165795402943e-05,7.22876734892142e-05,,,,2.670459644472178e-05,2.2896289339776157e-05,,9.47344799245376e-34,9.47344799245376e-34,,5.186557857779352e-05,,9.47344799245376e-34
1992,8.687808180486023e-05,1.80357371610235e-05,,,,0.008074154195799184,3.12464347345999e-06,5.91284155763034e-05,,0.010532310027251366,,5.988086816907414e-34,1.5794123686032558e-05,5.988086816907414e-34,,,0.001318513392749017,,5.988086816907414e-34,,5.988086816907414e-34,,0.00020025278128451822,0.00017969928605664846,0.00034098552293113126,,5.988086816907414e-34,5.988086816907414e-34,,,6.172053215972893e-05,0.003006275548494968,3.829705555009937e-05,0.00025843176359536694,0.0036804970979990876,0.00504598023335874,,0.02746700728984528,,5.988086816907414e-34,0.0019307181065623233,0.0001320536196482606,5.988086816907414e-34,,0.0031512819326419677,,1.2023041134441461e-05,,3.1416795797615115e-06,,5.338067054661223e-05,1.526893089688976e-05,,0.006295857262661296,0.0004305106833884764,,,1.3049452399287989e-05,,3.122813865501324e-05,,5.988086816907414e-34,,,5.988086816907414e-34,5.794802218208718e-05,5.988086816907414e-34,0.000492549697301102,5.988086816907414e-34,5.988086816907414e-34,,1.2023041134441461e-05,0.16793241457546298,6.098526777268165e-06,3.952408206836621e-05,5.988086816907414e-34,1.8232455896670093e-05,,6.0115205672207306e-06,0.055166538381112386,9.213674614266965e-06,6.166938306697604e-05,,0.003907999679288637,3.91910919806789e-05,0.0002443818932390823,5.463851734602999e-05,0.00954250952565575,,,5.988086816907414e-34,5.988086816907414e-34,5.988086816907414e-34,0.028451204469184248,5.988086816907414e-34,0.0004469528903302074,,0.00038437109335376634,,,,5.988086816907414e-34,5.988086816907414e-34,1.5028801418051826e-05,0.00011948334493326956,8.257586692383146e-05,0.008400851072745219,,,,1.6132585247720214e-05,5.988086816907414e-34,2.8787196456115865e-05,5.988086816907414e-34,,2.138140520637269e-05,,5.988086816907414e-34,,0.00011125180114613002,9.191293270925965e-06,,0.00013287690410342608,5.988086816907414e-34,0.0005636030690252412,0.0005273233358445956,5.988086816907414e-34,0.0009460623241800874,5.988086816907414e-34,,,,0.002806485739577371,6.984152520110136e-05,,0.0007702095344693338,,5.988086816907414e-34,5.988086816907414e-34,0.982889535087781,8.797944458145884e-05,0.0007172336171171849,0.025511897459393633,,6.139232014288566e-08,0.000980863791270847,9.0258635338291e-06,2.161041466564355e-05,,,,5.988086816907414e-34,,,5.136504955814997e-07,3.0057602836103653e-06,,1.803456170166219e-05,5.988086816907414e-34,
1993,9.329199238672024e-06,,,,,0.007259678375539405,3.902673135992519e-34,0.0001107858957986493,,0.01058804868896835,,3.902673135992519e-34,3.902673135992519e-34,2.010632825714053e-05,,,0.0011883485302765968,3.732944080467537e-05,3.902673135992519e-34,,2.952363763081674e-06,,0.000265294232896336,8.98456322575303e-05,0.0005003793294618519,,,2.813095431637273e-06,,,2.807687120643131e-05,0.0031263379938715917,3.975768185698129e-05,0.00038001208853066516,0.00517714709403882,0.004331202111007782,,0.025072117440151837,,3.902673135992519e-34,0.0019025630954846028,0.00022116552858559202,3.902673135992519e-34,,0.002383168410005736,,3.902673135992519e-34,,1.1329035623327253e-05,,4.9483941448034846e-05,3.902673135992519e-34,,0.006196046772581779,0.0005495776022094969,,,4.0357525856016534e-05,,2.014219973013938e-05,8.189546629587037e-05,3.902673135992519e-34,2.8326570884040984e-05,2.807671111384172e-06,3.902673135992519e-34,2.943460254619571e-05,3.902673135992519e-34,0.0003248286783875193,3.902673135992519e-34,3.902673135992519e-34,,1.1393034046064491e-05,0.15873313699709007,3.902673135992519e-34,6.496447826357564e-05,,2.660331601346152e-05,,3.902673135992519e-34,0.050745624758333926,1.1230684445536688e-05,0.00020086685781046124,3.902673135992519e-34,0.003919922783786029,3.902673135992519e-34,0.0002846622591104594,3.902673135992519e-34,0.008151712057443845,1.8451465933307206e-05,,,1.4636929603315505e-05,1.9725180795160193e-05,0.028110433739071437,3.902673135992519e-34,0.00045438499057702,,0.00063237176205914,,,,,8.423013334152515e-06,1.69318556060495e-05,1.7068909687015013e-05,4.8665857454536264e-05,0.008691926179329951,1.418303979139208e-05,,,3.260301588835503e-06,1.4251203363079961e-05,3.902673135992519e-34,3.902673135992519e-34,,3.902673135992519e-34,,3.902673135992519e-34,,2.7314010962766217e-05,,,0.00023631364525947707,3.902673135992519e-34,0.0003985492633782036,0.0006260082099200723,7.426436799943623e-06,0.0010592581956143253,7.186081461281438e-06,,3.902673135992519e-34,,0.0020611964627623844,0.00019910678143938214,,0.0006277954965714544,,2.8878151478690144e-06,1.1310828482021529e-05,0.9847850191670409,5.895599686193384e-05,0.0005806600105413754,0.023907968538492617,3.902673135992519e-34,1.403835555692086e-05,0.0012925415269476952,1.699075934303585e-05,7.352765041244529e-05,,,5.615342222768344e-06,3.902673135992519e-34,,,8.567697568623735e-06,3.902673135992519e-34,,2.2529532462761254e-05,3.902673135992519e-34,
1994,9.922334898637706e-06,,4.7009812724663566e-05,,,0.006872852700680393,1.6885820916615144e-34,0.00011653324354666514,,0.008954490970066214,,,1.469859081358642e-05,4.078672000650747e-05,,,0.001018178590281462,2.0219279940090966e-05,1.6885820916615144e-34,1.2348716474711778e-05,2.694144960772416e-05,5.590221695401088e-06,0.00040146573148604523,0.00012173306934234997,0.0004423553932679945,,,1.6885820916615144e-34,1.6885820916615144e-34,,1.6885820916615144e-34,0.002549120558414483,2.1602529157955285e-05,0.00025092609785987055,0.005647521249231561,0.0050550363612442495,,0.02175495546946841,,1.6885820916615144e-34,0.0016631661075617807,0.00024760534179583255,,1.6885820916615144e-34,0.002515795944970976,,4.179066046582756e-05,,1.9739936523268538e-05,,3.4743270426038497e-07,1.6885820916615144e-34,7.349349059730563e-06,0.00647547891265423,0.0004567893202099921,2.8910043447187435e-06,0.0001506258238633717,2.7108964314824395e-05,,1.2447512989746884e-05,2.4476781434401584e-06,,,,,2.0152100927983035e-05,,0.00022422552176780948,1.543205365239671e-05,1.6885820916615144e-34,,6.685316887048886e-05,0.14023886685077228,1.6885820916615144e-34,7.938860825862593e-05,1.6885820916615144e-34,3.83790858960205e-05,,7.453360187831461e-06,0.04453641442864589,1.511764322780946e-05,0.00023821149525876016,1.6885820916615144e-34,0.004310809653634322,,0.00012667897817384005,1.6885820916615144e-34,0.007833106218527177,0.00030415815073764303,1.6885820916615144e-34,,1.0186654013403755e-05,1.6885820916615144e-34,0.0255494016772436,1.6885820916615144e-34,0.00044683890782016455,1.0485577982281404e-05,0.0005008334469566204,,,,1.6885820916615144e-34,1.6885820916615144e-34,3.06491821630889e-05,0.00013375775389023987,2.7388012255465607e-05,0.010124283014578636,4.9714285965772135e-06,2.2181805044863574e-08,,1.6885820916615144e-34,1.6885820916615144e-34,3.866499597754925e-05,1.6885820916615144e-34,,2.2185232562083444e-05,,1.6885820916615144e-34,,0.00014574040631825129,,,0.000256137110177296,1.6885820916615144e-34,0.00033360643791652776,0.0005669819176663853,2.4476781434401584e-06,0.0008847367560295354,4.428509014035091e-05,,,1.6885820916615144e-34,0.001991477506431038,7.054169394107652e-05,1.7670055537140915e-05,0.000685574701879201,,1.9928857851781655e-05,3.181981586472206e-05,0.9881107114386702,0.00015993269777237363,0.000640617923884041,0.020636335831802386,1.6885820916615144e-34,1.2332224309317416e-05,0.001170301053265507,3.251906457944514e-05,7.637388207095828e-05,,1.2630187031550906e-05,1.6885820916615144e-34,1.6885820916615144e-34,,,1.0003277097741609e-05,1.6885820916615144e-34,,1.2696149178972164e-05,1.6885820916615144e-34,
1995,3.925359427593988e-05,,1.530434809395948e-05,,1.0958957737190578e-34,0.006214956423344004,2.083259982482991e-05,7.035051093263015e-05,2.2860247877944182e-05,0.007861321270736491,,,2.5336097103193917e-05,1.2379060579218679e-05,,,0.001121656807749046,1.0999278735538349e-05,9.124413088635078e-06,1.0958957737190578e-34,6.843309816476309e-06,,0.0002633251213087534,0.00011571884687744211,0.000696253994075758,,1.0958957737190578e-34,1.438720140385602e-05,1.0958957737190578e-34,,9.124413088635078e-06,0.0028476336456933066,4.2020928005005076e-05,0.0002461755124192176,0.006556443366311036,0.004856946157238501,4.3107291058183356e-06,0.02128789624371805,,1.0958957737190578e-34,0.0015312188683264888,6.507974444137364e-05,1.0958957737190578e-34,,0.002858992433786598,,1.0958957737190578e-34,,6.8923907614018e-06,,4.2735910495976645e-05,1.9454716988935973e-05,,0.007549145678155618,0.0005614962756931109,2.999321835017721e-06,6.888507623751611e-05,4.5843014120948275e-05,,6.173650014568144e-05,1.9305540575829555e-05,1.0958957737190578e-34,,,,3.026703754009822e-07,1.0958957737190578e-34,0.0002550604793377575,3.096831368821033e-05,,,1.0958957737190578e-34,0.1312649816778436,2.142455474548683e-05,6.455209327925944e-05,1.0958957737190578e-34,0.00014901749921719133,,9.124413088635078e-06,0.0417061695154585,5.342637312539698e-06,5.830150899619496e-05,,0.004612169064718207,1.0958957737190578e-34,0.00010753483581503112,1.0958957737190578e-34,0.007251830237794442,0.0009048387756413906,1.0958957737190578e-34,,2.2873244926950906e-05,1.0958957737190578e-34,0.02698370513405013,,0.0004659350446625236,2.2811032721587696e-06,0.00011786015688399687,,,,1.0958957737190578e-34,1.0958957737190578e-34,2.5296151411485542e-05,0.0002294237862983579,2.5208189890634687e-05,0.010673007721378011,1.0958957737190578e-34,,,2.28110327215877e-05,3.032584336371749e-07,3.9259615632757844e-05,1.0958957737190578e-34,,1.0958957737190578e-34,,1.0958957737190578e-34,,3.6589577371866224e-05,,1.0958957737190578e-34,0.00021722563979065533,1.0958957737190578e-34,0.00035138090815568286,0.0003330700058652061,1.0958957737190578e-34,0.0013438163595529526,1.0958957737190578e-34,,,,0.002039667821782462,6.540098749219582e-05,1.6265353755531624e-05,0.0009528398316488508,,1.0958957737190578e-34,1.0958957737190578e-34,0.9893960396389119,4.760125092154368e-05,0.0004150703725945852,0.022400035386412012,,2.303210973053512e-06,0.001159665437754372,1.8933165066937542e-05,1.83948434918344e-05,,,1.140551636079385e-05,2.2811032721587696e-06,1.8344984319858287e-05,4.562206544317539e-06,6.8923907614018e-06,,,1.0958957737190578e-34,1.0958957737190578e-34,1.0958957737190578e-34
1996,1.0029558442180665e-05,7.984187989862639e-07,9.146145603621606e-05,4.354395828922616e-35,,0.00616461700832669,2.7486336060837376e-05,4.2168497087694385e-05,9.80773994551837e-06,0.006637390365579603,,,2.4076457716515715e-05,4.354395828922616e-35,,,0.0010649569036248316,5.820107923243256e-05,4.354395828922616e-35,4.354395828922616e-35,9.794633528612378e-06,,0.0003050290234606166,6.940055179367944e-05,0.0002290683050445786,,,6.494027059626065e-06,4.354395828922616e-35,,7.60850549519031e-05,0.003160955756698032,2.010828171153391e-06,0.0003294479921306338,0.007189979575827834,0.004120099118827301,,0.017476796968081305,,1.175353643338287e-05,0.0017750257500910452,5.592081578981908e-05,4.354395828922616e-35,4.354395828922616e-35,0.0027769062214835277,1.4188296851697973e-05,4.354395828922616e-35,2.4497085896333282e-05,4.354395828922616e-35,2.322434175552096e-06,8.048616979372644e-05,1.207541802574096e-05,,0.007118972075654577,0.0005444986770446461,8.932592302572484e-06,9.29378072303556e-05,1.7943672418081574e-05,1.641389168335282e-05,5.612260426240731e-05,8.060432865174026e-06,4.354395828922616e-35,4.354395828922616e-35,,,1.3725710675928596e-05,,0.00020155238853693575,1.0093315802622611e-05,,1.98712929788339e-05,4.354395828922616e-35,0.12514133103395927,2.4473610308232284e-05,8.789893534645897e-05,,8.137650973228707e-05,6.1428157641937316e-06,1.2049205903403519e-05,0.037609731177735556,4.354395828922616e-35,2.21782076123713e-05,4.354395828922616e-35,0.005971743479916992,4.354395828922616e-35,5.662195133413842e-05,4.354395828922616e-35,0.006700757923287376,0.0007730704122568892,,,6.705273967240821e-05,4.354395828922616e-35,0.024356025761362875,4.354395828922616e-35,0.000847226205590392,1.5684633414825742e-05,0.00012272117425548548,,,,4.354395828922616e-35,4.354395828922616e-35,3.965532820345472e-06,0.00026123691137295527,8.472678459542975e-05,0.010216769502508518,,,4.354395828922616e-35,9.794613694485724e-06,4.354395828922616e-35,1.886426762464531e-05,,,4.354395828922616e-35,1.958922738897145e-06,4.354395828922616e-35,,1.2087609241398893e-05,4.354395828922616e-35,,0.0003040525849048308,4.354395828922616e-35,0.00040244256234543664,0.00039640289336901436,1.2364378057734387e-05,0.0009027516903486068,4.354395828922616e-35,,,,0.0018907740776448409,0.00010546393952342999,3.930971728826937e-06,0.0008893933713797251,2.239757185496505e-06,4.354395828922616e-35,5.1969675899289333e-05,0.990559823651888,0.000137155512916612,0.001099608211632411,0.01998570102707818,,2.211917632860601e-06,0.001029936317454228,2.3823700789098747e-05,2.7689985114501046e-05,,4.354395828922616e-35,,2.5548724150762212e-05,,,4.354395828922616e-35,4.354395828922616e-35,,7.87521473864011e-06,4.354395828922616e-35,
1997,1.3106306045105699e-05,1.8464630977903053e-05,3.1485844138608624e-05,1.448732487883209e-29,,0.005589027329068244,1.448732487883209e-29,3.5982118261592944e-05,,0.006876600825848827,,,2.397690888518575e-05,1.8092468472627897e-05,2.691918942298229e-07,,0.0012081520584792372,4.039129160905591e-05,7.212572441638267e-06,1.448732487883209e-29,1.448732487883209e-29,,0.00024002060758822598,3.2142833912948635e-05,0.0006047749447692091,1.448732487883209e-29,,1.448732487883209e-29,,5.409419501411048e-06,7.073729563233648e-05,0.003022369139581494,3.0099641154931977e-05,0.00021754100867231089,0.008033320283133675,0.004046684873825385,1.448732487883209e-29,0.016800325953632816,,1.448732487883209e-29,0.002191183198494267,6.951247371951485e-05,,1.448732487883209e-29,0.002543556752181263,,3.44637616723831e-05,,1.3642502987191415e-05,9.155286500026861e-06,3.991190344702896e-05,1.3272620269286606e-05,2.5184721068440225e-06,0.0062858386118458094,0.0005193119141445727,5.071786690189234e-05,5.160799165406072e-05,3.8143667326487305e-06,,0.0009171405742430424,6.389376340710516e-05,,,,1.448732487883209e-29,7.219913629710246e-06,1.448732487883209e-29,0.00010553852070917366,1.448732487883209e-29,1.448732487883209e-29,,1.448732487883209e-29,0.1122204479554399,1.448732487883209e-29,8.623123542184038e-05,,3.871728229429638e-05,1.1770851921187267e-05,1.6705330174076383e-05,0.03520270100056455,2.211349494029937e-06,3.534331842110217e-05,,0.0065122109206652385,1.448732487883209e-29,0.00013805953825385045,1.448732487883209e-29,0.006103184557967544,0.0008725080267354074,,,1.269096308921244e-05,1.8031398338036828e-06,0.025068523566735973,1.448732487883209e-29,0.0007264510633564175,,6.727089856982488e-05,,,,,1.448732487883209e-29,0.00010042858940099128,0.00021740519866075343,9.04533745272404e-05,0.010703020004805375,1.448732487883209e-29,,1.448732487883209e-29,1.0840224768544298e-05,1.448732487883209e-29,1.4436543359054563e-05,1.448732487883209e-29,,7.280574538829753e-05,,1.448732487883209e-29,,6.873995429576559e-05,,1.448732487883209e-29,0.0004106669244495593,1.8033031196856477e-06,0.0006372291612019858,0.00041783364970736315,1.8772860581404885e-06,0.0007996429032004365,1.6242645414204406e-05,,,,0.0018123355064753332,0.0001959060276264037,,0.0006745662401667018,,1.2710057409893773e-05,2.9148865110566757e-05,0.9921627602435988,9.875350927888059e-05,0.0009141902268386791,0.02108798808958993,,1.448732487883209e-29,0.0009715813021254672,8.985236258507232e-05,2.7764194209625524e-05,1.448732487883209e-29,,,1.448732487883209e-29,1.0868258872907556e-05,2.493353952253894e-05,7.416664165327858e-06,1.448732487883209e-29,,1.448732487883209e-29,1.448732487883209e-29,
1998,4.526421778182738e-05,1.6171344673460015e-05,5.971582522795231e-05,,,0.006044662387397857,5.314115564560484e-06,4.363395933635411e-05,,0.006712502688454754,,,1.369211438153663e-05,4.222304598229148e-36,,,0.001001031109788422,7.691541434402715e-05,6.6426444557006036e-06,,4.222304598229148e-36,,0.0002782186270220021,8.053609228343364e-05,0.00034544793545665536,,,3.985586673420363e-06,4.222304598229148e-36,,3.6687182719931094e-05,0.003585919402292927,8.009298028099047e-06,0.00014293998804748974,0.011993479233257023,0.004529363420518718,,0.015394192081305144,,3.126298731675951e-05,0.002128421466922275,2.0373622894572862e-05,,,0.0027297112580515217,,1.082761955479584e-05,4.222304598229148e-36,1.5317985202158302e-06,4.222304598229148e-36,7.209295534600025e-05,9.359664624402178e-06,2.7353394111520524e-06,0.007141212039668976,0.00040159423217384327,5.425842864430825e-05,6.361647168543032e-05,5.89007647335423e-05,,0.0005472316801053562,3.118003352536353e-05,4.222304598229148e-36,4.222304598229148e-36,4.222304598229148e-36,4.222304598229148e-36,4.185973159979775e-06,,0.00028157369794121147,4.222304598229148e-36,4.222304598229148e-36,4.222304598229148e-36,1.3735753368252132e-05,0.11087790203103735,0.00010703697267599271,2.9152610153070837e-05,4.222304598229148e-36,8.905051326659754e-05,1.1966321394778923e-05,1.7402070904905733e-05,0.03488525829602792,4.222304598229148e-36,6.096906357952024e-05,,0.006367890895402704,,5.6113021326156474e-05,4.222304598229148e-36,0.005590613624199254,0.0012604277748800136,4.222304598229148e-36,,4.3031335528616215e-06,4.222304598229148e-36,0.024497049411987055,4.222304598229148e-36,0.0006484010354293878,4.222304598229148e-36,3.164445117827605e-05,,,,4.222304598229148e-36,4.222304598229148e-36,1.2105270170165472e-05,0.00012536482492107677,2.6019988404159262e-05,0.012078572330533171,4.222304598229148e-36,4.222304598229148e-36,4.222304598229148e-36,2.657057782280242e-06,4.222304598229148e-36,4.222304598229148e-36,4.222304598229148e-36,,5.314653254467897e-06,1.328528891140121e-06,4.222304598229148e-36,4.222304598229148e-36,3.593536585134541e-05,4.222304598229148e-36,4.222304598229148e-36,0.0004327927535712262,4.222304598229148e-36,0.00059713552153335,0.0005120477749563929,4.222304598229148e-36,0.0007638955417122028,6.647445669677991e-06,1.4769966719937542e-06,,,0.0014389472298222646,8.676320481320537e-05,9.408717070066769e-06,0.0011956450609023504,1.331808774142225e-05,3.089714272787077e-05,3.4986698430677097e-05,0.9922613854410329,8.016757414545048e-05,0.0008499025855978154,0.02278583500046528,1.328528891140121e-06,6.183395320197719e-08,0.0010938984711969183,3.3012653342491295e-05,1.8060553980932437e-05,,,6.739716473064246e-06,4.222304598229148e-36,1.464661663256237e-05,3.2187594149318045e-05,1.21708254611568e-05,,5.509291945047709e-06,1.0628231129120968e-05,4.222304598229148e-36,
1999,5.2999203361019144e-05,1.2967292352507618e-05,3.275137594933384e-05,,,0.005430287499010159,7.642801841831203e-06,2.3704191121456716e-05,2.1477831581209982e-30,0.0059847467152250935,2.462283113603974e-06,,1.897061421255133e-05,2.1477831581209982e-30,3.6934246704059613e-06,1.9484779688721653e-08,0.0009517759100347993,4.2757112734458756e-05,2.1477831581209982e-30,,2.1477831581209982e-30,2.1477831581209982e-30,0.000228204639245402,7.781424794773285e-05,0.0005386293147434922,,2.1477831581209982e-30,6.155707784009935e-06,8.90697133993276e-06,,6.4508667918037486e-06,0.003006709188365234,8.649777687408611e-06,0.00022368659257694637,0.013070521351243206,0.004587090478740206,3.869397297255572e-06,0.015706969451890828,1.2797625050964012e-07,4.924566227207948e-06,0.0018382580721567944,2.2747369553267e-05,,,0.0028753304667441613,,1.725545420193627e-05,,1.0063510301791334e-05,2.1477831581209982e-30,6.078528771931503e-05,2.907985104448281e-06,2.3517982798446844e-11,0.007122211577027328,0.0004824708753381246,8.976162866977995e-05,7.406328370242865e-05,0.00010628059831873645,,0.0005987259301741654,4.7275997132040007e-05,2.1477831581209982e-30,,,1.9933676636690786e-05,6.363101095626197e-05,,0.00018786035123687534,4.924566227207948e-06,2.1477831581209982e-30,1.3679200103596437e-05,3.6853146362737164e-05,0.1031587607226198,8.169907762750741e-05,4.16877111303236e-05,3.8476965014138556e-06,0.00011078398516186167,1.6004354481620694e-05,5.052548741582093e-06,0.033535887883819615,1.3591178073116272e-06,8.57544251748376e-05,2.1477831581209982e-30,0.005518775157467738,2.1477831581209982e-30,8.86587393837098e-05,2.715472445865204e-05,0.0054539167256901075,0.0010859625981049495,2.1477831581209982e-30,2.1477831581209982e-30,2.0309563061351716e-05,2.1477831581209982e-30,0.02564172181974294,2.1477831581209982e-30,0.0009561085212236275,6.155707784009935e-06,9.981160078901967e-06,,,,2.1477831581209982e-30,8.74596714812355e-06,6.583427665600548e-05,8.636152014234241e-05,8.677613727262237e-05,0.013176483101822374,2.1477831581209982e-30,2.462283113603974e-06,2.1477831581209982e-30,2.1477831581209982e-30,8.625410614593743e-06,1.2719455957192322e-05,1.1080274011217883e-05,1.7291787555655e-05,2.1477831581209982e-30,2.1477831581209982e-30,2.1477831581209982e-30,,3.015167917923204e-05,2.1477831581209982e-30,2.1477831581209982e-30,0.00045242351849327184,2.462290003866189e-06,0.0005819820747944282,0.0005172751099296989,1.7372921563468433e-05,0.0007069271577359091,1.6139598043818483e-05,1.4364314434745258e-06,,,0.0017272804630325876,0.0001511589621782623,2.855041605770728e-06,0.0009234837895376019,2.1477831581209982e-30,1.6012259955405663e-05,6.197287182866446e-06,0.9931291953594464,0.00012529242209848555,0.0007513131753515773,0.02121105182219642,2.1477831581209982e-30,2.1477831581209982e-30,0.001264768705434407,5.5551059320342035e-06,4.170074392389279e-05,,7.3868493408119226e-06,1.4870959033659324e-06,3.840873327624052e-06,2.1477831581209982e-30,6.325263433376086e-06,2.1477831581209982e-30,2.1477831581209982e-30,,1.8593938985174702e-05,1.2641694981015567e-06,
